v -0.002053 0.052326 -0.125405
v 0.000000 0.052326 -0.125485
v 0.000000 0.050193 -0.127457
v -0.002130 0.050193 -0.127373
v -0.004105 0.052326 -0.125324
v -0.004260 0.050193 -0.127290
v 0.000000 0.048059 -0.129429
v -0.002207 0.048059 -0.129342
v -0.004415 0.048059 -0.129256
v 0.000000 -0.050193 -0.127457
v 0.000000 -0.052326 -0.125485
v -0.002053 -0.052326 -0.125405
v -0.002130 -0.050193 -0.127374
v 0.000000 -0.048059 -0.129429
v -0.002207 -0.048059 -0.129342
v -0.004105 -0.052326 -0.125324
v -0.004260 -0.050193 -0.127290
v -0.004415 -0.048059 -0.129256
v 0.002053 0.052326 -0.125405
v 0.002130 0.050193 -0.127374
v 0.002207 0.048059 -0.129342
v 0.004105 0.052326 -0.125324
v 0.004260 0.050193 -0.127290
v 0.004415 0.048059 -0.129256
v 0.002053 -0.052326 -0.125405
v 0.002130 -0.050193 -0.127373
v 0.004105 -0.052326 -0.125324
v 0.004260 -0.050193 -0.127290
v 0.002207 -0.048059 -0.129342
v 0.004415 -0.048059 -0.129256
v -0.006146 0.052326 -0.125082
v -0.006377 0.050193 -0.127039
v -0.008186 0.052326 -0.124841
v -0.008494 0.050193 -0.126789
v -0.006609 0.048059 -0.128996
v -0.008803 0.048059 -0.128737
v -0.006146 -0.052326 -0.125082
v -0.006377 -0.050193 -0.127039
v -0.006609 -0.048059 -0.128996
v -0.008186 -0.052326 -0.124841
v -0.008494 -0.050193 -0.126789
v -0.008803 -0.048059 -0.128737
v 0.006146 0.052326 -0.125082
v 0.006377 0.050193 -0.127039
v 0.006609 0.048059 -0.128996
v 0.008186 0.052326 -0.124841
v 0.008494 0.050193 -0.126789
v 0.008803 0.048059 -0.128737
v 0.006146 -0.052326 -0.125082
v 0.006377 -0.050193 -0.127039
v 0.008186 -0.052326 -0.124841
v 0.008494 -0.050193 -0.126789
v 0.006609 -0.048059 -0.128996
v 0.008803 -0.048059 -0.128737
v -0.010200 0.052326 -0.124440
v -0.010585 0.050193 -0.126373
v -0.012215 0.052326 -0.124039
v -0.012676 0.050193 -0.125957
v -0.010969 0.048059 -0.128306
v -0.013136 0.048059 -0.127875
v -0.010200 -0.052326 -0.124440
v -0.010585 -0.050193 -0.126373
v -0.010969 -0.048059 -0.128306
v -0.012215 -0.052326 -0.124039
v -0.012676 -0.050193 -0.125957
v -0.013136 -0.048059 -0.127875
v 0.010200 0.052326 -0.124440
v 0.010585 0.050193 -0.126373
v 0.010969 0.048059 -0.128306
v 0.012215 0.052326 -0.124039
v 0.012676 0.050193 -0.125957
v 0.013136 0.048059 -0.127875
v 0.010200 -0.052326 -0.124440
v 0.010585 -0.050193 -0.126373
v 0.012215 -0.052326 -0.124039
v 0.012676 -0.050193 -0.125957
v 0.010969 -0.048059 -0.128306
v 0.013136 -0.048059 -0.127875
v -0.014192 0.052326 -0.123481
v -0.014727 0.050193 -0.125378
v -0.016170 0.052326 -0.122924
v -0.016779 0.050193 -0.124799
v -0.015262 0.048059 -0.127275
v -0.017388 0.048059 -0.126675
v -0.014192 -0.052326 -0.123481
v -0.014727 -0.050193 -0.125378
v -0.015262 -0.048059 -0.127275
v -0.016170 -0.052326 -0.122924
v -0.016779 -0.050193 -0.124799
v -0.017388 -0.048059 -0.126675
v 0.014192 0.052326 -0.123481
v 0.014727 0.050193 -0.125378
v 0.015262 0.048059 -0.127275
v 0.016170 0.052326 -0.122924
v 0.016779 0.050193 -0.124799
v 0.017388 0.048059 -0.126675
v 0.014192 -0.052326 -0.123481
v 0.014727 -0.050193 -0.125378
v 0.016170 -0.052326 -0.122924
v 0.016779 -0.050193 -0.124799
v 0.015262 -0.048059 -0.127275
v 0.017388 -0.048059 -0.126675
v -0.018097 0.052326 -0.122213
v -0.018779 0.050193 -0.124062
v -0.020024 0.052326 -0.121502
v -0.020779 0.050193 -0.123324
v -0.019461 0.048059 -0.125910
v -0.021534 0.048059 -0.125146
v -0.018097 -0.052326 -0.122213
v -0.018779 -0.050193 -0.124062
v -0.019461 -0.048059 -0.125910
v -0.020024 -0.052326 -0.121502
v -0.020779 -0.050193 -0.123324
v -0.021534 -0.048059 -0.125146
v 0.018097 0.052326 -0.122213
v 0.018779 0.050193 -0.124062
v 0.019461 0.048059 -0.125910
v 0.020024 0.052326 -0.121502
v 0.020779 0.050193 -0.123324
v 0.021534 0.048059 -0.125146
v 0.018097 -0.052326 -0.122213
v 0.018779 -0.050193 -0.124062
v 0.020024 -0.052326 -0.121502
v 0.020779 -0.050193 -0.123324
v 0.019461 -0.048059 -0.125910
v 0.021534 -0.048059 -0.125146
v -0.021890 0.052326 -0.120642
v -0.022715 0.050193 -0.122432
v -0.023756 0.052326 -0.119782
v -0.024651 0.050193 -0.121539
v -0.023540 0.048059 -0.124221
v -0.025546 0.048059 -0.123296
v -0.021890 -0.052326 -0.120642
v -0.022715 -0.050193 -0.122432
v -0.023540 -0.048059 -0.124221
v -0.023756 -0.052326 -0.119782
v -0.024651 -0.050193 -0.121539
v -0.025546 -0.048059 -0.123296
v 0.021890 0.052326 -0.120642
v 0.022715 0.050193 -0.122432
v 0.023540 0.048059 -0.124221
v 0.023756 0.052326 -0.119782
v 0.024651 0.050193 -0.121539
v 0.025546 0.048059 -0.123296
v 0.021890 -0.052326 -0.120642
v 0.022715 -0.050193 -0.122432
v 0.023756 -0.052326 -0.119782
v 0.024651 -0.050193 -0.121539
v 0.023540 -0.048059 -0.124221
v 0.025546 -0.048059 -0.123296
v -0.025548 0.052326 -0.118778
v -0.026511 0.050193 -0.120497
v -0.027340 0.052326 -0.117774
v -0.028371 0.050193 -0.119456
v -0.027474 0.048059 -0.122217
v -0.029401 0.048059 -0.121137
v -0.025548 -0.052326 -0.118778
v -0.026511 -0.050193 -0.120497
v -0.027474 -0.048059 -0.122217
v -0.027340 -0.052326 -0.117774
v -0.028371 -0.050193 -0.119456
v -0.029401 -0.048059 -0.121137
v 0.025548 0.052326 -0.118778
v 0.026511 0.050193 -0.120497
v 0.027474 0.048059 -0.122217
v 0.027340 0.052326 -0.117774
v 0.028371 0.050193 -0.119456
v 0.029401 0.048059 -0.121137
v 0.025548 -0.052326 -0.118778
v 0.026511 -0.050193 -0.120497
v 0.027340 -0.052326 -0.117774
v 0.028371 -0.050193 -0.119456
v 0.027474 -0.048059 -0.122217
v 0.029401 -0.048059 -0.121137
v -0.029048 0.052326 -0.116633
v -0.030143 0.050193 -0.118271
v -0.030756 0.052326 -0.115492
v -0.031916 0.050193 -0.117087
v -0.031238 0.048059 -0.119910
v -0.033075 0.048059 -0.118683
v -0.029048 -0.052326 -0.116633
v -0.030143 -0.050193 -0.118271
v -0.031238 -0.048059 -0.119910
v -0.030756 -0.052326 -0.115492
v -0.031916 -0.050193 -0.117087
v -0.033075 -0.048059 -0.118683
v 0.029048 0.052326 -0.116633
v 0.030143 0.050193 -0.118271
v 0.031238 0.048059 -0.119910
v 0.030756 0.052326 -0.115492
v 0.031916 0.050193 -0.117087
v 0.033075 0.048059 -0.118683
v 0.029048 -0.052326 -0.116633
v 0.030143 -0.050193 -0.118271
v 0.030756 -0.052326 -0.115492
v 0.031916 -0.050193 -0.117087
v 0.031238 -0.048059 -0.119910
v 0.033075 -0.048059 -0.118683
v -0.032370 0.052326 -0.114220
v -0.033590 0.050193 -0.115768
v -0.033983 0.052326 -0.112948
v -0.035264 0.050193 -0.114448
v -0.034810 0.048059 -0.117315
v -0.036545 0.048059 -0.115947
v -0.032370 -0.052326 -0.114220
v -0.033590 -0.050193 -0.115768
v -0.034810 -0.048059 -0.117315
v -0.033983 -0.052326 -0.112948
v -0.035264 -0.050193 -0.114448
v -0.036545 -0.048059 -0.115947
v 0.032370 0.052326 -0.114220
v 0.033590 0.050193 -0.115768
v 0.034810 0.048059 -0.117315
v 0.033983 0.052326 -0.112948
v 0.035264 0.050193 -0.114448
v 0.036545 0.048059 -0.115947
v 0.032370 -0.052326 -0.114220
v 0.033590 -0.050193 -0.115768
v 0.033983 -0.052326 -0.112948
v 0.035264 -0.050193 -0.114448
v 0.034810 -0.048059 -0.117315
v 0.036545 -0.048059 -0.115947
v -0.035492 0.052326 -0.111554
v -0.036829 0.050193 -0.113001
v -0.037000 0.052326 -0.110159
v -0.038394 0.050193 -0.111554
v -0.038167 0.048059 -0.114448
v -0.039789 0.048059 -0.112948
v -0.035492 -0.052326 -0.111554
v -0.036829 -0.050193 -0.113001
v -0.038167 -0.048059 -0.114448
v -0.037000 -0.052326 -0.110159
v -0.038394 -0.050193 -0.111554
v -0.039789 -0.048059 -0.112948
v 0.035492 0.052326 -0.111554
v 0.036829 0.050193 -0.113001
v 0.038167 0.048059 -0.114448
v 0.037000 0.052326 -0.110159
v 0.038394 0.050193 -0.111554
v 0.039789 0.048059 -0.112948
v 0.035492 -0.052326 -0.111554
v 0.036829 -0.050193 -0.113001
v 0.037000 -0.052326 -0.110159
v 0.038394 -0.050193 -0.111554
v 0.038167 -0.048059 -0.114448
v 0.039789 -0.048059 -0.112948
v -0.038394 0.052326 -0.108651
v -0.039841 0.050193 -0.109988
v -0.039789 0.052326 -0.107142
v -0.041289 0.050193 -0.108423
v -0.041289 0.048059 -0.111326
v -0.042788 0.048059 -0.109704
v -0.038394 -0.052326 -0.108651
v -0.039841 -0.050193 -0.109988
v -0.041289 -0.048059 -0.111326
v -0.039789 -0.052326 -0.107142
v -0.041289 -0.050193 -0.108423
v -0.042788 -0.048059 -0.109704
v 0.038394 0.052326 -0.108651
v 0.039841 0.050193 -0.109988
v 0.041289 0.048059 -0.111326
v 0.039789 0.052326 -0.107142
v 0.041289 0.050193 -0.108423
v 0.042788 0.048059 -0.109704
v 0.038394 -0.052326 -0.108651
v 0.039841 -0.050193 -0.109988
v 0.039789 -0.052326 -0.107142
v 0.041289 -0.050193 -0.108423
v 0.041289 -0.048059 -0.111326
v 0.042788 -0.048059 -0.109704
v -0.041061 0.052326 -0.105529
v -0.042608 0.050193 -0.106749
v -0.042333 0.052326 -0.103916
v -0.043928 0.050193 -0.105075
v -0.044156 0.048059 -0.107969
v -0.045523 0.048059 -0.106234
v -0.041061 -0.052326 -0.105529
v -0.042608 -0.050193 -0.106749
v -0.044156 -0.048059 -0.107969
v -0.042333 -0.052326 -0.103916
v -0.043928 -0.050193 -0.105075
v -0.045523 -0.048059 -0.106234
v 0.041061 0.052326 -0.105529
v 0.042608 0.050193 -0.106749
v 0.044156 0.048059 -0.107969
v 0.042333 0.052326 -0.103916
v 0.043928 0.050193 -0.105075
v 0.045523 0.048059 -0.106234
v 0.041061 -0.052326 -0.105529
v 0.042608 -0.050193 -0.106749
v 0.042333 -0.052326 -0.103916
v 0.043928 -0.050193 -0.105075
v 0.044156 -0.048059 -0.107969
v 0.045523 -0.048059 -0.106234
v -0.043474 0.052326 -0.102207
v -0.045112 0.050193 -0.103302
v -0.044615 0.052326 -0.100499
v -0.046297 0.050193 -0.101529
v -0.046751 0.048059 -0.104397
v -0.047978 0.048059 -0.102560
v -0.043474 -0.052326 -0.102207
v -0.045112 -0.050193 -0.103302
v -0.046751 -0.048059 -0.104397
v -0.044615 -0.052326 -0.100499
v -0.046297 -0.050193 -0.101529
v -0.047978 -0.048059 -0.102560
v 0.043474 0.052326 -0.102207
v 0.045112 0.050193 -0.103302
v 0.046751 0.048059 -0.104397
v 0.044615 0.052326 -0.100499
v 0.046297 0.050193 -0.101529
v 0.047978 0.048059 -0.102560
v 0.043474 -0.052326 -0.102207
v 0.045112 -0.050193 -0.103302
v 0.044615 -0.052326 -0.100499
v 0.046297 -0.050193 -0.101529
v 0.046751 -0.048059 -0.104397
v 0.047978 -0.048059 -0.102560
v -0.045619 0.052326 -0.098707
v -0.047338 0.050193 -0.099670
v -0.046623 0.052326 -0.096915
v -0.048380 0.050193 -0.097810
v -0.049058 0.048059 -0.100633
v -0.050137 0.048059 -0.098705
v -0.045619 -0.052326 -0.098707
v -0.047338 -0.050193 -0.099670
v -0.049058 -0.048059 -0.100633
v -0.046623 -0.052326 -0.096915
v -0.048380 -0.050193 -0.097810
v -0.050137 -0.048059 -0.098705
v 0.045619 0.052326 -0.098707
v 0.047338 0.050193 -0.099670
v 0.049058 0.048059 -0.100633
v 0.046623 0.052326 -0.096915
v 0.048380 0.050193 -0.097810
v 0.050137 0.048059 -0.098705
v 0.045619 -0.052326 -0.098707
v 0.047338 -0.050193 -0.099670
v 0.046623 -0.052326 -0.096915
v 0.048380 -0.050193 -0.097810
v 0.049058 -0.048059 -0.100633
v 0.050137 -0.048059 -0.098705
v -0.047483 0.052326 -0.095049
v -0.049272 0.050193 -0.095874
v -0.048343 0.052326 -0.093184
v -0.050165 0.050193 -0.093938
v -0.051062 0.048059 -0.096699
v -0.051987 0.048059 -0.094693
v -0.047483 -0.052326 -0.095049
v -0.049272 -0.050193 -0.095874
v -0.051062 -0.048059 -0.096699
v -0.048343 -0.052326 -0.093184
v -0.050165 -0.050193 -0.093938
v -0.051987 -0.048059 -0.094693
v 0.047483 0.052326 -0.095049
v 0.049272 0.050193 -0.095874
v 0.051062 0.048059 -0.096699
v 0.048343 0.052326 -0.093184
v 0.050165 0.050193 -0.093938
v 0.051987 0.048059 -0.094693
v 0.047483 -0.052326 -0.095049
v 0.049272 -0.050193 -0.095874
v 0.048343 -0.052326 -0.093184
v 0.050165 -0.050193 -0.093938
v 0.051062 -0.048059 -0.096699
v 0.051987 -0.048059 -0.094693
v -0.049054 0.052326 -0.091256
v -0.050903 0.050193 -0.091938
v -0.049765 0.052326 -0.089329
v -0.051640 0.050193 -0.089938
v -0.052751 0.048059 -0.092620
v -0.053516 0.048059 -0.090548
v -0.049054 -0.052326 -0.091256
v -0.050903 -0.050193 -0.091938
v -0.052751 -0.048059 -0.092620
v -0.049765 -0.052326 -0.089329
v -0.051640 -0.050193 -0.089938
v -0.053516 -0.048059 -0.090548
v 0.049054 0.052326 -0.091256
v 0.050903 0.050193 -0.091938
v 0.052751 0.048059 -0.092620
v 0.049765 0.052326 -0.089329
v 0.051640 0.050193 -0.089938
v 0.053516 0.048059 -0.090548
v 0.049054 -0.052326 -0.091256
v 0.050903 -0.050193 -0.091938
v 0.049765 -0.052326 -0.089329
v 0.051640 -0.050193 -0.089938
v 0.052751 -0.048059 -0.092620
v 0.053516 -0.048059 -0.090548
v -0.001885 0.056270 -0.121144
v 0.000000 0.056270 -0.121218
v 0.000000 0.054298 -0.123351
v -0.001969 0.054298 -0.123274
v -0.003771 0.056270 -0.121070
v -0.003938 0.054298 -0.123197
v 0.000000 -0.054298 -0.123351
v 0.000000 -0.056270 -0.121218
v -0.001885 -0.056270 -0.121144
v -0.001969 -0.054298 -0.123274
v -0.003771 -0.056270 -0.121070
v -0.003938 -0.054298 -0.123197
v 0.001885 0.056270 -0.121144
v 0.001969 0.054298 -0.123274
v 0.003771 0.056270 -0.121070
v 0.003938 0.054298 -0.123197
v 0.001885 -0.056270 -0.121144
v 0.001969 -0.054298 -0.123274
v 0.003771 -0.056270 -0.121070
v 0.003938 -0.054298 -0.123197
v -0.005644 0.056270 -0.120848
v -0.005895 0.054298 -0.122965
v -0.007518 0.056270 -0.120627
v -0.007852 0.054298 -0.122734
v -0.005644 -0.056270 -0.120848
v -0.005895 -0.054298 -0.122965
v -0.007518 -0.056270 -0.120627
v -0.007852 -0.054298 -0.122734
v 0.005644 0.056270 -0.120848
v 0.005895 0.054298 -0.122965
v 0.007518 0.056270 -0.120627
v 0.007852 0.054298 -0.122734
v 0.005644 -0.056270 -0.120848
v 0.005895 -0.054298 -0.122965
v 0.007518 -0.056270 -0.120627
v 0.007852 -0.054298 -0.122734
v -0.009369 0.056270 -0.120259
v -0.009785 0.054298 -0.122350
v -0.011219 0.056270 -0.119891
v -0.011717 0.054298 -0.121965
v -0.009369 -0.056270 -0.120259
v -0.009785 -0.054298 -0.122350
v -0.011219 -0.056270 -0.119891
v -0.011717 -0.054298 -0.121965
v 0.009369 0.056270 -0.120259
v 0.009785 0.054298 -0.122350
v 0.011219 0.056270 -0.119891
v 0.011717 0.054298 -0.121965
v 0.009369 -0.056270 -0.120259
v 0.009785 -0.054298 -0.122350
v 0.011219 -0.056270 -0.119891
v 0.011717 -0.054298 -0.121965
v -0.013035 0.056270 -0.119378
v -0.013614 0.054298 -0.121430
v -0.014851 0.056270 -0.118866
v -0.015510 0.054298 -0.120895
v -0.013035 -0.056270 -0.119378
v -0.013614 -0.054298 -0.121430
v -0.014851 -0.056270 -0.118866
v -0.015510 -0.054298 -0.120895
v 0.013035 0.056270 -0.119378
v 0.013614 0.054298 -0.121430
v 0.014851 0.056270 -0.118866
v 0.015510 0.054298 -0.120895
v 0.013035 -0.056270 -0.119378
v 0.013614 -0.054298 -0.121430
v 0.014851 -0.056270 -0.118866
v 0.015510 -0.054298 -0.120895
v -0.016621 0.056270 -0.118213
v -0.017359 0.054298 -0.120213
v -0.018391 0.056270 -0.117560
v -0.019208 0.054298 -0.119531
v -0.016621 -0.056270 -0.118213
v -0.017359 -0.054298 -0.120213
v -0.018391 -0.056270 -0.117560
v -0.019208 -0.054298 -0.119531
v 0.016621 0.056270 -0.118213
v 0.017359 0.054298 -0.120213
v 0.018391 0.056270 -0.117560
v 0.019208 0.054298 -0.119531
v 0.016621 -0.056270 -0.118213
v 0.017359 -0.054298 -0.120213
v 0.018391 -0.056270 -0.117560
v 0.019208 -0.054298 -0.119531
v -0.020105 0.056270 -0.116770
v -0.020997 0.054298 -0.118706
v -0.021818 0.056270 -0.115980
v -0.022787 0.054298 -0.117881
v -0.020105 -0.056270 -0.116770
v -0.020997 -0.054298 -0.118706
v -0.021818 -0.056270 -0.115980
v -0.022787 -0.054298 -0.117881
v 0.020105 0.056270 -0.116770
v 0.020997 0.054298 -0.118706
v 0.021818 0.056270 -0.115980
v 0.022787 0.054298 -0.117881
v 0.020105 -0.056270 -0.116770
v 0.020997 -0.054298 -0.118706
v 0.021818 -0.056270 -0.115980
v 0.022787 -0.054298 -0.117881
v -0.023465 0.056270 -0.115058
v -0.024506 0.054298 -0.116918
v -0.025111 0.056270 -0.114136
v -0.026226 0.054298 -0.115955
v -0.023465 -0.056270 -0.115058
v -0.024506 -0.054298 -0.116918
v -0.025111 -0.056270 -0.114136
v -0.026226 -0.054298 -0.115955
v 0.023465 0.056270 -0.115058
v 0.024506 0.054298 -0.116918
v 0.025111 0.056270 -0.114136
v 0.026226 0.054298 -0.115955
v 0.023465 -0.056270 -0.115058
v 0.024506 -0.054298 -0.116918
v 0.025111 -0.056270 -0.114136
v 0.026226 -0.054298 -0.115955
v -0.026680 0.056270 -0.113088
v -0.027864 0.054298 -0.114861
v -0.028249 0.056270 -0.112040
v -0.029502 0.054298 -0.113766
v -0.026680 -0.056270 -0.113088
v -0.027864 -0.054298 -0.114860
v -0.028249 -0.056270 -0.112040
v -0.029502 -0.054298 -0.113766
v 0.026680 0.056270 -0.113088
v 0.027864 0.054298 -0.114860
v 0.028249 0.056270 -0.112040
v 0.029502 0.054298 -0.113766
v 0.026680 -0.056270 -0.113088
v 0.027864 -0.054298 -0.114861
v 0.028249 -0.056270 -0.112040
v 0.029502 -0.054298 -0.113766
v -0.029730 0.056270 -0.110872
v -0.031050 0.054298 -0.112546
v -0.031212 0.056270 -0.109704
v -0.032597 0.054298 -0.111326
v -0.029730 -0.056270 -0.110872
v -0.031050 -0.054298 -0.112546
v -0.031212 -0.056270 -0.109704
v -0.032597 -0.054298 -0.111326
v 0.029730 0.056270 -0.110872
v 0.031050 0.054298 -0.112546
v 0.031212 0.056270 -0.109704
v 0.032597 0.054298 -0.111326
v 0.029730 -0.056270 -0.110872
v 0.031050 -0.054298 -0.112546
v 0.031212 -0.056270 -0.109704
v 0.032597 -0.054298 -0.111326
v -0.032597 0.056270 -0.108423
v -0.034044 0.054298 -0.109988
v -0.033983 0.056270 -0.107142
v -0.035492 0.054298 -0.108651
v -0.032597 -0.056270 -0.108423
v -0.034044 -0.054298 -0.109988
v -0.033983 -0.056270 -0.107142
v -0.035492 -0.054298 -0.108651
v 0.032597 0.056270 -0.108423
v 0.034044 0.054298 -0.109988
v 0.033983 0.056270 -0.107142
v 0.035492 0.054298 -0.108651
v 0.032597 -0.056270 -0.108423
v 0.034044 -0.054298 -0.109988
v 0.033983 -0.056270 -0.107142
v 0.035492 -0.054298 -0.108651
v -0.035264 0.056270 -0.105756
v -0.036829 0.054298 -0.107203
v -0.036545 0.056270 -0.104371
v -0.038167 0.054298 -0.105756
v -0.035264 -0.056270 -0.105756
v -0.036829 -0.054298 -0.107203
v -0.036545 -0.056270 -0.104371
v -0.038167 -0.054298 -0.105756
v 0.035264 0.056270 -0.105756
v 0.036829 0.054298 -0.107203
v 0.036545 0.056270 -0.104371
v 0.038167 0.054298 -0.105756
v 0.035264 -0.056270 -0.105756
v 0.036829 -0.054298 -0.107203
v 0.036545 -0.056270 -0.104371
v 0.038167 -0.054298 -0.105756
v -0.037713 0.056270 -0.102889
v -0.039387 0.054298 -0.104209
v -0.038881 0.056270 -0.101408
v -0.040607 0.054298 -0.102662
v -0.037713 -0.056270 -0.102889
v -0.039387 -0.054298 -0.104209
v -0.038881 -0.056270 -0.101408
v -0.040607 -0.054298 -0.102662
v 0.037713 0.056270 -0.102889
v 0.039387 0.054298 -0.104209
v 0.038881 0.056270 -0.101408
v 0.040607 0.054298 -0.102662
v 0.037713 -0.056270 -0.102889
v 0.039387 -0.054298 -0.104209
v 0.038881 -0.056270 -0.101408
v 0.040607 -0.054298 -0.102662
v -0.039929 0.056270 -0.099839
v -0.041701 0.054298 -0.101023
v -0.040977 0.056270 -0.098270
v -0.042796 0.054298 -0.099385
v -0.039929 -0.056270 -0.099839
v -0.041701 -0.054298 -0.101023
v -0.040977 -0.056270 -0.098270
v -0.042796 -0.054298 -0.099385
v 0.039929 0.056270 -0.099839
v 0.041701 0.054298 -0.101023
v 0.040977 0.056270 -0.098270
v 0.042796 0.054298 -0.099385
v 0.039929 -0.056270 -0.099839
v 0.041701 -0.054298 -0.101023
v 0.040977 -0.056270 -0.098270
v 0.042796 -0.054298 -0.099385
v -0.041899 0.056270 -0.096624
v -0.043759 0.054298 -0.097665
v -0.042821 0.056270 -0.094978
v -0.044722 0.054298 -0.095946
v -0.041899 -0.056270 -0.096624
v -0.043759 -0.054298 -0.097665
v -0.042821 -0.056270 -0.094978
v -0.044722 -0.054298 -0.095946
v 0.041899 0.056270 -0.096624
v 0.043759 0.054298 -0.097665
v 0.042821 0.056270 -0.094978
v 0.044722 0.054298 -0.095946
v 0.041899 -0.056270 -0.096624
v 0.043759 -0.054298 -0.097665
v 0.042821 -0.056270 -0.094978
v 0.044722 -0.054298 -0.095946
v -0.043611 0.056270 -0.093264
v -0.045547 0.054298 -0.094157
v -0.044401 0.056270 -0.091551
v -0.046372 0.054298 -0.092367
v -0.043611 -0.056270 -0.093264
v -0.045547 -0.054298 -0.094157
v -0.044401 -0.056270 -0.091551
v -0.046372 -0.054298 -0.092367
v 0.043611 0.056270 -0.093264
v 0.045547 0.054298 -0.094157
v 0.044401 0.056270 -0.091551
v 0.046372 0.054298 -0.092367
v 0.043611 -0.056270 -0.093264
v 0.045547 -0.054298 -0.094157
v 0.044401 -0.056270 -0.091551
v 0.046372 -0.054298 -0.092367
v -0.045054 0.056270 -0.089781
v -0.047054 0.054298 -0.090518
v -0.045707 0.056270 -0.088010
v -0.047736 0.054298 -0.088670
v -0.045054 -0.056270 -0.089781
v -0.047054 -0.054298 -0.090518
v -0.045707 -0.056270 -0.088010
v -0.047736 -0.054298 -0.088670
v 0.045054 0.056270 -0.089781
v 0.047054 0.054298 -0.090518
v 0.045707 0.056270 -0.088010
v 0.047736 0.054298 -0.088670
v 0.045054 -0.056270 -0.089781
v 0.047054 -0.054298 -0.090518
v 0.045707 -0.056270 -0.088010
v 0.047736 -0.054298 -0.088670
v -0.001706 0.059867 -0.116588
v 0.000000 0.059867 -0.116655
v 0.000000 0.058069 -0.118937
v -0.001796 0.058069 -0.118866
v -0.003413 0.059867 -0.116521
v -0.003592 0.058069 -0.118795
v 0.000000 -0.058069 -0.118937
v 0.000000 -0.059867 -0.116655
v -0.001706 -0.059867 -0.116588
v -0.001796 -0.058069 -0.118866
v -0.003413 -0.059867 -0.116521
v -0.003592 -0.058069 -0.118795
v 0.001706 0.059867 -0.116588
v 0.001796 0.058069 -0.118866
v 0.003413 0.059867 -0.116521
v 0.003592 0.058069 -0.118795
v 0.001706 -0.059867 -0.116588
v 0.001796 -0.058069 -0.118866
v 0.003413 -0.059867 -0.116521
v 0.003592 -0.058069 -0.118795
v -0.005108 0.059867 -0.116321
v -0.005376 0.058069 -0.118584
v -0.006804 0.059867 -0.116120
v -0.007161 0.058069 -0.118373
v -0.005108 -0.059867 -0.116321
v -0.005376 -0.058069 -0.118584
v -0.006804 -0.059867 -0.116120
v -0.007161 -0.058069 -0.118373
v 0.005108 0.059867 -0.116321
v 0.005376 0.058069 -0.118584
v 0.006804 0.059867 -0.116120
v 0.007161 0.058069 -0.118373
v 0.005108 -0.059867 -0.116321
v 0.005376 -0.058069 -0.118584
v 0.006804 -0.059867 -0.116120
v 0.007161 -0.058069 -0.118373
v -0.008479 0.059867 -0.115787
v -0.008924 0.058069 -0.118023
v -0.010154 0.059867 -0.115454
v -0.010687 0.058069 -0.117673
v -0.008479 -0.059867 -0.115787
v -0.008924 -0.058069 -0.118023
v -0.010154 -0.059867 -0.115454
v -0.010687 -0.058069 -0.117673
v 0.008479 0.059867 -0.115787
v 0.008924 0.058069 -0.118023
v 0.010154 0.059867 -0.115454
v 0.010687 0.058069 -0.117673
v 0.008479 -0.059867 -0.115787
v 0.008924 -0.058069 -0.118023
v 0.010154 -0.059867 -0.115454
v 0.010687 -0.058069 -0.117673
v -0.011798 0.059867 -0.114991
v -0.012416 0.058069 -0.117185
v -0.013441 0.059867 -0.114527
v -0.014146 0.058069 -0.116696
v -0.011798 -0.059867 -0.114991
v -0.012416 -0.058069 -0.117185
v -0.013441 -0.059867 -0.114527
v -0.014146 -0.058069 -0.116696
v 0.011798 0.059867 -0.114991
v 0.012416 0.058069 -0.117185
v 0.013441 0.059867 -0.114527
v 0.014146 0.058069 -0.116696
v 0.011798 -0.059867 -0.114991
v 0.012416 -0.058069 -0.117185
v 0.013441 -0.059867 -0.114527
v 0.014146 -0.058069 -0.116696
v -0.015043 0.059867 -0.113936
v -0.015832 0.058069 -0.116074
v -0.016645 0.059867 -0.113344
v -0.017518 0.058069 -0.115452
v -0.015043 -0.059867 -0.113936
v -0.015832 -0.058069 -0.116074
v -0.016645 -0.059867 -0.113344
v -0.017518 -0.058069 -0.115452
v 0.015043 0.059867 -0.113936
v 0.015832 0.058069 -0.116074
v 0.016645 0.059867 -0.113344
v 0.017518 0.058069 -0.115452
v 0.015043 -0.059867 -0.113936
v 0.015832 -0.058069 -0.116074
v 0.016645 -0.059867 -0.113344
v 0.017518 -0.058069 -0.115452
v -0.018196 0.059867 -0.112630
v -0.019150 0.058069 -0.114700
v -0.019747 0.059867 -0.111915
v -0.020783 0.058069 -0.113947
v -0.018196 -0.059867 -0.112630
v -0.019150 -0.058069 -0.114700
v -0.019747 -0.059867 -0.111915
v -0.020783 -0.058069 -0.113947
v 0.018196 0.059867 -0.112630
v 0.019150 0.058069 -0.114700
v 0.019747 0.059867 -0.111915
v 0.020783 0.058069 -0.113947
v 0.018196 -0.059867 -0.112630
v 0.019150 -0.058069 -0.114700
v 0.019747 -0.059867 -0.111915
v 0.020783 -0.058069 -0.113947
v -0.021237 0.059867 -0.111080
v -0.022351 0.058069 -0.113069
v -0.022727 0.059867 -0.110246
v -0.023919 0.058069 -0.112191
v -0.021237 -0.059867 -0.111080
v -0.022351 -0.058069 -0.113069
v -0.022727 -0.059867 -0.110246
v -0.023919 -0.058069 -0.112191
v 0.021237 0.059867 -0.111080
v 0.022351 0.058069 -0.113069
v 0.022727 0.059867 -0.110246
v 0.023919 0.058069 -0.112191
v 0.021237 -0.059867 -0.111080
v 0.022351 -0.058069 -0.113069
v 0.022727 -0.059867 -0.110246
v 0.023919 -0.058069 -0.112191
v -0.024147 0.059867 -0.109297
v -0.025413 0.058069 -0.111193
v -0.025566 0.059867 -0.108348
v -0.026907 0.058069 -0.110194
v -0.024147 -0.059867 -0.109297
v -0.025413 -0.058069 -0.111192
v -0.025566 -0.059867 -0.108348
v -0.026907 -0.058069 -0.110194
v 0.024147 0.059867 -0.109297
v 0.025413 0.058069 -0.111192
v 0.025566 0.059867 -0.108348
v 0.026907 0.058069 -0.110194
v 0.024147 -0.059867 -0.109297
v 0.025413 -0.058069 -0.111193
v 0.025566 -0.059867 -0.108348
v 0.026907 -0.058069 -0.110194
v -0.026907 0.059867 -0.107291
v -0.028319 0.058069 -0.109081
v -0.028249 0.059867 -0.106234
v -0.029730 0.058069 -0.107969
v -0.026907 -0.059867 -0.107291
v -0.028319 -0.058069 -0.109081
v -0.028249 -0.059867 -0.106234
v -0.029730 -0.058069 -0.107969
v 0.026907 0.059867 -0.107291
v 0.028319 0.058069 -0.109081
v 0.028249 0.059867 -0.106234
v 0.029730 0.058069 -0.107969
v 0.026907 -0.059867 -0.107291
v 0.028319 -0.058069 -0.109081
v 0.028249 -0.059867 -0.106234
v 0.029730 -0.058069 -0.107969
v -0.029502 0.059867 -0.105075
v -0.031050 0.058069 -0.106749
v -0.030756 0.059867 -0.103916
v -0.032370 0.058069 -0.105529
v -0.029502 -0.059867 -0.105075
v -0.031050 -0.058069 -0.106749
v -0.030756 -0.059867 -0.103916
v -0.032370 -0.058069 -0.105529
v 0.029502 0.059867 -0.105075
v 0.031050 0.058069 -0.106749
v 0.030756 0.059867 -0.103916
v 0.032370 0.058069 -0.105529
v 0.029502 -0.059867 -0.105075
v 0.031050 -0.058069 -0.106749
v 0.030756 -0.059867 -0.103916
v 0.032370 -0.058069 -0.105529
v -0.031916 0.059867 -0.102662
v -0.033590 0.058069 -0.104209
v -0.033075 0.059867 -0.101408
v -0.034810 0.058069 -0.102889
v -0.031916 -0.059867 -0.102662
v -0.033590 -0.058069 -0.104209
v -0.033075 -0.059867 -0.101408
v -0.034810 -0.058069 -0.102889
v 0.031916 0.059867 -0.102662
v 0.033590 0.058069 -0.104209
v 0.033075 0.059867 -0.101408
v 0.034810 0.058069 -0.102889
v 0.031916 -0.059867 -0.102662
v 0.033590 -0.058069 -0.104209
v 0.033075 -0.059867 -0.101408
v 0.034810 -0.058069 -0.102889
v -0.034132 0.059867 -0.100067
v -0.035922 0.058069 -0.101478
v -0.035189 0.059867 -0.098726
v -0.037035 0.058069 -0.100067
v -0.034132 -0.059867 -0.100067
v -0.035922 -0.058069 -0.101478
v -0.035189 -0.059867 -0.098726
v -0.037035 -0.058069 -0.100067
v 0.034132 0.059867 -0.100067
v 0.035922 0.058069 -0.101478
v 0.035189 0.059867 -0.098726
v 0.037035 0.058069 -0.100067
v 0.034132 -0.059867 -0.100067
v 0.035922 -0.058069 -0.101478
v 0.035189 -0.059867 -0.098726
v 0.037035 -0.058069 -0.100067
v -0.036138 0.059867 -0.097306
v -0.038033 0.058069 -0.098572
v -0.037087 0.059867 -0.095886
v -0.039032 0.058069 -0.097078
v -0.036138 -0.059867 -0.097306
v -0.038033 -0.058069 -0.098572
v -0.037087 -0.059867 -0.095886
v -0.039032 -0.058069 -0.097078
v 0.036138 0.059867 -0.097306
v 0.038033 0.058069 -0.098572
v 0.037087 0.059867 -0.095886
v 0.039032 0.058069 -0.097078
v 0.036138 -0.059867 -0.097306
v 0.038033 -0.058069 -0.098572
v 0.037087 -0.059867 -0.095886
v 0.039032 -0.058069 -0.097078
v -0.037921 0.059867 -0.094396
v -0.039910 0.058069 -0.095510
v -0.038755 0.059867 -0.092906
v -0.040788 0.058069 -0.093942
v -0.037921 -0.059867 -0.094396
v -0.039910 -0.058069 -0.095510
v -0.038755 -0.059867 -0.092906
v -0.040788 -0.058069 -0.093942
v 0.037921 0.059867 -0.094396
v 0.039910 0.058069 -0.095510
v 0.038755 0.059867 -0.092906
v 0.040788 0.058069 -0.093942
v 0.037921 -0.059867 -0.094396
v 0.039910 -0.058069 -0.095510
v 0.038755 -0.059867 -0.092906
v 0.040788 -0.058069 -0.093942
v -0.039470 0.059867 -0.091355
v -0.041541 0.058069 -0.092310
v -0.040185 0.059867 -0.089805
v -0.042293 0.058069 -0.090678
v -0.039470 -0.059867 -0.091355
v -0.041541 -0.058069 -0.092310
v -0.040185 -0.059867 -0.089805
v -0.042293 -0.058069 -0.090678
v 0.039470 0.059867 -0.091355
v 0.041541 0.058069 -0.092310
v 0.040185 0.059867 -0.089805
v 0.042293 0.058069 -0.090678
v 0.039470 -0.059867 -0.091355
v 0.041541 -0.058069 -0.092310
v 0.040185 -0.059867 -0.089805
v 0.042293 -0.058069 -0.090678
v -0.040776 0.059867 -0.088202
v -0.042915 0.058069 -0.088991
v -0.041367 0.059867 -0.086600
v -0.043537 0.058069 -0.087305
v -0.040776 -0.059867 -0.088202
v -0.042915 -0.058069 -0.088991
v -0.041367 -0.059867 -0.086600
v -0.043537 -0.058069 -0.087305
v 0.040776 0.059867 -0.088202
v 0.042915 0.058069 -0.088991
v 0.041367 0.059867 -0.086600
v 0.043537 0.058069 -0.087305
v 0.040776 -0.059867 -0.088202
v 0.042915 -0.058069 -0.088991
v 0.041367 -0.059867 -0.086600
v 0.043537 -0.058069 -0.087305
v -0.001517 0.063095 -0.111764
v 0.000000 0.063095 -0.111824
v 0.000000 0.061481 -0.114239
v -0.001612 0.061481 -0.114176
v -0.003034 0.063095 -0.111705
v -0.003223 0.061481 -0.114113
v 0.000000 -0.061481 -0.114239
v 0.000000 -0.063095 -0.111824
v -0.001517 -0.063095 -0.111764
v -0.001612 -0.061481 -0.114176
v -0.003034 -0.063095 -0.111705
v -0.003223 -0.061481 -0.114113
v 0.001517 0.063095 -0.111764
v 0.001612 0.061481 -0.114176
v 0.003034 0.063095 -0.111705
v 0.003223 0.061481 -0.114113
v 0.001517 -0.063095 -0.111764
v 0.001612 -0.061481 -0.114176
v 0.003034 -0.063095 -0.111705
v 0.003223 -0.061481 -0.114113
v -0.004541 0.063095 -0.111527
v -0.004825 0.061481 -0.113924
v -0.006049 0.063095 -0.111348
v -0.006426 0.061481 -0.113734
v -0.004541 -0.063095 -0.111527
v -0.004825 -0.061481 -0.113924
v -0.006049 -0.063095 -0.111348
v -0.006426 -0.061481 -0.113734
v 0.004541 0.063095 -0.111527
v 0.004825 0.061481 -0.113924
v 0.006049 0.063095 -0.111348
v 0.006426 0.061481 -0.113734
v 0.004541 -0.063095 -0.111527
v 0.004825 -0.061481 -0.113924
v 0.006049 -0.063095 -0.111348
v 0.006426 -0.061481 -0.113734
v -0.007537 0.063095 -0.111052
v -0.008008 0.061481 -0.113420
v -0.009026 0.063095 -0.110756
v -0.009590 0.061481 -0.113105
v -0.007537 -0.063095 -0.111052
v -0.008008 -0.061481 -0.113420
v -0.009026 -0.063095 -0.110756
v -0.009590 -0.061481 -0.113105
v 0.007537 0.063095 -0.111052
v 0.008008 0.061481 -0.113420
v 0.009026 0.063095 -0.110756
v 0.009590 0.061481 -0.113105
v 0.007537 -0.063095 -0.111052
v 0.008008 -0.061481 -0.113420
v 0.009026 -0.063095 -0.110756
v 0.009590 -0.061481 -0.113105
v -0.010487 0.063095 -0.110344
v -0.011142 0.061481 -0.112667
v -0.011948 0.063095 -0.109932
v -0.012695 0.061481 -0.112229
v -0.010487 -0.063095 -0.110344
v -0.011142 -0.061481 -0.112667
v -0.011948 -0.063095 -0.109932
v -0.012695 -0.061481 -0.112229
v 0.010487 0.063095 -0.110344
v 0.011142 0.061481 -0.112667
v 0.011948 0.063095 -0.109932
v 0.012695 0.061481 -0.112229
v 0.010487 -0.063095 -0.110344
v 0.011142 -0.061481 -0.112667
v 0.011948 -0.063095 -0.109932
v 0.012695 -0.061481 -0.112229
v -0.013372 0.063095 -0.109407
v -0.014208 0.061481 -0.111671
v -0.014797 0.063095 -0.108881
v -0.015721 0.061481 -0.111112
v -0.013372 -0.063095 -0.109407
v -0.014208 -0.061481 -0.111671
v -0.014797 -0.063095 -0.108881
v -0.015721 -0.061481 -0.111112
v 0.013372 0.063095 -0.109407
v 0.014208 0.061481 -0.111671
v 0.014797 0.063095 -0.108881
v 0.015721 0.061481 -0.111112
v 0.013372 -0.063095 -0.109407
v 0.014208 -0.061481 -0.111671
v 0.014797 -0.063095 -0.108881
v 0.015721 -0.061481 -0.111112
v -0.016175 0.063095 -0.108245
v -0.017186 0.061481 -0.110437
v -0.017554 0.063095 -0.107610
v -0.018650 0.061481 -0.109763
v -0.016175 -0.063095 -0.108245
v -0.017186 -0.061481 -0.110437
v -0.017554 -0.063095 -0.107610
v -0.018650 -0.061481 -0.109763
v 0.016175 0.063095 -0.108245
v 0.017186 0.061481 -0.110437
v 0.017554 0.063095 -0.107610
v 0.018650 0.061481 -0.109763
v 0.016175 -0.063095 -0.108245
v 0.017186 -0.061481 -0.110437
v 0.017554 -0.063095 -0.107610
v 0.018650 -0.061481 -0.109763
v -0.018878 0.063095 -0.106868
v -0.020057 0.061481 -0.108974
v -0.020202 0.063095 -0.106126
v -0.021465 0.061481 -0.108186
v -0.018878 -0.063095 -0.106868
v -0.020057 -0.061481 -0.108974
v -0.020202 -0.063095 -0.106126
v -0.021465 -0.061481 -0.108186
v 0.018878 0.063095 -0.106868
v 0.020057 0.061481 -0.108974
v 0.020202 0.063095 -0.106126
v 0.021465 0.061481 -0.108186
v 0.018878 -0.063095 -0.106868
v 0.020057 -0.061481 -0.108974
v 0.020202 -0.063095 -0.106126
v 0.021465 -0.061481 -0.108186
v -0.021465 0.063095 -0.105283
v -0.022806 0.061481 -0.107290
v -0.022727 0.063095 -0.104440
v -0.024147 0.061481 -0.106394
v -0.021465 -0.063095 -0.105283
v -0.022806 -0.061481 -0.107290
v -0.022727 -0.063095 -0.104440
v -0.024147 -0.061481 -0.106394
v 0.021465 0.063095 -0.105283
v 0.022806 0.061481 -0.107290
v 0.022727 0.063095 -0.104440
v 0.024147 0.061481 -0.106394
v 0.021465 -0.063095 -0.105283
v 0.022806 -0.061481 -0.107290
v 0.022727 -0.063095 -0.104440
v 0.024147 -0.061481 -0.106394
v -0.023919 0.063095 -0.103500
v -0.025413 0.061481 -0.105395
v -0.025111 0.063095 -0.102560
v -0.026680 0.061481 -0.104397
v -0.023919 -0.063095 -0.103500
v -0.025413 -0.061481 -0.105395
v -0.025111 -0.063095 -0.102560
v -0.026680 -0.061481 -0.104397
v 0.023919 0.063095 -0.103500
v 0.025413 0.061481 -0.105395
v 0.025111 0.063095 -0.102560
v 0.026680 0.061481 -0.104397
v 0.023919 -0.063095 -0.103500
v 0.025413 -0.061481 -0.105395
v 0.025111 -0.063095 -0.102560
v 0.026680 -0.061481 -0.104397
v -0.026226 0.063095 -0.101529
v -0.027864 0.061481 -0.103302
v -0.027340 0.063095 -0.100499
v -0.029048 0.061481 -0.102207
v -0.026226 -0.063095 -0.101529
v -0.027864 -0.061481 -0.103302
v -0.027340 -0.063095 -0.100499
v -0.029048 -0.061481 -0.102207
v 0.026226 0.063095 -0.101529
v 0.027864 0.061481 -0.103302
v 0.027340 0.063095 -0.100499
v 0.029048 0.061481 -0.102207
v 0.026226 -0.063095 -0.101529
v 0.027864 -0.061481 -0.103302
v 0.027340 -0.063095 -0.100499
v 0.029048 -0.061481 -0.102207
v -0.028371 0.063095 -0.099385
v -0.030143 0.061481 -0.101023
v -0.029401 0.063095 -0.098270
v -0.031238 0.061481 -0.099839
v -0.028371 -0.063095 -0.099385
v -0.030143 -0.061481 -0.101023
v -0.029401 -0.063095 -0.098270
v -0.031238 -0.061481 -0.099839
v 0.028371 0.063095 -0.099385
v 0.030143 0.061481 -0.101023
v 0.029401 0.063095 -0.098270
v 0.031238 0.061481 -0.099839
v 0.028371 -0.063095 -0.099385
v 0.030143 -0.061481 -0.101023
v 0.029401 -0.063095 -0.098270
v 0.031238 -0.061481 -0.099839
v -0.030341 0.063095 -0.097078
v -0.032236 0.061481 -0.098572
v -0.031280 0.063095 -0.095886
v -0.033235 0.061481 -0.097306
v -0.030341 -0.063095 -0.097078
v -0.032236 -0.061481 -0.098572
v -0.031280 -0.063095 -0.095886
v -0.033235 -0.061481 -0.097306
v 0.030341 0.063095 -0.097078
v 0.032236 0.061481 -0.098572
v 0.031280 0.063095 -0.095886
v 0.033235 0.061481 -0.097306
v 0.030341 -0.063095 -0.097078
v 0.032236 -0.061481 -0.098572
v 0.031280 -0.063095 -0.095886
v 0.033235 -0.061481 -0.097306
v -0.032124 0.063095 -0.094624
v -0.034131 0.061481 -0.095965
v -0.032967 0.063095 -0.093362
v -0.035027 0.061481 -0.094624
v -0.032124 -0.063095 -0.094624
v -0.034131 -0.061481 -0.095965
v -0.032967 -0.063095 -0.093362
v -0.035027 -0.061481 -0.094624
v 0.032124 0.063095 -0.094624
v 0.034131 0.061481 -0.095965
v 0.032967 0.063095 -0.093362
v 0.035027 0.061481 -0.094624
v 0.032124 -0.063095 -0.094624
v 0.034131 -0.061481 -0.095965
v 0.032967 -0.063095 -0.093362
v 0.035027 -0.061481 -0.094624
v -0.033709 0.063095 -0.092037
v -0.035815 0.061481 -0.093217
v -0.034451 0.063095 -0.090713
v -0.036603 0.061481 -0.091809
v -0.033709 -0.063095 -0.092037
v -0.035815 -0.061481 -0.093217
v -0.034451 -0.063095 -0.090713
v -0.036603 -0.061481 -0.091809
v 0.033709 0.063095 -0.092037
v 0.035815 0.061481 -0.093217
v 0.034451 0.063095 -0.090713
v 0.036603 0.061481 -0.091809
v 0.033709 -0.063095 -0.092037
v 0.035815 -0.061481 -0.093217
v 0.034451 -0.063095 -0.090713
v 0.036603 -0.061481 -0.091809
v -0.035086 0.063095 -0.089334
v -0.037278 0.061481 -0.090345
v -0.035722 0.063095 -0.087956
v -0.037953 0.061481 -0.088880
v -0.035086 -0.063095 -0.089334
v -0.037278 -0.061481 -0.090345
v -0.035722 -0.063095 -0.087956
v -0.037953 -0.061481 -0.088880
v 0.035086 0.063095 -0.089334
v 0.037278 0.061481 -0.090345
v 0.035722 0.063095 -0.087956
v 0.037953 0.061481 -0.088880
v 0.035086 -0.063095 -0.089334
v 0.037278 -0.061481 -0.090345
v 0.035722 -0.063095 -0.087956
v 0.037953 -0.061481 -0.088880
v -0.036247 0.063095 -0.086532
v -0.038512 0.061481 -0.087367
v -0.036773 0.063095 -0.085107
v -0.039070 0.061481 -0.085854
v -0.036247 -0.063095 -0.086532
v -0.038512 -0.061481 -0.087367
v -0.036773 -0.063095 -0.085107
v -0.039070 -0.061481 -0.085854
v 0.036247 0.063095 -0.086532
v 0.038512 0.061481 -0.087367
v 0.036773 0.063095 -0.085107
v 0.039070 0.061481 -0.085854
v 0.036247 -0.063095 -0.086532
v 0.038512 -0.061481 -0.087367
v 0.036773 -0.063095 -0.085107
v 0.039070 -0.061481 -0.085854
v -0.001318 0.065935 -0.106703
v 0.000000 0.065935 -0.106755
v 0.000000 0.064515 -0.109289
v -0.001417 0.064515 -0.109234
v -0.002636 0.065935 -0.106651
v -0.002835 0.064515 -0.109178
v 0.000000 -0.064515 -0.109289
v 0.000000 -0.065935 -0.106755
v -0.001318 -0.065935 -0.106703
v -0.001417 -0.064515 -0.109234
v -0.002636 -0.065935 -0.106651
v -0.002835 -0.064515 -0.109178
v 0.001318 0.065935 -0.106703
v 0.001417 0.064515 -0.109234
v 0.002636 0.065935 -0.106651
v 0.002835 0.064515 -0.109178
v 0.001318 -0.065935 -0.106703
v 0.001417 -0.064515 -0.109234
v 0.002636 -0.065935 -0.106651
v 0.002835 -0.064515 -0.109178
v -0.003946 0.065935 -0.106496
v -0.004243 0.064515 -0.109011
v -0.005255 0.065935 -0.106341
v -0.005652 0.064515 -0.108845
v -0.003946 -0.065935 -0.106496
v -0.004243 -0.064515 -0.109011
v -0.005255 -0.065935 -0.106341
v -0.005652 -0.064515 -0.108845
v 0.003946 0.065935 -0.106496
v 0.004243 0.064515 -0.109011
v 0.005255 0.065935 -0.106341
v 0.005652 0.064515 -0.108845
v 0.003946 -0.065935 -0.106496
v 0.004243 -0.064515 -0.109011
v 0.005255 -0.065935 -0.106341
v 0.005652 -0.064515 -0.108845
v -0.006549 0.065935 -0.106083
v -0.007043 0.064515 -0.108568
v -0.007843 0.065935 -0.105826
v -0.008434 0.064515 -0.108291
v -0.006549 -0.065935 -0.106083
v -0.007043 -0.064515 -0.108568
v -0.007843 -0.065935 -0.105826
v -0.008434 -0.064515 -0.108291
v 0.006549 0.065935 -0.106083
v 0.007043 0.064515 -0.108568
v 0.007843 0.065935 -0.105826
v 0.008434 0.064515 -0.108291
v 0.006549 -0.065935 -0.106083
v 0.007043 -0.064515 -0.108568
v 0.007843 -0.065935 -0.105826
v 0.008434 -0.064515 -0.108291
v -0.009112 0.065935 -0.105468
v -0.009800 0.064515 -0.107906
v -0.010382 0.065935 -0.105110
v -0.011165 0.064515 -0.107521
v -0.009112 -0.065935 -0.105468
v -0.009800 -0.064515 -0.107906
v -0.010382 -0.065935 -0.105110
v -0.011165 -0.064515 -0.107521
v 0.009112 0.065935 -0.105468
v 0.009800 0.064515 -0.107906
v 0.010382 0.065935 -0.105110
v 0.011165 0.064515 -0.107521
v 0.009112 -0.065935 -0.105468
v 0.009800 -0.064515 -0.107906
v 0.010382 -0.065935 -0.105110
v 0.011165 -0.064515 -0.107521
v -0.011619 0.065935 -0.104654
v -0.012496 0.064515 -0.107030
v -0.012856 0.065935 -0.104197
v -0.013826 0.064515 -0.106539
v -0.011619 -0.065935 -0.104654
v -0.012496 -0.064515 -0.107030
v -0.012856 -0.065935 -0.104197
v -0.013826 -0.064515 -0.106539
v 0.011619 0.065935 -0.104654
v 0.012496 0.064515 -0.107030
v 0.012856 0.065935 -0.104197
v 0.013826 0.064515 -0.106539
v 0.011619 -0.065935 -0.104654
v 0.012496 -0.064515 -0.107030
v 0.012856 -0.065935 -0.104197
v 0.013826 -0.064515 -0.106539
v -0.014054 0.065935 -0.103645
v -0.015115 0.064515 -0.105945
v -0.015252 0.065935 -0.103093
v -0.016403 0.064515 -0.105352
v -0.014054 -0.065935 -0.103645
v -0.015115 -0.064515 -0.105945
v -0.015252 -0.065935 -0.103093
v -0.016403 -0.064515 -0.105352
v 0.014054 0.065935 -0.103645
v 0.015115 0.064515 -0.105945
v 0.015252 0.065935 -0.103093
v 0.016403 0.064515 -0.105352
v 0.014054 -0.065935 -0.103645
v 0.015115 -0.064515 -0.105945
v 0.015252 -0.065935 -0.103093
v 0.016403 -0.064515 -0.105352
v -0.016403 0.065935 -0.102449
v -0.017640 0.064515 -0.104658
v -0.017554 0.065935 -0.101804
v -0.018878 0.064515 -0.103965
v -0.016403 -0.065935 -0.102449
v -0.017640 -0.064515 -0.104658
v -0.017554 -0.065935 -0.101804
v -0.018878 -0.064515 -0.103965
v 0.016403 0.065935 -0.102449
v 0.017640 0.064515 -0.104658
v 0.017554 0.065935 -0.101804
v 0.018878 0.064515 -0.103965
v 0.016403 -0.065935 -0.102449
v 0.017640 -0.064515 -0.104658
v 0.017554 -0.065935 -0.101804
v 0.018878 -0.064515 -0.103965
v -0.018650 0.065935 -0.101071
v -0.020057 0.064515 -0.103177
v -0.019747 0.065935 -0.100338
v -0.021237 0.064515 -0.102389
v -0.018650 -0.065935 -0.101071
v -0.020057 -0.064515 -0.103177
v -0.019747 -0.065935 -0.100338
v -0.021237 -0.064515 -0.102389
v 0.018650 0.065935 -0.101071
v 0.020057 0.064515 -0.103177
v 0.019747 0.065935 -0.100338
v 0.021237 0.064515 -0.102389
v 0.018650 -0.065935 -0.101071
v 0.020057 -0.064515 -0.103177
v 0.019747 -0.065935 -0.100338
v 0.021237 -0.064515 -0.102389
v -0.020783 0.065935 -0.099522
v -0.022351 0.064515 -0.101511
v -0.021818 0.065935 -0.098705
v -0.023465 0.064515 -0.100633
v -0.020783 -0.065935 -0.099522
v -0.022351 -0.064515 -0.101511
v -0.021818 -0.065935 -0.098705
v -0.023465 -0.064515 -0.100633
v 0.020783 0.065935 -0.099522
v 0.022351 0.064515 -0.101511
v 0.021818 0.065935 -0.098705
v 0.023465 0.064515 -0.100633
v 0.020783 -0.065935 -0.099522
v 0.022351 -0.064515 -0.101511
v 0.021818 -0.065935 -0.098705
v 0.023465 -0.064515 -0.100633
v -0.022787 0.065935 -0.097810
v -0.024506 0.064515 -0.099670
v -0.023756 0.065935 -0.096915
v -0.025548 0.064515 -0.098707
v -0.022787 -0.065935 -0.097810
v -0.024506 -0.064515 -0.099670
v -0.023756 -0.065935 -0.096915
v -0.025548 -0.064515 -0.098707
v 0.022787 0.065935 -0.097810
v 0.024506 0.064515 -0.099670
v 0.023756 0.065935 -0.096915
v 0.025548 0.064515 -0.098707
v 0.022787 -0.065935 -0.097810
v 0.024506 -0.064515 -0.099670
v 0.023756 -0.065935 -0.096915
v 0.025548 -0.064515 -0.098707
v -0.024651 0.065935 -0.095946
v -0.026511 0.064515 -0.097665
v -0.025546 0.065935 -0.094978
v -0.027474 0.064515 -0.096624
v -0.024651 -0.065935 -0.095946
v -0.026511 -0.064515 -0.097665
v -0.025546 -0.065935 -0.094978
v -0.027474 -0.064515 -0.096624
v 0.024651 0.065935 -0.095946
v 0.026511 0.064515 -0.097665
v 0.025546 0.065935 -0.094978
v 0.027474 0.064515 -0.096624
v 0.024651 -0.065935 -0.095946
v 0.026511 -0.064515 -0.097665
v 0.025546 -0.065935 -0.094978
v 0.027474 -0.064515 -0.096624
v -0.026363 0.065935 -0.093942
v -0.028352 0.064515 -0.095510
v -0.027179 0.065935 -0.092906
v -0.029230 0.064515 -0.094396
v -0.026363 -0.065935 -0.093942
v -0.028352 -0.064515 -0.095510
v -0.027179 -0.065935 -0.092906
v -0.029230 -0.064515 -0.094396
v 0.026363 0.065935 -0.093942
v 0.028352 0.064515 -0.095510
v 0.027179 0.065935 -0.092906
v 0.029230 0.064515 -0.094396
v 0.026363 -0.065935 -0.093942
v 0.028352 -0.064515 -0.095510
v 0.027179 -0.065935 -0.092906
v 0.029230 -0.064515 -0.094396
v -0.027912 0.065935 -0.091809
v -0.030018 0.064515 -0.093217
v -0.028645 0.065935 -0.090713
v -0.030806 0.064515 -0.092037
v -0.027912 -0.065935 -0.091809
v -0.030018 -0.064515 -0.093217
v -0.028645 -0.065935 -0.090713
v -0.030806 -0.064515 -0.092037
v 0.027912 0.065935 -0.091809
v 0.030018 0.064515 -0.093217
v 0.028645 0.065935 -0.090713
v 0.030806 0.064515 -0.092037
v 0.027912 -0.065935 -0.091809
v 0.030018 -0.064515 -0.093217
v 0.028645 -0.065935 -0.090713
v 0.030806 -0.064515 -0.092037
v -0.029289 0.065935 -0.089562
v -0.031499 0.064515 -0.090800
v -0.029934 0.065935 -0.088411
v -0.032192 0.064515 -0.089562
v -0.029289 -0.065935 -0.089562
v -0.031499 -0.064515 -0.090800
v -0.029934 -0.065935 -0.088411
v -0.032192 -0.064515 -0.089562
v 0.029289 0.065935 -0.089562
v 0.031499 0.064515 -0.090800
v 0.029934 0.065935 -0.088411
v 0.032192 0.064515 -0.089562
v 0.029289 -0.065935 -0.089562
v 0.031499 -0.064515 -0.090800
v 0.029934 -0.065935 -0.088411
v 0.032192 -0.064515 -0.089562
v -0.030486 0.065935 -0.087213
v -0.032786 0.064515 -0.088274
v -0.031038 0.065935 -0.086016
v -0.033380 0.064515 -0.086986
v -0.030486 -0.065935 -0.087213
v -0.032786 -0.064515 -0.088274
v -0.031038 -0.065935 -0.086016
v -0.033380 -0.064515 -0.086986
v 0.030486 0.065935 -0.087213
v 0.032786 0.064515 -0.088274
v 0.031038 0.065935 -0.086016
v 0.033380 0.064515 -0.086986
v 0.030486 -0.065935 -0.087213
v 0.032786 -0.064515 -0.088274
v 0.031038 -0.065935 -0.086016
v 0.033380 -0.064515 -0.086986
v -0.031495 0.065935 -0.084778
v -0.033871 0.064515 -0.085655
v -0.031951 0.065935 -0.083541
v -0.034362 0.064515 -0.084324
v -0.031495 -0.065935 -0.084778
v -0.033871 -0.064515 -0.085655
v -0.031951 -0.065935 -0.083541
v -0.034362 -0.064515 -0.084324
v 0.031495 0.065935 -0.084778
v 0.033871 0.064515 -0.085655
v 0.031951 0.065935 -0.083541
v 0.034362 0.064515 -0.084324
v 0.031495 -0.065935 -0.084778
v 0.033871 -0.064515 -0.085655
v 0.031951 -0.065935 -0.083541
v 0.034362 -0.064515 -0.084324
v -0.001111 0.068367 -0.101434
v 0.000000 0.068367 -0.101478
v 0.000000 0.067151 -0.104116
v -0.001214 0.067151 -0.104069
v -0.002222 0.068367 -0.101391
v -0.002429 0.067151 -0.104021
v 0.000000 -0.067151 -0.104116
v 0.000000 -0.068367 -0.101478
v -0.001111 -0.068367 -0.101434
v -0.001214 -0.067151 -0.104069
v -0.002222 -0.068367 -0.101391
v -0.002429 -0.067151 -0.104021
v 0.001111 0.068367 -0.101434
v 0.001214 0.067151 -0.104069
v 0.002222 0.068367 -0.101391
v 0.002429 0.067151 -0.104021
v 0.001111 -0.068367 -0.101434
v 0.001214 -0.067151 -0.104069
v 0.002222 -0.068367 -0.101391
v 0.002429 -0.067151 -0.104021
v -0.003326 0.068367 -0.101260
v -0.003636 0.067151 -0.103878
v -0.004430 0.068367 -0.101129
v -0.004843 0.067151 -0.103735
v -0.003326 -0.068367 -0.101260
v -0.003636 -0.067151 -0.103878
v -0.004430 -0.068367 -0.101129
v -0.004843 -0.067151 -0.103735
v 0.003326 0.068367 -0.101260
v 0.003636 0.067151 -0.103878
v 0.004430 0.068367 -0.101129
v 0.004843 0.067151 -0.103735
v 0.003326 -0.068367 -0.101260
v 0.003636 -0.067151 -0.103878
v 0.004430 -0.068367 -0.101129
v 0.004843 -0.067151 -0.103735
v -0.005520 0.068367 -0.100912
v -0.006035 0.067151 -0.103498
v -0.006611 0.068367 -0.100695
v -0.007227 0.067151 -0.103261
v -0.005520 -0.068367 -0.100912
v -0.006035 -0.067151 -0.103498
v -0.006611 -0.068367 -0.100695
v -0.007227 -0.067151 -0.103261
v 0.005520 0.068367 -0.100912
v 0.006035 0.067151 -0.103498
v 0.006611 0.068367 -0.100695
v 0.007227 0.067151 -0.103261
v 0.005520 -0.068367 -0.100912
v 0.006035 -0.067151 -0.103498
v 0.006611 -0.068367 -0.100695
v 0.007227 -0.067151 -0.103261
v -0.007681 0.068367 -0.100394
v -0.008396 0.067151 -0.102931
v -0.008751 0.068367 -0.100092
v -0.009566 0.067151 -0.102601
v -0.007681 -0.068367 -0.100394
v -0.008396 -0.067151 -0.102931
v -0.008751 -0.068367 -0.100092
v -0.009566 -0.067151 -0.102601
v 0.007681 0.068367 -0.100394
v 0.008396 0.067151 -0.102931
v 0.008751 0.068367 -0.100092
v 0.009566 0.067151 -0.102601
v 0.007681 -0.068367 -0.100394
v 0.008396 -0.067151 -0.102931
v 0.008751 -0.068367 -0.100092
v 0.009566 -0.067151 -0.102601
v -0.009794 0.068367 -0.099707
v -0.010706 0.067151 -0.102180
v -0.010837 0.068367 -0.099322
v -0.011847 0.067151 -0.101760
v -0.009794 -0.068367 -0.099707
v -0.010706 -0.067151 -0.102180
v -0.010837 -0.068367 -0.099322
v -0.011847 -0.067151 -0.101760
v 0.009794 0.068367 -0.099707
v 0.010706 0.067151 -0.102180
v 0.010837 0.068367 -0.099322
v 0.011847 0.067151 -0.101760
v 0.009794 -0.068367 -0.099707
v 0.010706 -0.067151 -0.102180
v 0.010837 -0.068367 -0.099322
v 0.011847 -0.067151 -0.101760
v -0.011847 0.068367 -0.098857
v -0.012950 0.067151 -0.101251
v -0.012856 0.068367 -0.098391
v -0.014054 0.067151 -0.100742
v -0.011847 -0.068367 -0.098857
v -0.012950 -0.067151 -0.101251
v -0.012856 -0.068367 -0.098391
v -0.014054 -0.067151 -0.100742
v 0.011847 0.068367 -0.098857
v 0.012950 0.067151 -0.101251
v 0.012856 0.068367 -0.098391
v 0.014054 0.067151 -0.100742
v 0.011847 -0.068367 -0.098857
v 0.012950 -0.067151 -0.101251
v 0.012856 -0.068367 -0.098391
v 0.014054 -0.067151 -0.100742
v -0.013826 0.068367 -0.097848
v -0.015115 0.067151 -0.100148
v -0.014796 0.068367 -0.097305
v -0.016175 0.067151 -0.099554
v -0.013826 -0.068367 -0.097848
v -0.015115 -0.067151 -0.100148
v -0.014796 -0.068367 -0.097305
v -0.016175 -0.067151 -0.099554
v 0.013826 0.068367 -0.097848
v 0.015115 0.067151 -0.100148
v 0.014796 0.068367 -0.097305
v 0.016175 0.067151 -0.099554
v 0.013826 -0.068367 -0.097848
v 0.015115 -0.067151 -0.100148
v 0.014796 -0.068367 -0.097305
v 0.016175 -0.067151 -0.099554
v -0.015721 0.068367 -0.096687
v -0.017185 0.067151 -0.098879
v -0.016645 0.068367 -0.096069
v -0.018196 0.067151 -0.098204
v -0.015721 -0.068367 -0.096687
v -0.017186 -0.067151 -0.098879
v -0.016645 -0.068367 -0.096069
v -0.018196 -0.067151 -0.098204
v 0.015721 0.068367 -0.096687
v 0.017186 0.067151 -0.098879
v 0.016645 0.068367 -0.096069
v 0.018196 0.067151 -0.098204
v 0.015721 -0.068367 -0.096687
v 0.017185 -0.067151 -0.098879
v 0.016645 -0.068367 -0.096069
v 0.018196 -0.067151 -0.098204
v -0.017518 0.068367 -0.095381
v -0.019150 0.067151 -0.097451
v -0.018391 0.068367 -0.094693
v -0.020105 0.067151 -0.096699
v -0.017518 -0.068367 -0.095381
v -0.019150 -0.067151 -0.097451
v -0.018391 -0.068367 -0.094693
v -0.020105 -0.067151 -0.096699
v 0.017518 0.068367 -0.095381
v 0.019150 0.067151 -0.097451
v 0.018391 0.068367 -0.094693
v 0.020105 0.067151 -0.096699
v 0.017518 -0.068367 -0.095381
v 0.019150 -0.067151 -0.097451
v 0.018391 -0.068367 -0.094693
v 0.020105 -0.067151 -0.096699
v -0.019208 0.068367 -0.093938
v -0.020997 0.067151 -0.095874
v -0.020024 0.068367 -0.093184
v -0.021890 0.067151 -0.095049
v -0.019208 -0.068367 -0.093938
v -0.020997 -0.067151 -0.095874
v -0.020024 -0.068367 -0.093184
v -0.021890 -0.067151 -0.095049
v 0.019208 0.068367 -0.093938
v 0.020997 0.067151 -0.095874
v 0.020024 0.068367 -0.093184
v 0.021890 0.067151 -0.095049
v 0.019208 -0.068367 -0.093938
v 0.020997 -0.067151 -0.095874
v 0.020024 -0.068367 -0.093184
v 0.021890 -0.067151 -0.095049
v -0.020779 0.068367 -0.092367
v -0.022715 0.067151 -0.094157
v -0.021534 0.068367 -0.091551
v -0.023540 0.067151 -0.093264
v -0.020779 -0.068367 -0.092367
v -0.022715 -0.067151 -0.094157
v -0.021534 -0.068367 -0.091551
v -0.023540 -0.067151 -0.093264
v 0.020779 0.068367 -0.092367
v 0.022715 0.067151 -0.094157
v 0.021534 0.068367 -0.091551
v 0.023540 0.067151 -0.093264
v 0.020779 -0.068367 -0.092367
v 0.022715 -0.067151 -0.094157
v 0.021534 -0.068367 -0.091551
v 0.023540 -0.067151 -0.093264
v -0.022222 0.068367 -0.090678
v -0.024292 0.067151 -0.092310
v -0.022910 0.068367 -0.089805
v -0.025045 0.067151 -0.091355
v -0.022222 -0.068367 -0.090678
v -0.024292 -0.067151 -0.092310
v -0.022910 -0.068367 -0.089805
v -0.025045 -0.067151 -0.091355
v 0.022222 0.068367 -0.090678
v 0.024292 0.067151 -0.092310
v 0.022910 0.068367 -0.089805
v 0.025045 0.067151 -0.091355
v 0.022222 -0.068367 -0.090678
v 0.024292 -0.067151 -0.092310
v 0.022910 -0.068367 -0.089805
v 0.025045 -0.067151 -0.091355
v -0.023528 0.068367 -0.088880
v -0.025720 0.067151 -0.090345
v -0.024146 0.068367 -0.087956
v -0.026395 0.067151 -0.089334
v -0.023528 -0.068367 -0.088880
v -0.025720 -0.067151 -0.090345
v -0.024146 -0.068367 -0.087956
v -0.026395 -0.067151 -0.089334
v 0.023528 0.068367 -0.088880
v 0.025720 0.067151 -0.090345
v 0.024146 0.068367 -0.087956
v 0.026395 0.067151 -0.089334
v 0.023528 -0.068367 -0.088880
v 0.025720 -0.067151 -0.090345
v 0.024146 -0.068367 -0.087956
v 0.026395 -0.067151 -0.089334
v -0.024689 0.068367 -0.086986
v -0.026989 0.067151 -0.088274
v -0.025232 0.068367 -0.086016
v -0.027583 0.067151 -0.087213
v -0.024689 -0.068367 -0.086986
v -0.026989 -0.067151 -0.088274
v -0.025232 -0.068367 -0.086016
v -0.027583 -0.067151 -0.087213
v 0.024689 0.068367 -0.086986
v 0.026989 0.067151 -0.088274
v 0.025232 0.068367 -0.086016
v 0.027583 0.067151 -0.087213
v 0.024689 -0.068367 -0.086986
v 0.026989 -0.067151 -0.088274
v 0.025232 -0.068367 -0.086016
v 0.027583 -0.067151 -0.087213
v -0.025697 0.068367 -0.085006
v -0.028092 0.067151 -0.086110
v -0.026163 0.068367 -0.083996
v -0.028600 0.067151 -0.085006
v -0.025697 -0.068367 -0.085006
v -0.028092 -0.067151 -0.086110
v -0.026163 -0.068367 -0.083996
v -0.028600 -0.067151 -0.085006
v 0.025697 0.068367 -0.085006
v 0.028092 0.067151 -0.086110
v 0.026163 0.068367 -0.083996
v 0.028600 0.067151 -0.085006
v 0.025697 -0.068367 -0.085006
v 0.028092 -0.067151 -0.086110
v 0.026163 -0.068367 -0.083996
v 0.028600 -0.067151 -0.085006
v -0.026548 0.068367 -0.082953
v -0.029021 0.067151 -0.083866
v -0.026933 0.068367 -0.081910
v -0.029442 0.067151 -0.082725
v -0.026548 -0.068367 -0.082953
v -0.029021 -0.067151 -0.083866
v -0.026933 -0.068367 -0.081910
v -0.029442 -0.067151 -0.082725
v 0.026548 0.068367 -0.082953
v 0.029021 0.067151 -0.083866
v 0.026933 0.068367 -0.081910
v 0.029442 0.067151 -0.082725
v 0.026548 -0.068367 -0.082953
v 0.029021 -0.067151 -0.083866
v 0.026933 -0.068367 -0.081910
v 0.029442 -0.067151 -0.082725
v -0.000897 0.070378 -0.095991
v 0.000000 0.070378 -0.096027
v 0.000000 0.069373 -0.098752
v -0.001004 0.069373 -0.098713
v -0.001794 0.070378 -0.095956
v -0.002008 0.069373 -0.098674
v 0.000000 -0.069373 -0.098752
v 0.000000 -0.070378 -0.096027
v -0.000897 -0.070378 -0.095991
v -0.001004 -0.069373 -0.098713
v -0.001794 -0.070378 -0.095956
v -0.002008 -0.069373 -0.098674
v 0.000897 0.070378 -0.095991
v 0.001004 0.069373 -0.098713
v 0.001794 0.070378 -0.095956
v 0.002008 0.069373 -0.098674
v 0.000897 -0.070378 -0.095991
v 0.001004 -0.069373 -0.098713
v 0.001794 -0.070378 -0.095956
v 0.002008 -0.069373 -0.098674
v -0.002686 0.070378 -0.095850
v -0.003006 0.069373 -0.098555
v -0.003577 0.070378 -0.095745
v -0.004004 0.069373 -0.098437
v -0.002686 -0.070378 -0.095850
v -0.003006 -0.069373 -0.098555
v -0.003577 -0.070378 -0.095745
v -0.004004 -0.069373 -0.098437
v 0.002686 0.070378 -0.095850
v 0.003006 0.069373 -0.098555
v 0.003577 0.070378 -0.095745
v 0.004004 0.069373 -0.098437
v 0.002686 -0.070378 -0.095850
v 0.003006 -0.069373 -0.098555
v 0.003577 -0.070378 -0.095745
v 0.004004 -0.069373 -0.098437
v -0.004458 0.070378 -0.095570
v -0.004989 0.069373 -0.098241
v -0.005338 0.070378 -0.095395
v -0.005975 0.069373 -0.098045
v -0.004458 -0.070378 -0.095570
v -0.004989 -0.069373 -0.098241
v -0.005338 -0.070378 -0.095395
v -0.005975 -0.069373 -0.098045
v 0.004458 0.070378 -0.095570
v 0.004989 0.069373 -0.098241
v 0.005338 0.070378 -0.095395
v 0.005975 0.069373 -0.098045
v 0.004458 -0.070378 -0.095570
v 0.004989 -0.069373 -0.098241
v 0.005338 -0.070378 -0.095395
v 0.005975 -0.069373 -0.098045
v -0.006202 0.070378 -0.095151
v -0.006942 0.069373 -0.097772
v -0.007066 0.070378 -0.094907
v -0.007909 0.069373 -0.097500
v -0.006202 -0.070378 -0.095151
v -0.006942 -0.069373 -0.097772
v -0.007066 -0.070378 -0.094907
v -0.007909 -0.069373 -0.097500
v 0.006202 0.070378 -0.095151
v 0.006942 0.069373 -0.097772
v 0.007066 0.070378 -0.094907
v 0.007909 0.069373 -0.097500
v 0.006202 -0.070378 -0.095151
v 0.006942 -0.069373 -0.097772
v 0.007066 -0.070378 -0.094907
v 0.007909 -0.069373 -0.097500
v -0.007909 0.070378 -0.094597
v -0.008851 0.069373 -0.097152
v -0.008751 0.070378 -0.094286
v -0.009794 0.069373 -0.096804
v -0.007909 -0.070378 -0.094597
v -0.008851 -0.069373 -0.097152
v -0.008751 -0.070378 -0.094286
v -0.009794 -0.069373 -0.096804
v 0.007909 0.070378 -0.094597
v 0.008851 0.069373 -0.097152
v 0.008751 0.070378 -0.094286
v 0.009794 0.069373 -0.096804
v 0.007909 -0.070378 -0.094597
v 0.008851 -0.069373 -0.097152
v 0.008751 -0.070378 -0.094286
v 0.009794 -0.069373 -0.096804
v -0.009566 0.070378 -0.093910
v -0.010706 0.069373 -0.096383
v -0.010382 0.070378 -0.093534
v -0.011619 0.069373 -0.095963
v -0.009566 -0.070378 -0.093910
v -0.010706 -0.069373 -0.096383
v -0.010382 -0.070378 -0.093534
v -0.011619 -0.069373 -0.095963
v 0.009566 0.070378 -0.093910
v 0.010706 0.069373 -0.096383
v 0.010382 0.070378 -0.093534
v 0.011619 0.069373 -0.095963
v 0.009566 -0.070378 -0.093910
v 0.010706 -0.069373 -0.096383
v 0.010382 -0.070378 -0.093534
v 0.011619 -0.069373 -0.095963
v -0.011165 0.070378 -0.093095
v -0.012496 0.069373 -0.095472
v -0.011948 0.070378 -0.092657
v -0.013372 0.069373 -0.094981
v -0.011165 -0.070378 -0.093095
v -0.012496 -0.069373 -0.095472
v -0.011948 -0.070378 -0.092657
v -0.013372 -0.069373 -0.094981
v 0.011165 0.070378 -0.093095
v 0.012496 0.069373 -0.095472
v 0.011948 0.070378 -0.092657
v 0.013372 0.069373 -0.094981
v 0.011165 -0.070378 -0.093095
v 0.012496 -0.069373 -0.095472
v 0.011948 -0.070378 -0.092657
v 0.013372 -0.069373 -0.094981
v -0.012695 0.070378 -0.092158
v -0.014208 0.069373 -0.094423
v -0.013441 0.070378 -0.091659
v -0.015043 0.069373 -0.093864
v -0.012695 -0.070378 -0.092158
v -0.014208 -0.069373 -0.094423
v -0.013441 -0.070378 -0.091659
v -0.015043 -0.069373 -0.093864
v 0.012695 0.070378 -0.092158
v 0.014208 0.069373 -0.094423
v 0.013441 0.070378 -0.091659
v 0.015043 0.069373 -0.093864
v 0.012695 -0.070378 -0.092158
v 0.014208 -0.069373 -0.094423
v 0.013441 -0.070378 -0.091659
v 0.015043 -0.069373 -0.093864
v -0.014146 0.070378 -0.091103
v -0.015832 0.069373 -0.093242
v -0.014851 0.070378 -0.090548
v -0.016621 0.069373 -0.092620
v -0.014146 -0.070378 -0.091103
v -0.015832 -0.069373 -0.093242
v -0.014851 -0.070378 -0.090548
v -0.016621 -0.069373 -0.092620
v 0.014146 0.070378 -0.091103
v 0.015832 0.069373 -0.093242
v 0.014851 0.070378 -0.090548
v 0.016621 0.069373 -0.092620
v 0.014146 -0.070378 -0.091103
v 0.015832 -0.069373 -0.093242
v 0.014851 -0.070378 -0.090548
v 0.016621 -0.069373 -0.092620
v -0.015510 0.070378 -0.089938
v -0.017359 0.069373 -0.091938
v -0.016170 0.070378 -0.089329
v -0.018097 0.069373 -0.091256
v -0.015510 -0.070378 -0.089938
v -0.017359 -0.069373 -0.091938
v -0.016170 -0.070378 -0.089329
v -0.018097 -0.069373 -0.091256
v 0.015510 0.070378 -0.089938
v 0.017359 0.069373 -0.091938
v 0.016170 0.070378 -0.089329
v 0.018097 0.069373 -0.091256
v 0.015510 -0.070378 -0.089938
v 0.017359 -0.069373 -0.091938
v 0.016170 -0.070378 -0.089329
v 0.018097 -0.069373 -0.091256
v -0.016779 0.070378 -0.088670
v -0.018779 0.069373 -0.090518
v -0.017388 0.070378 -0.088010
v -0.019461 0.069373 -0.089781
v -0.016779 -0.070378 -0.088670
v -0.018779 -0.069373 -0.090518
v -0.017388 -0.070378 -0.088010
v -0.019461 -0.069373 -0.089781
v 0.016779 0.070378 -0.088670
v 0.018779 0.069373 -0.090518
v 0.017388 0.070378 -0.088010
v 0.019461 0.069373 -0.089781
v 0.016779 -0.070378 -0.088670
v 0.018779 -0.069373 -0.090518
v 0.017388 -0.070378 -0.088010
v 0.019461 -0.069373 -0.089781
v -0.017944 0.070378 -0.087305
v -0.020083 0.069373 -0.088991
v -0.018500 0.070378 -0.086600
v -0.020705 0.069373 -0.088202
v -0.017944 -0.070378 -0.087305
v -0.020083 -0.069373 -0.088991
v -0.018500 -0.070378 -0.086600
v -0.020705 -0.069373 -0.088202
v 0.017944 0.070378 -0.087305
v 0.020083 0.069373 -0.088991
v 0.018500 0.070378 -0.086600
v 0.020705 0.069373 -0.088202
v 0.017944 -0.070378 -0.087305
v 0.020083 -0.069373 -0.088991
v 0.018500 -0.070378 -0.086600
v 0.020705 -0.069373 -0.088202
v -0.018999 0.070378 -0.085854
v -0.021263 0.069373 -0.087367
v -0.019498 0.070378 -0.085107
v -0.021822 0.069373 -0.086532
v -0.018999 -0.070378 -0.085854
v -0.021263 -0.069373 -0.087367
v -0.019498 -0.070378 -0.085107
v -0.021822 -0.069373 -0.086532
v 0.018999 0.070378 -0.085854
v 0.021263 0.069373 -0.087367
v 0.019498 0.070378 -0.085107
v 0.021822 0.069373 -0.086532
v 0.018999 -0.070378 -0.085854
v 0.021263 -0.069373 -0.087367
v 0.019498 -0.070378 -0.085107
v 0.021822 -0.069373 -0.086532
v -0.019936 0.070378 -0.084324
v -0.022312 0.069373 -0.085655
v -0.020375 0.070378 -0.083541
v -0.022803 0.069373 -0.084778
v -0.019936 -0.070378 -0.084324
v -0.022312 -0.069373 -0.085655
v -0.020375 -0.070378 -0.083541
v -0.022803 -0.069373 -0.084778
v 0.019936 0.070378 -0.084324
v 0.022312 0.069373 -0.085655
v 0.020375 0.070378 -0.083541
v 0.022803 0.069373 -0.084778
v 0.019936 -0.070378 -0.084324
v 0.022312 -0.069373 -0.085655
v 0.020375 -0.070378 -0.083541
v 0.022803 -0.069373 -0.084778
v -0.020751 0.070378 -0.082725
v -0.023224 0.069373 -0.083866
v -0.021127 0.070378 -0.081910
v -0.023645 0.069373 -0.082953
v -0.020751 -0.070378 -0.082725
v -0.023224 -0.069373 -0.083866
v -0.021127 -0.070378 -0.081910
v -0.023645 -0.069373 -0.082953
v 0.020751 0.070378 -0.082725
v 0.023224 0.069373 -0.083866
v 0.021127 0.070378 -0.081910
v 0.023645 0.069373 -0.082953
v 0.020751 -0.070378 -0.082725
v 0.023224 -0.069373 -0.083866
v 0.021127 -0.070378 -0.081910
v 0.023645 -0.069373 -0.082953
v -0.021437 0.070378 -0.081068
v -0.023992 0.069373 -0.082011
v -0.021748 0.070378 -0.080226
v -0.024340 0.069373 -0.081068
v -0.021437 -0.070378 -0.081068
v -0.023993 -0.069373 -0.082011
v -0.021748 -0.070378 -0.080226
v -0.024340 -0.069373 -0.081068
v 0.021437 0.070378 -0.081068
v 0.023993 0.069373 -0.082011
v 0.021748 0.070378 -0.080226
v 0.024340 0.069373 -0.081068
v 0.021437 -0.070378 -0.081068
v 0.023992 -0.069373 -0.082011
v 0.021748 -0.070378 -0.080226
v 0.024340 -0.069373 -0.081068
v -0.024819 0.069373 -0.079371
v -0.027402 0.068367 -0.080244
v -0.024944 0.069373 -0.078740
v -0.022361 0.070378 -0.077867
v -0.022235 0.070378 -0.078497
v -0.022486 0.070378 -0.077237
v -0.024819 -0.069373 -0.079371
v -0.022235 -0.070378 -0.078497
v -0.022361 -0.070378 -0.077867
v -0.024944 -0.069373 -0.078740
v -0.027402 -0.068367 -0.080244
v -0.022486 -0.070378 -0.077237
v 0.024819 0.069373 -0.079371
v 0.022235 0.070378 -0.078497
v 0.022361 0.070378 -0.077867
v 0.024944 0.069373 -0.078740
v 0.027402 0.068367 -0.080244
v 0.022486 0.070378 -0.077237
v 0.024819 -0.069373 -0.079371
v 0.027402 -0.068367 -0.080244
v 0.024944 -0.069373 -0.078740
v 0.022361 -0.070378 -0.077867
v 0.022235 -0.070378 -0.078497
v 0.022486 -0.070378 -0.077237
v -0.002379 0.070378 -0.050432
v -0.002963 0.070378 -0.050501
v -0.002506 0.069729 -0.048667
v -0.001922 0.069729 -0.048598
v -0.001794 0.070378 -0.050363
v -0.002049 0.069080 -0.046833
v -0.002379 -0.070378 -0.050432
v -0.001794 -0.070378 -0.050363
v -0.001922 -0.069729 -0.048598
v -0.002506 -0.069729 -0.048667
v -0.002963 -0.070378 -0.050501
v -0.002049 -0.069080 -0.046833
v 0.002379 0.070378 -0.050432
v 0.001794 0.070378 -0.050363
v 0.001922 0.069729 -0.048598
v 0.002506 0.069729 -0.048667
v 0.002963 0.070378 -0.050501
v 0.002049 0.069080 -0.046833
v 0.002379 -0.070378 -0.050432
v 0.002963 -0.070378 -0.050501
v 0.002506 -0.069729 -0.048667
v 0.001922 -0.069729 -0.048598
v 0.001794 -0.070378 -0.050363
v 0.002049 -0.069080 -0.046833
v -0.000678 0.071955 -0.090408
v 0.000000 0.071955 -0.090434
v 0.000000 0.071167 -0.093230
v -0.000787 0.071167 -0.093199
v -0.001355 0.071955 -0.090381
v -0.001575 0.071167 -0.093168
v 0.000000 -0.071167 -0.093230
v 0.000000 -0.071955 -0.090434
v -0.000678 -0.071955 -0.090408
v -0.000787 -0.071167 -0.093199
v -0.001355 -0.071955 -0.090381
v -0.001575 -0.071167 -0.093168
v 0.000678 0.071955 -0.090408
v 0.000787 0.071167 -0.093199
v 0.001355 0.071955 -0.090381
v 0.001575 0.071167 -0.093168
v 0.000678 -0.071955 -0.090408
v 0.000787 -0.071167 -0.093199
v 0.001355 -0.071955 -0.090381
v 0.001575 -0.071167 -0.093168
v -0.002029 0.071955 -0.090301
v -0.002357 0.071167 -0.093076
v -0.002702 0.071955 -0.090222
v -0.003140 0.071167 -0.092983
v -0.002029 -0.071955 -0.090301
v -0.002357 -0.071167 -0.093076
v -0.002702 -0.071955 -0.090222
v -0.003140 -0.071167 -0.092983
v 0.002029 0.071955 -0.090301
v 0.002357 0.071167 -0.093076
v 0.002702 0.071955 -0.090222
v 0.003140 0.071167 -0.092983
v 0.002029 -0.071955 -0.090301
v 0.002357 -0.071167 -0.093076
v 0.002702 -0.071955 -0.090222
v 0.003140 -0.071167 -0.092983
v -0.003368 0.071955 -0.090089
v -0.003913 0.071167 -0.092830
v -0.004033 0.071955 -0.089957
v -0.004686 0.071167 -0.092676
v -0.003368 -0.071955 -0.090089
v -0.003913 -0.071167 -0.092830
v -0.004033 -0.071955 -0.089957
v -0.004686 -0.071167 -0.092676
v 0.003368 0.071955 -0.090089
v 0.003913 0.071167 -0.092830
v 0.004033 0.071955 -0.089957
v 0.004686 0.071167 -0.092676
v 0.003368 -0.071955 -0.090089
v 0.003913 -0.071167 -0.092830
v 0.004033 -0.071955 -0.089957
v 0.004686 -0.071167 -0.092676
v -0.004686 0.071955 -0.089773
v -0.005444 0.071167 -0.092462
v -0.005338 0.071955 -0.089589
v -0.006202 0.071167 -0.092248
v -0.004686 -0.071955 -0.089773
v -0.005444 -0.071167 -0.092462
v -0.005338 -0.071955 -0.089589
v -0.006202 -0.071167 -0.092248
v 0.004686 0.071955 -0.089773
v 0.005444 0.071167 -0.092462
v 0.005338 0.071955 -0.089589
v 0.006202 0.071167 -0.092248
v 0.004686 -0.071955 -0.089773
v 0.005444 -0.071167 -0.092462
v 0.005338 -0.071955 -0.089589
v 0.006202 -0.071167 -0.092248
v -0.005975 0.071955 -0.089354
v -0.006942 0.071167 -0.091975
v -0.006611 0.071955 -0.089119
v -0.007681 0.071167 -0.091703
v -0.005975 -0.071955 -0.089354
v -0.006942 -0.071167 -0.091975
v -0.006611 -0.071955 -0.089119
v -0.007681 -0.071167 -0.091703
v 0.005975 0.071955 -0.089354
v 0.006942 0.071167 -0.091975
v 0.006611 0.071955 -0.089119
v 0.007681 0.071167 -0.091703
v 0.005975 -0.071955 -0.089354
v 0.006942 -0.071167 -0.091975
v 0.006611 -0.071955 -0.089119
v 0.007681 -0.071167 -0.091703
v -0.007227 0.071955 -0.088835
v -0.008396 0.071167 -0.091373
v -0.007843 0.071955 -0.088551
v -0.009112 0.071167 -0.091043
v -0.007227 -0.071955 -0.088835
v -0.008396 -0.071167 -0.091373
v -0.007843 -0.071955 -0.088551
v -0.009112 -0.071167 -0.091043
v 0.007227 0.071955 -0.088835
v 0.008396 0.071167 -0.091373
v 0.007843 0.071955 -0.088551
v 0.009112 0.071167 -0.091043
v 0.007227 -0.071955 -0.088835
v 0.008396 -0.071167 -0.091373
v 0.007843 -0.071955 -0.088551
v 0.009112 -0.071167 -0.091043
v -0.008434 0.071955 -0.088220
v -0.009800 0.071167 -0.090658
v -0.009026 0.071955 -0.087889
v -0.010487 0.071167 -0.090273
v -0.008434 -0.071955 -0.088220
v -0.009800 -0.071167 -0.090658
v -0.009026 -0.071955 -0.087889
v -0.010487 -0.071167 -0.090273
v 0.008434 0.071955 -0.088220
v 0.009800 0.071167 -0.090658
v 0.009026 0.071955 -0.087889
v 0.010487 0.071167 -0.090273
v 0.008434 -0.071955 -0.088220
v 0.009800 -0.071167 -0.090658
v 0.009026 -0.071955 -0.087889
v 0.010487 -0.071167 -0.090273
v -0.009590 0.071955 -0.087512
v -0.011142 0.071167 -0.089835
v -0.010154 0.071955 -0.087135
v -0.011798 0.071167 -0.089397
v -0.009590 -0.071955 -0.087512
v -0.011142 -0.071167 -0.089835
v -0.010154 -0.071955 -0.087135
v -0.011798 -0.071167 -0.089397
v 0.009590 0.071955 -0.087512
v 0.011142 0.071167 -0.089835
v 0.010154 0.071955 -0.087135
v 0.011798 0.071167 -0.089397
v 0.009590 -0.071955 -0.087512
v 0.011142 -0.071167 -0.089835
v 0.010154 -0.071955 -0.087135
v 0.011798 -0.071167 -0.089397
v -0.010687 0.071955 -0.086715
v -0.012416 0.071167 -0.088909
v -0.011219 0.071955 -0.086295
v -0.013035 0.071167 -0.088421
v -0.010687 -0.071955 -0.086715
v -0.012416 -0.071167 -0.088909
v -0.011219 -0.071955 -0.086295
v -0.013035 -0.071167 -0.088421
v 0.010687 0.071955 -0.086715
v 0.012416 0.071167 -0.088909
v 0.011219 0.071955 -0.086295
v 0.013035 0.071167 -0.088421
v 0.010687 -0.071955 -0.086715
v 0.012416 -0.071167 -0.088909
v 0.011219 -0.071955 -0.086295
v 0.013035 -0.071167 -0.088421
v -0.011717 0.071955 -0.085835
v -0.013614 0.071167 -0.087887
v -0.012215 0.071955 -0.085374
v -0.014192 0.071167 -0.087352
v -0.011717 -0.071955 -0.085835
v -0.013614 -0.071167 -0.087887
v -0.012215 -0.071955 -0.085374
v -0.014192 -0.071167 -0.087352
v 0.011717 0.071955 -0.085835
v 0.013614 0.071167 -0.087887
v 0.012215 0.071955 -0.085374
v 0.014192 0.071167 -0.087352
v 0.011717 -0.071955 -0.085835
v 0.013614 -0.071167 -0.087887
v 0.012215 -0.071955 -0.085374
v 0.014192 -0.071167 -0.087352
v -0.012676 0.071955 -0.084877
v -0.014727 0.071167 -0.086773
v -0.013136 0.071955 -0.084379
v -0.015262 0.071167 -0.086194
v -0.012676 -0.071955 -0.084877
v -0.014727 -0.071167 -0.086773
v -0.013136 -0.071955 -0.084379
v -0.015262 -0.071167 -0.086194
v 0.012676 0.071955 -0.084877
v 0.014727 0.071167 -0.086773
v 0.013136 0.071955 -0.084379
v 0.015262 0.071167 -0.086194
v 0.012676 -0.071955 -0.084877
v 0.014727 -0.071167 -0.086773
v 0.013136 -0.071955 -0.084379
v 0.015262 -0.071167 -0.086194
v -0.013556 0.071955 -0.083846
v -0.015750 0.071167 -0.085576
v -0.013976 0.071955 -0.083313
v -0.016238 0.071167 -0.084957
v -0.013556 -0.071955 -0.083846
v -0.015750 -0.071167 -0.085576
v -0.013976 -0.071955 -0.083313
v -0.016238 -0.071167 -0.084957
v 0.013556 0.071955 -0.083846
v 0.015750 0.071167 -0.085576
v 0.013976 0.071955 -0.083313
v 0.016238 0.071167 -0.084957
v 0.013556 -0.071955 -0.083846
v 0.015750 -0.071167 -0.085576
v 0.013976 -0.071955 -0.083313
v 0.016238 -0.071167 -0.084957
v -0.014353 0.071955 -0.082749
v -0.016676 0.071167 -0.084302
v -0.014729 0.071955 -0.082185
v -0.017113 0.071167 -0.083646
v -0.014353 -0.071955 -0.082749
v -0.016676 -0.071167 -0.084302
v -0.014729 -0.071955 -0.082185
v -0.017113 -0.071167 -0.083646
v 0.014353 0.071955 -0.082749
v 0.016676 0.071167 -0.084302
v 0.014729 0.071955 -0.082185
v 0.017113 0.071167 -0.083646
v 0.014353 -0.071955 -0.082749
v 0.016676 -0.071167 -0.084302
v 0.014729 -0.071955 -0.082185
v 0.017113 -0.071167 -0.083646
v -0.015061 0.071955 -0.081594
v -0.017498 0.071167 -0.082959
v -0.015392 0.071955 -0.081002
v -0.017884 0.071167 -0.082271
v -0.015061 -0.071955 -0.081594
v -0.017498 -0.071167 -0.082959
v -0.015392 -0.071955 -0.081002
v -0.017884 -0.071167 -0.082271
v 0.015061 0.071955 -0.081594
v 0.017498 0.071167 -0.082959
v 0.015392 0.071955 -0.081002
v 0.017884 0.071167 -0.082271
v 0.015061 -0.071955 -0.081594
v 0.017498 -0.071167 -0.082959
v 0.015392 -0.071955 -0.081002
v 0.017884 -0.071167 -0.082271
v -0.015676 0.071955 -0.080386
v -0.018213 0.071167 -0.081556
v -0.015960 0.071955 -0.079770
v -0.018543 0.071167 -0.080840
v -0.015676 -0.071955 -0.080386
v -0.018213 -0.071167 -0.081556
v -0.015960 -0.071955 -0.079770
v -0.018543 -0.071167 -0.080840
v 0.015676 0.071955 -0.080386
v 0.018213 0.071167 -0.081556
v 0.015960 0.071955 -0.079770
v 0.018543 0.071167 -0.080840
v 0.015676 -0.071955 -0.080386
v 0.018213 -0.071167 -0.081556
v 0.015960 -0.071955 -0.079770
v 0.018543 -0.071167 -0.080840
v -0.016195 0.071955 -0.079134
v -0.018816 0.071167 -0.080101
v -0.016430 0.071955 -0.078497
v -0.019089 0.071167 -0.079362
v -0.016195 -0.071955 -0.079134
v -0.018816 -0.071167 -0.080101
v -0.016430 -0.071955 -0.078497
v -0.019089 -0.071167 -0.079362
v 0.016195 0.071955 -0.079134
v 0.018816 0.071167 -0.080101
v 0.016430 0.071955 -0.078497
v 0.019089 0.071167 -0.079362
v 0.016195 -0.071955 -0.079134
v 0.018816 -0.071167 -0.080101
v 0.016430 -0.071955 -0.078497
v 0.019089 -0.071167 -0.079362
v -0.016614 0.071955 -0.077845
v -0.019303 0.071167 -0.078603
v -0.016798 0.071955 -0.077192
v -0.019517 0.071167 -0.077845
v -0.021992 0.070378 -0.079362
v -0.016614 -0.071955 -0.077845
v -0.019303 -0.071167 -0.078603
v -0.021992 -0.070378 -0.079362
v -0.016798 -0.071955 -0.077192
v -0.019517 -0.071167 -0.077845
v 0.016614 0.071955 -0.077845
v 0.019303 0.071167 -0.078603
v 0.021992 0.070378 -0.079362
v 0.016798 0.071955 -0.077192
v 0.019517 0.071167 -0.077845
v 0.016614 -0.071955 -0.077845
v 0.019303 -0.071167 -0.078603
v 0.016798 -0.071955 -0.077192
v 0.019517 -0.071167 -0.077845
v 0.021992 -0.070378 -0.079362
v -0.019774 0.071167 -0.076549
v -0.020876 0.070878 -0.075956
v -0.019009 0.071417 -0.075572
v -0.017062 0.071955 -0.075862
v -0.017142 0.071955 -0.075188
v -0.019266 0.071377 -0.074676
v -0.018244 0.071666 -0.074595
v -0.017222 0.071955 -0.074515
v -0.020876 -0.070878 -0.075956
v -0.019774 -0.071167 -0.076549
v -0.019009 -0.071417 -0.075572
v -0.019266 -0.071377 -0.074676
v -0.018244 -0.071666 -0.074595
v -0.017062 -0.071955 -0.075862
v -0.017142 -0.071955 -0.075188
v -0.017222 -0.071955 -0.074515
v 0.020876 0.070878 -0.075956
v 0.019774 0.071167 -0.076549
v 0.019009 0.071417 -0.075572
v 0.019266 0.071377 -0.074676
v 0.018244 0.071666 -0.074595
v 0.017062 0.071955 -0.075862
v 0.017142 0.071955 -0.075188
v 0.017222 0.071955 -0.074515
v 0.019774 -0.071167 -0.076549
v 0.020876 -0.070878 -0.075956
v 0.019009 -0.071417 -0.075572
v 0.017062 -0.071955 -0.075862
v 0.017142 -0.071955 -0.075188
v 0.019266 -0.071377 -0.074676
v 0.018244 -0.071666 -0.074595
v 0.017222 -0.071955 -0.074515
v -0.018270 0.071666 -0.073917
v -0.017248 0.071955 -0.073837
v -0.017275 0.071955 -0.073159
v -0.017248 -0.071955 -0.073837
v -0.018270 -0.071666 -0.073917
v -0.017275 -0.071955 -0.073159
v 0.017248 0.071955 -0.073837
v 0.018270 0.071666 -0.073917
v 0.017275 0.071955 -0.073159
v 0.018270 -0.071666 -0.073917
v 0.017248 -0.071955 -0.073837
v 0.017275 -0.071955 -0.073159
v -0.004686 0.071955 -0.056546
v -0.005338 0.071955 -0.056730
v -0.004886 0.071713 -0.055709
v -0.004234 0.071713 -0.055525
v -0.004033 0.071955 -0.056362
v -0.004435 0.071470 -0.054688
v -0.004686 -0.071955 -0.056546
v -0.004033 -0.071955 -0.056362
v -0.004234 -0.071713 -0.055525
v -0.004886 -0.071713 -0.055709
v -0.005338 -0.071955 -0.056730
v -0.004435 -0.071470 -0.054688
v 0.004686 0.071955 -0.056546
v 0.004033 0.071955 -0.056362
v 0.004234 0.071713 -0.055525
v 0.004886 0.071713 -0.055709
v 0.005338 0.071955 -0.056730
v 0.004435 0.071470 -0.054688
v 0.004686 -0.071955 -0.056546
v 0.005338 -0.071955 -0.056730
v 0.004886 -0.071713 -0.055709
v 0.004234 -0.071713 -0.055525
v 0.004033 -0.071955 -0.056362
v 0.004435 -0.071470 -0.054688
v -0.003914 0.071091 -0.053214
v -0.003641 0.071523 -0.054722
v -0.003368 0.071955 -0.056229
v -0.003393 0.070711 -0.051740
v -0.003047 0.071333 -0.053918
v -0.002702 0.071955 -0.056097
v -0.003914 -0.071091 -0.053214
v -0.003641 -0.071523 -0.054722
v -0.003393 -0.070711 -0.051740
v -0.003047 -0.071333 -0.053918
v -0.003368 -0.071955 -0.056229
v -0.002702 -0.071955 -0.056097
v 0.003914 0.071091 -0.053214
v 0.003641 0.071523 -0.054722
v 0.003393 0.070711 -0.051740
v 0.003047 0.071333 -0.053918
v 0.003368 0.071955 -0.056229
v 0.002702 0.071955 -0.056097
v 0.003914 -0.071091 -0.053214
v 0.003641 -0.071523 -0.054722
v 0.003368 -0.071955 -0.056229
v 0.003393 -0.070711 -0.051740
v 0.003047 -0.071333 -0.053918
v 0.002702 -0.071955 -0.056097
v -0.000678 0.071955 -0.055911
v -0.001355 0.071955 -0.055937
v -0.001575 0.071167 -0.053150
v -0.000787 0.071167 -0.053119
v 0.000000 0.071955 -0.055884
v 0.000000 0.071167 -0.053088
v -0.000897 0.070378 -0.050327
v 0.000000 0.070378 -0.050292
v -0.001575 -0.071167 -0.053150
v -0.001355 -0.071955 -0.055937
v -0.000678 -0.071955 -0.055911
v -0.000787 -0.071167 -0.053119
v -0.000897 -0.070378 -0.050327
v 0.000000 -0.071955 -0.055884
v 0.000000 -0.071167 -0.053088
v 0.000000 -0.070378 -0.050292
v 0.001575 0.071167 -0.053150
v 0.001355 0.071955 -0.055937
v 0.000678 0.071955 -0.055911
v 0.000787 0.071167 -0.053119
v 0.000897 0.070378 -0.050327
v 0.000678 -0.071955 -0.055911
v 0.001355 -0.071955 -0.055937
v 0.001575 -0.071167 -0.053150
v 0.000787 -0.071167 -0.053119
v 0.000897 -0.070378 -0.050327
v -0.000678 0.072522 -0.087540
v 0.000000 0.073089 -0.084700
v 0.000000 0.072522 -0.087567
v -0.000678 -0.072522 -0.087540
v 0.000000 -0.072522 -0.087567
v 0.000000 -0.073089 -0.084700
v 0.000678 0.072522 -0.087540
v 0.000678 -0.072522 -0.087540
v -0.000905 0.073089 -0.084646
v -0.001467 0.072522 -0.087474
v -0.001811 0.073089 -0.084593
v -0.002257 0.072522 -0.087407
v -0.000905 -0.073089 -0.084646
v -0.001467 -0.072522 -0.087474
v -0.001811 -0.073089 -0.084593
v -0.002257 -0.072522 -0.087407
v 0.000905 0.073089 -0.084646
v 0.001467 0.072522 -0.087474
v 0.001811 0.073089 -0.084593
v 0.002257 0.072522 -0.087407
v 0.000905 -0.073089 -0.084646
v 0.001467 -0.072522 -0.087474
v 0.001811 -0.073089 -0.084593
v 0.002257 -0.072522 -0.087407
v -0.002257 0.073089 -0.084504
v -0.002812 0.072522 -0.087297
v -0.002702 0.073089 -0.084416
v -0.003368 0.072522 -0.087186
v -0.002257 -0.073089 -0.084504
v -0.002812 -0.072522 -0.087297
v -0.002702 -0.073089 -0.084416
v -0.003368 -0.072522 -0.087186
v 0.002257 0.073089 -0.084504
v 0.002812 0.072522 -0.087297
v 0.002702 0.073089 -0.084416
v 0.003368 0.072522 -0.087186
v 0.002257 -0.073089 -0.084504
v 0.002812 -0.072522 -0.087297
v 0.002702 -0.073089 -0.084416
v 0.003368 -0.072522 -0.087186
v -0.003140 0.073089 -0.084292
v -0.003913 0.072522 -0.087032
v -0.003577 0.073089 -0.084169
v -0.004458 0.072522 -0.086879
v -0.003140 -0.073089 -0.084292
v -0.003913 -0.072522 -0.087032
v -0.003577 -0.073089 -0.084169
v -0.004458 -0.072522 -0.086879
v 0.003140 0.073089 -0.084292
v 0.003913 0.072522 -0.087032
v 0.003577 0.073089 -0.084169
v 0.004458 0.072522 -0.086879
v 0.003140 -0.073089 -0.084292
v 0.003913 -0.072522 -0.087032
v 0.003577 -0.073089 -0.084169
v 0.004458 -0.072522 -0.086879
v -0.004004 0.073089 -0.084012
v -0.004989 0.072522 -0.086683
v -0.004430 0.073089 -0.083854
v -0.005520 0.072522 -0.086487
v -0.004004 -0.073089 -0.084012
v -0.004989 -0.072522 -0.086683
v -0.004430 -0.073089 -0.083854
v -0.005520 -0.072522 -0.086487
v 0.004004 0.073089 -0.084012
v 0.004989 0.072522 -0.086683
v 0.004430 0.073089 -0.083854
v 0.005520 0.072522 -0.086487
v 0.004004 -0.073089 -0.084012
v 0.004989 -0.072522 -0.086683
v 0.004430 -0.073089 -0.083854
v 0.005520 -0.072522 -0.086487
v -0.004843 0.073089 -0.083664
v -0.006035 0.072522 -0.086250
v -0.005255 0.073089 -0.083474
v -0.006549 0.072522 -0.086012
v -0.004843 -0.073089 -0.083664
v -0.006035 -0.072522 -0.086250
v -0.005255 -0.073089 -0.083474
v -0.006549 -0.072522 -0.086012
v 0.004843 0.073089 -0.083664
v 0.006035 0.072522 -0.086250
v 0.005255 0.073089 -0.083474
v 0.006549 0.072522 -0.086012
v 0.004843 -0.073089 -0.083664
v 0.006035 -0.072522 -0.086250
v 0.005255 -0.073089 -0.083474
v 0.006549 -0.072522 -0.086012
v -0.005652 0.073089 -0.083252
v -0.007043 0.072522 -0.085736
v -0.006049 0.073089 -0.083030
v -0.007537 0.072522 -0.085459
v -0.005652 -0.073089 -0.083252
v -0.007043 -0.072522 -0.085736
v -0.006049 -0.073089 -0.083030
v -0.007537 -0.072522 -0.085459
v 0.005652 0.073089 -0.083252
v 0.007043 0.072522 -0.085736
v 0.006049 0.073089 -0.083030
v 0.007537 0.072522 -0.085459
v 0.005652 -0.073089 -0.083252
v 0.007043 -0.072522 -0.085736
v 0.006049 -0.073089 -0.083030
v 0.007537 -0.072522 -0.085459
v -0.006426 0.073089 -0.082777
v -0.008008 0.072522 -0.085144
v -0.006804 0.073089 -0.082525
v -0.008479 0.072522 -0.084830
v -0.006426 -0.073089 -0.082777
v -0.008008 -0.072522 -0.085144
v -0.006804 -0.073089 -0.082525
v -0.008479 -0.072522 -0.084830
v 0.006426 0.073089 -0.082777
v 0.008008 0.072522 -0.085144
v 0.006804 0.073089 -0.082525
v 0.008479 0.072522 -0.084830
v 0.006426 -0.073089 -0.082777
v 0.008008 -0.072522 -0.085144
v 0.006804 -0.073089 -0.082525
v 0.008479 -0.072522 -0.084830
v -0.007161 0.073089 -0.082243
v -0.008924 0.072522 -0.084479
v -0.007518 0.073089 -0.081962
v -0.009369 0.072522 -0.084129
v -0.007161 -0.073089 -0.082243
v -0.008924 -0.072522 -0.084479
v -0.007518 -0.073089 -0.081962
v -0.009369 -0.072522 -0.084129
v 0.007161 0.073089 -0.082243
v 0.008924 0.072522 -0.084479
v 0.007518 0.073089 -0.081962
v 0.009369 0.072522 -0.084129
v 0.007161 -0.073089 -0.082243
v 0.008924 -0.072522 -0.084479
v 0.007518 -0.073089 -0.081962
v 0.009369 -0.072522 -0.084129
v -0.007852 0.073089 -0.081653
v -0.009785 0.072522 -0.083744
v -0.008186 0.073089 -0.081345
v -0.010200 0.072522 -0.083360
v -0.007852 -0.073089 -0.081653
v -0.009785 -0.072522 -0.083744
v -0.008186 -0.073089 -0.081345
v -0.010200 -0.072522 -0.083360
v 0.007852 0.073089 -0.081653
v 0.009785 0.072522 -0.083744
v 0.008186 0.073089 -0.081345
v 0.010200 0.072522 -0.083360
v 0.007852 -0.073089 -0.081653
v 0.009785 -0.072522 -0.083744
v 0.008186 -0.073089 -0.081345
v 0.010200 -0.072522 -0.083360
v -0.008494 0.073089 -0.081011
v -0.010585 0.072522 -0.082944
v -0.008803 0.073089 -0.080677
v -0.010969 0.072522 -0.082528
v -0.008494 -0.073089 -0.081011
v -0.010585 -0.072522 -0.082944
v -0.008803 -0.073089 -0.080677
v -0.010969 -0.072522 -0.082528
v 0.008494 0.073089 -0.081011
v 0.010585 0.072522 -0.082944
v 0.008803 0.073089 -0.080677
v 0.010969 0.072522 -0.082528
v 0.008494 -0.073089 -0.081011
v 0.010585 -0.072522 -0.082944
v 0.008803 -0.073089 -0.080677
v 0.010969 -0.072522 -0.082528
v -0.009084 0.073089 -0.080320
v -0.011320 0.072522 -0.082083
v -0.009365 0.073089 -0.079964
v -0.011671 0.072522 -0.081638
v -0.009084 -0.073089 -0.080320
v -0.011320 -0.072522 -0.082083
v -0.009365 -0.073089 -0.079964
v -0.011671 -0.072522 -0.081638
v 0.009084 0.073089 -0.080320
v 0.011320 0.072522 -0.082083
v 0.009365 0.073089 -0.079964
v 0.011671 0.072522 -0.081638
v 0.009084 -0.073089 -0.080320
v 0.011320 -0.072522 -0.082083
v 0.009365 -0.073089 -0.079964
v 0.011671 -0.072522 -0.081638
v -0.009618 0.073089 -0.079586
v -0.011985 0.072522 -0.081167
v -0.009870 0.073089 -0.079208
v -0.012300 0.072522 -0.080697
v -0.009618 -0.073089 -0.079586
v -0.011985 -0.072522 -0.081168
v -0.009870 -0.073089 -0.079208
v -0.012300 -0.072522 -0.080697
v 0.009618 0.073089 -0.079586
v 0.011985 0.072522 -0.081168
v 0.009870 0.073089 -0.079208
v 0.012300 0.072522 -0.080697
v 0.009618 -0.073089 -0.079586
v 0.011985 -0.072522 -0.081167
v 0.009870 -0.073089 -0.079208
v 0.012300 -0.072522 -0.080697
v -0.010092 0.073089 -0.078811
v -0.012577 0.072522 -0.080202
v -0.010314 0.073089 -0.078415
v -0.012853 0.072522 -0.079708
v -0.010092 -0.073089 -0.078811
v -0.012577 -0.072522 -0.080202
v -0.010314 -0.073089 -0.078415
v -0.012853 -0.072522 -0.079708
v 0.010092 0.073089 -0.078811
v 0.012577 0.072522 -0.080202
v 0.010314 0.073089 -0.078415
v 0.012853 0.072522 -0.079708
v 0.010092 -0.073089 -0.078811
v 0.012577 -0.072522 -0.080202
v 0.010314 -0.073089 -0.078415
v 0.012853 -0.072522 -0.079708
v -0.010505 0.073089 -0.078002
v -0.013090 0.072522 -0.079194
v -0.010695 0.073089 -0.077589
v -0.013327 0.072522 -0.078680
v -0.010505 -0.073089 -0.078002
v -0.013090 -0.072522 -0.079194
v -0.010695 -0.073089 -0.077589
v -0.013327 -0.072522 -0.078680
v 0.010505 0.073089 -0.078002
v 0.013090 0.072522 -0.079194
v 0.010695 0.073089 -0.077589
v 0.013327 0.072522 -0.078680
v 0.010505 -0.073089 -0.078002
v 0.013090 -0.072522 -0.079194
v 0.010695 -0.073089 -0.077589
v 0.013327 -0.072522 -0.078680
v -0.010852 0.073089 -0.077163
v -0.013524 0.072522 -0.078148
v -0.011010 0.073089 -0.076737
v -0.013720 0.072522 -0.077617
v -0.010852 -0.073089 -0.077163
v -0.013524 -0.072522 -0.078148
v -0.011010 -0.073089 -0.076737
v -0.013720 -0.072522 -0.077617
v 0.010852 0.073089 -0.077163
v 0.013524 0.072522 -0.078148
v 0.011010 0.073089 -0.076737
v 0.013720 0.072522 -0.077617
v 0.010852 -0.073089 -0.077163
v 0.013524 -0.072522 -0.078148
v 0.011010 -0.073089 -0.076737
v 0.013720 -0.072522 -0.077617
v -0.011133 0.073089 -0.076299
v -0.013873 0.072522 -0.077072
v -0.011256 0.073089 -0.075862
v -0.014027 0.072522 -0.076527
v -0.011133 -0.073089 -0.076299
v -0.013873 -0.072522 -0.077072
v -0.011256 -0.073089 -0.075862
v -0.014027 -0.072522 -0.076527
v 0.011133 0.073089 -0.076299
v 0.013873 0.072522 -0.077072
v 0.011256 0.073089 -0.075862
v 0.014027 0.072522 -0.076527
v 0.011133 -0.073089 -0.076299
v 0.013873 -0.072522 -0.077072
v 0.011256 -0.073089 -0.075862
v 0.014027 -0.072522 -0.076527
v -0.011345 0.073089 -0.075416
v -0.014137 0.072522 -0.075971
v -0.011434 0.073089 -0.074970
v -0.014248 0.072522 -0.075416
v -0.016930 0.071955 -0.076527
v -0.011345 -0.073089 -0.075416
v -0.014137 -0.072522 -0.075971
v -0.016930 -0.071955 -0.076527
v -0.011434 -0.073089 -0.074970
v -0.014248 -0.072522 -0.075416
v 0.011345 0.073089 -0.075416
v 0.014137 0.072522 -0.075971
v 0.016930 0.071955 -0.076527
v 0.011434 0.073089 -0.074970
v 0.014248 0.072522 -0.075416
v 0.011345 -0.073089 -0.075416
v 0.014137 -0.072522 -0.075971
v 0.011434 -0.073089 -0.074970
v 0.014248 -0.072522 -0.075416
v 0.016930 -0.071955 -0.076527
v -0.011487 0.073089 -0.074519
v -0.014315 0.072522 -0.074854
v -0.011541 0.073089 -0.074068
v -0.014381 0.072522 -0.074291
v -0.011487 -0.073089 -0.074519
v -0.014315 -0.072522 -0.074853
v -0.011541 -0.073089 -0.074068
v -0.014381 -0.072522 -0.074291
v 0.011487 0.073089 -0.074519
v 0.014315 0.072522 -0.074853
v 0.011541 0.073089 -0.074068
v 0.014381 0.072522 -0.074291
v 0.011487 -0.073089 -0.074519
v 0.014315 -0.072522 -0.074854
v 0.011541 -0.073089 -0.074068
v 0.014381 -0.072522 -0.074291
v -0.011558 0.073089 -0.073613
v -0.014403 0.072522 -0.073725
v -0.011576 0.073089 -0.073159
v -0.014425 0.072522 -0.073159
v -0.011558 -0.073089 -0.073613
v -0.014403 -0.072522 -0.073725
v -0.011576 -0.073089 -0.073159
v -0.014425 -0.072522 -0.073159
v 0.011558 0.073089 -0.073613
v 0.014403 0.072522 -0.073725
v 0.011576 0.073089 -0.073159
v 0.014425 0.072522 -0.073159
v 0.011558 -0.073089 -0.073613
v 0.014403 -0.072522 -0.073725
v 0.011576 -0.073089 -0.073159
v 0.014425 -0.072522 -0.073159
v -0.016663 0.072072 -0.072528
v -0.014110 0.072581 -0.072616
v -0.011558 0.073089 -0.072705
v -0.016050 0.072189 -0.071896
v -0.013795 0.072639 -0.072074
v -0.011541 0.073089 -0.072251
v -0.016663 -0.072072 -0.072528
v -0.014110 -0.072581 -0.072616
v -0.016050 -0.072189 -0.071896
v -0.013795 -0.072639 -0.072074
v -0.011558 -0.073089 -0.072705
v -0.011541 -0.073089 -0.072251
v 0.016663 0.072072 -0.072528
v 0.014110 0.072581 -0.072616
v 0.016050 0.072189 -0.071896
v 0.013795 0.072639 -0.072074
v 0.011558 0.073089 -0.072705
v 0.011541 0.073089 -0.072251
v 0.016663 -0.072072 -0.072528
v 0.014110 -0.072581 -0.072616
v 0.011558 -0.073089 -0.072705
v 0.016050 -0.072189 -0.071896
v 0.013795 -0.072639 -0.072074
v 0.011541 -0.073089 -0.072251
v -0.015525 0.072280 -0.071340
v -0.013506 0.072685 -0.071570
v -0.011487 0.073089 -0.071800
v -0.014999 0.072371 -0.070784
v -0.013216 0.072730 -0.071066
v -0.011434 0.073089 -0.071348
v -0.015525 -0.072280 -0.071340
v -0.013506 -0.072684 -0.071570
v -0.014999 -0.072371 -0.070784
v -0.013216 -0.072730 -0.071066
v -0.011487 -0.073089 -0.071800
v -0.011434 -0.073089 -0.071348
v 0.015525 0.072280 -0.071340
v 0.013506 0.072684 -0.071570
v 0.014999 0.072371 -0.070784
v 0.013216 0.072730 -0.071066
v 0.011487 0.073089 -0.071800
v 0.011434 0.073089 -0.071348
v 0.015525 -0.072280 -0.071340
v 0.013506 -0.072685 -0.071570
v 0.011487 -0.073089 -0.071800
v 0.014999 -0.072371 -0.070784
v 0.013216 -0.072730 -0.071066
v 0.011434 -0.073089 -0.071348
v -0.011345 0.073089 -0.070903
v -0.013128 0.072730 -0.070620
v -0.011256 0.073089 -0.070457
v -0.011345 -0.073089 -0.070903
v -0.011256 -0.073089 -0.070457
v -0.013128 -0.072730 -0.070620
v 0.011345 0.073089 -0.070903
v 0.011256 0.073089 -0.070457
v 0.013128 0.072730 -0.070620
v 0.011345 -0.073089 -0.070903
v 0.013128 -0.072730 -0.070620
v 0.011256 -0.073089 -0.070457
v -0.011609 0.072892 -0.068351
v -0.012523 0.072696 -0.067972
v -0.011863 0.072737 -0.067133
v -0.011184 0.072913 -0.067725
v -0.010695 0.073089 -0.068729
v -0.010505 0.073089 -0.068317
v -0.011203 0.072778 -0.066294
v -0.010759 0.072934 -0.067099
v -0.010314 0.073089 -0.067904
v -0.011863 -0.072737 -0.067133
v -0.012523 -0.072696 -0.067972
v -0.011609 -0.072892 -0.068351
v -0.011184 -0.072913 -0.067725
v -0.011203 -0.072778 -0.066294
v -0.010759 -0.072934 -0.067099
v -0.010695 -0.073089 -0.068729
v -0.010505 -0.073089 -0.068317
v -0.010314 -0.073089 -0.067904
v 0.011863 0.072737 -0.067133
v 0.012523 0.072696 -0.067972
v 0.011609 0.072892 -0.068351
v 0.011184 0.072913 -0.067725
v 0.011203 0.072778 -0.066294
v 0.010759 0.072934 -0.067099
v 0.010695 0.073089 -0.068729
v 0.010505 0.073089 -0.068317
v 0.010314 0.073089 -0.067904
v 0.011609 -0.072892 -0.068351
v 0.012523 -0.072696 -0.067972
v 0.011863 -0.072737 -0.067133
v 0.011184 -0.072913 -0.067725
v 0.010695 -0.073089 -0.068729
v 0.010505 -0.073089 -0.068317
v 0.011203 -0.072778 -0.066294
v 0.010759 -0.072934 -0.067099
v 0.010314 -0.073089 -0.067904
v -0.010092 0.073089 -0.067507
v -0.010537 0.072934 -0.066702
v -0.009870 0.073089 -0.067111
v -0.010092 -0.073089 -0.067507
v -0.009870 -0.073089 -0.067111
v -0.010537 -0.072934 -0.066702
v 0.010092 0.073089 -0.067507
v 0.009870 0.073089 -0.067111
v 0.010537 0.072934 -0.066702
v 0.010092 -0.073089 -0.067507
v 0.010537 -0.072934 -0.066702
v 0.009870 -0.073089 -0.067111
v -0.010610 0.072770 -0.065468
v -0.010114 0.072930 -0.066100
v -0.009618 0.073089 -0.066733
v -0.010016 0.072762 -0.064641
v -0.009691 0.072926 -0.065498
v -0.009365 0.073089 -0.066355
v -0.010610 -0.072770 -0.065468
v -0.010114 -0.072930 -0.066100
v -0.010016 -0.072762 -0.064641
v -0.009691 -0.072926 -0.065498
v -0.009618 -0.073089 -0.066733
v -0.009365 -0.073089 -0.066355
v 0.010610 0.072770 -0.065468
v 0.010114 0.072930 -0.066100
v 0.010016 0.072762 -0.064641
v 0.009691 0.072926 -0.065498
v 0.009618 0.073089 -0.066733
v 0.009365 0.073089 -0.066355
v 0.010610 -0.072770 -0.065468
v 0.010114 -0.072930 -0.066100
v 0.009618 -0.073089 -0.066733
v 0.010016 -0.072762 -0.064641
v 0.009691 -0.072926 -0.065498
v 0.009365 -0.073089 -0.066355
v -0.009084 0.073089 -0.065998
v -0.009409 0.072926 -0.065141
v -0.008803 0.073089 -0.065641
v -0.009084 -0.073089 -0.065998
v -0.008803 -0.073089 -0.065641
v -0.009409 -0.072926 -0.065141
v 0.009084 0.073089 -0.065998
v 0.008803 0.073089 -0.065641
v 0.009409 0.072926 -0.065141
v 0.009084 -0.073089 -0.065998
v 0.009409 -0.072926 -0.065141
v 0.008803 -0.073089 -0.065641
v -0.009102 0.072692 -0.063266
v -0.008798 0.072890 -0.064287
v -0.008494 0.073089 -0.065307
v -0.008187 0.072621 -0.061890
v -0.008187 0.072855 -0.063432
v -0.008186 0.073089 -0.064974
v -0.009102 -0.072692 -0.063266
v -0.008798 -0.072890 -0.064287
v -0.008187 -0.072621 -0.061890
v -0.008187 -0.072855 -0.063432
v -0.008494 -0.073089 -0.065307
v -0.008186 -0.073089 -0.064974
v 0.009102 0.072692 -0.063266
v 0.008798 0.072890 -0.064287
v 0.008187 0.072621 -0.061890
v 0.008187 0.072855 -0.063432
v 0.008494 0.073089 -0.065307
v 0.008186 0.073089 -0.064974
v 0.009102 -0.072692 -0.063266
v 0.008798 -0.072890 -0.064287
v 0.008494 -0.073089 -0.065307
v 0.008187 -0.072621 -0.061890
v 0.008187 -0.072855 -0.063432
v 0.008186 -0.073089 -0.064974
v -0.007852 0.073089 -0.064665
v -0.007853 0.072855 -0.063123
v -0.007518 0.073089 -0.064357
v -0.007852 -0.073089 -0.064665
v -0.007518 -0.073089 -0.064357
v -0.007853 -0.072855 -0.063123
v 0.007852 0.073089 -0.064665
v 0.007518 0.073089 -0.064357
v 0.007853 0.072855 -0.063123
v 0.007852 -0.073089 -0.064665
v 0.007853 -0.072855 -0.063123
v 0.007518 -0.073089 -0.064357
v -0.007161 0.073089 -0.064075
v -0.007496 0.072855 -0.062842
v -0.006804 0.073089 -0.063794
v -0.007161 -0.073089 -0.064075
v -0.006804 -0.073089 -0.063794
v -0.007496 -0.072855 -0.062842
v 0.007161 0.073089 -0.064075
v 0.006804 0.073089 -0.063794
v 0.007496 0.072855 -0.062842
v 0.007161 -0.073089 -0.064075
v 0.007496 -0.072855 -0.062842
v 0.006804 -0.073089 -0.063794
v -0.007862 0.072572 -0.061375
v -0.007144 0.072830 -0.062458
v -0.006426 0.073089 -0.063542
v -0.007537 0.072522 -0.060859
v -0.006793 0.072806 -0.062074
v -0.006049 0.073089 -0.063289
v -0.007862 -0.072572 -0.061375
v -0.007144 -0.072830 -0.062458
v -0.007537 -0.072522 -0.060859
v -0.006793 -0.072806 -0.062074
v -0.006426 -0.073089 -0.063542
v -0.006049 -0.073089 -0.063289
v 0.007862 0.072572 -0.061375
v 0.007144 0.072830 -0.062458
v 0.007537 0.072522 -0.060859
v 0.006793 0.072806 -0.062074
v 0.006426 0.073089 -0.063542
v 0.006049 0.073089 -0.063289
v 0.007862 -0.072572 -0.061375
v 0.007144 -0.072830 -0.062458
v 0.006426 -0.073089 -0.063542
v 0.007537 -0.072522 -0.060859
v 0.006793 -0.072806 -0.062074
v 0.006049 -0.073089 -0.063289
v -0.007195 0.072456 -0.060285
v -0.006423 0.072772 -0.061676
v -0.005652 0.073089 -0.063067
v -0.006853 0.072389 -0.059710
v -0.006054 0.072739 -0.061278
v -0.005255 0.073089 -0.062845
v -0.007195 -0.072456 -0.060285
v -0.006423 -0.072772 -0.061676
v -0.006853 -0.072389 -0.059710
v -0.006054 -0.072739 -0.061278
v -0.005652 -0.073089 -0.063067
v -0.005255 -0.073089 -0.062845
v 0.007195 0.072456 -0.060285
v 0.006423 0.072772 -0.061676
v 0.006853 0.072389 -0.059710
v 0.006054 0.072739 -0.061278
v 0.005652 0.073089 -0.063067
v 0.005255 0.073089 -0.062845
v 0.007195 -0.072456 -0.060285
v 0.006423 -0.072772 -0.061676
v 0.005652 -0.073089 -0.063067
v 0.006853 -0.072389 -0.059710
v 0.006054 -0.072739 -0.061278
v 0.005255 -0.073089 -0.062845
v -0.006489 0.072298 -0.059040
v -0.005666 0.072694 -0.060847
v -0.004843 0.073089 -0.062655
v -0.006126 0.072207 -0.058369
v -0.005278 0.072648 -0.060417
v -0.004430 0.073089 -0.062464
v -0.006489 -0.072298 -0.059040
v -0.005666 -0.072694 -0.060847
v -0.006126 -0.072207 -0.058369
v -0.005278 -0.072648 -0.060417
v -0.004843 -0.073089 -0.062655
v -0.004430 -0.073089 -0.062464
v 0.006489 0.072298 -0.059040
v 0.005666 0.072694 -0.060847
v 0.006126 0.072207 -0.058369
v 0.005278 0.072648 -0.060417
v 0.004843 0.073089 -0.062655
v 0.004430 0.073089 -0.062464
v 0.006489 -0.072298 -0.059040
v 0.005666 -0.072694 -0.060847
v 0.004843 -0.073089 -0.062655
v 0.006126 -0.072207 -0.058369
v 0.005278 -0.072648 -0.060417
v 0.004430 -0.073089 -0.062464
v -0.005732 0.072081 -0.057549
v -0.004868 0.072585 -0.059928
v -0.004004 0.073089 -0.062307
v -0.004458 0.072522 -0.059440
v -0.003577 0.073089 -0.062150
v -0.005732 -0.072081 -0.057549
v -0.004868 -0.072585 -0.059928
v -0.004458 -0.072522 -0.059440
v -0.004004 -0.073089 -0.062307
v -0.003577 -0.073089 -0.062150
v 0.005732 0.072081 -0.057549
v 0.004868 0.072585 -0.059928
v 0.004458 0.072522 -0.059440
v 0.004004 0.073089 -0.062307
v 0.003577 0.073089 -0.062150
v 0.005732 -0.072081 -0.057549
v 0.004868 -0.072585 -0.059928
v 0.004004 -0.073089 -0.062307
v 0.004458 -0.072522 -0.059440
v 0.003577 -0.073089 -0.062150
v -0.003140 0.073089 -0.062026
v -0.003913 0.072522 -0.059286
v -0.002702 0.073089 -0.061903
v -0.003368 0.072522 -0.059132
v -0.003140 -0.073089 -0.062026
v -0.003913 -0.072522 -0.059286
v -0.002702 -0.073089 -0.061903
v -0.003368 -0.072522 -0.059132
v 0.003140 0.073089 -0.062026
v 0.003913 0.072522 -0.059286
v 0.002702 0.073089 -0.061903
v 0.003368 0.072522 -0.059132
v 0.003140 -0.073089 -0.062026
v 0.003913 -0.072522 -0.059286
v 0.002702 -0.073089 -0.061903
v 0.003368 -0.072522 -0.059132
v -0.002257 0.073089 -0.061814
v -0.002812 0.072522 -0.059022
v -0.001811 0.073089 -0.061726
v -0.002257 0.072522 -0.058911
v -0.002257 -0.073089 -0.061814
v -0.002812 -0.072522 -0.059022
v -0.001811 -0.073089 -0.061726
v -0.002257 -0.072522 -0.058911
v 0.002257 0.073089 -0.061814
v 0.002812 0.072522 -0.059022
v 0.001811 0.073089 -0.061726
v 0.002257 0.072522 -0.058911
v 0.002257 -0.073089 -0.061814
v 0.002812 -0.072522 -0.059022
v 0.001811 -0.073089 -0.061726
v 0.002257 -0.072522 -0.058911
v -0.000905 0.073089 -0.061654
v -0.001467 0.072522 -0.058836
v 0.000000 0.073089 -0.061583
v -0.000678 0.072522 -0.058760
v -0.002029 0.071955 -0.056017
v -0.000905 -0.073089 -0.061654
v -0.001467 -0.072522 -0.058836
v -0.002029 -0.071955 -0.056017
v 0.000000 -0.073089 -0.061583
v -0.000678 -0.072522 -0.058760
v 0.000905 0.073089 -0.061654
v 0.001467 0.072522 -0.058836
v 0.002029 0.071955 -0.056017
v 0.000678 0.072522 -0.058760
v 0.000905 -0.073089 -0.061654
v 0.001467 -0.072522 -0.058836
v 0.000678 -0.072522 -0.058760
v 0.002029 -0.071955 -0.056017
v 0.000000 0.072522 -0.058734
v 0.000000 -0.072522 -0.058734
v -0.000905 0.073430 -0.081743
v 0.000000 0.073772 -0.078894
v 0.000000 0.073430 -0.081797
v -0.000905 -0.073430 -0.081743
v 0.000000 -0.073430 -0.081797
v 0.000000 -0.073772 -0.078894
v 0.000905 0.073430 -0.081743
v 0.000905 -0.073430 -0.081743
v -0.000678 0.073772 -0.078849
v -0.001467 0.073430 -0.081677
v -0.001355 0.073772 -0.078805
v -0.002029 0.073430 -0.081610
v -0.000678 -0.073772 -0.078849
v -0.001467 -0.073430 -0.081677
v -0.001355 -0.073772 -0.078805
v -0.002029 -0.073430 -0.081610
v 0.000678 0.073772 -0.078849
v 0.001467 0.073430 -0.081677
v 0.001355 0.073772 -0.078805
v 0.002029 0.073430 -0.081610
v 0.000678 -0.073772 -0.078849
v 0.001467 -0.073430 -0.081677
v 0.001355 -0.073772 -0.078805
v 0.002029 -0.073430 -0.081610
v -0.001575 0.073772 -0.078743
v -0.002357 0.073430 -0.081518
v -0.001794 0.073772 -0.078681
v -0.002686 0.073430 -0.081425
v -0.001575 -0.073772 -0.078743
v -0.002357 -0.073430 -0.081518
v -0.001794 -0.073772 -0.078681
v -0.002686 -0.073430 -0.081425
v 0.001575 0.073772 -0.078743
v 0.002357 0.073430 -0.081518
v 0.001794 0.073772 -0.078681
v 0.002686 0.073430 -0.081425
v 0.001575 -0.073772 -0.078743
v 0.002357 -0.073430 -0.081518
v 0.001794 -0.073772 -0.078681
v 0.002686 -0.073430 -0.081425
v -0.002008 0.073772 -0.078602
v -0.003006 0.073430 -0.081307
v -0.002222 0.073772 -0.078523
v -0.003326 0.073430 -0.081189
v -0.002008 -0.073772 -0.078602
v -0.003006 -0.073430 -0.081307
v -0.002222 -0.073772 -0.078523
v -0.003326 -0.073430 -0.081189
v 0.002008 0.073772 -0.078602
v 0.003006 0.073430 -0.081307
v 0.002222 0.073772 -0.078523
v 0.003326 0.073430 -0.081189
v 0.002008 -0.073772 -0.078602
v 0.003006 -0.073430 -0.081307
v 0.002222 -0.073772 -0.078523
v 0.003326 -0.073430 -0.081189
v -0.002429 0.073772 -0.078428
v -0.003636 0.073430 -0.081046
v -0.002636 0.073772 -0.078332
v -0.003946 0.073430 -0.080903
v -0.002429 -0.073772 -0.078428
v -0.003636 -0.073430 -0.081046
v -0.002636 -0.073772 -0.078332
v -0.003946 -0.073430 -0.080903
v 0.002429 0.073772 -0.078428
v 0.003636 0.073430 -0.081046
v 0.002636 0.073772 -0.078332
v 0.003946 0.073430 -0.080903
v 0.002429 -0.073772 -0.078428
v 0.003636 -0.073430 -0.081046
v 0.002636 -0.073772 -0.078332
v 0.003946 -0.073430 -0.080903
v -0.002835 0.073772 -0.078221
v -0.004243 0.073430 -0.080736
v -0.003034 0.073772 -0.078110
v -0.004541 0.073430 -0.080570
v -0.002835 -0.073772 -0.078221
v -0.004243 -0.073430 -0.080736
v -0.003034 -0.073772 -0.078110
v -0.004541 -0.073430 -0.080570
v 0.002835 0.073772 -0.078221
v 0.004243 0.073430 -0.080736
v 0.003034 0.073772 -0.078110
v 0.004541 0.073430 -0.080570
v 0.002835 -0.073772 -0.078221
v 0.004243 -0.073430 -0.080736
v 0.003034 -0.073772 -0.078110
v 0.004541 -0.073430 -0.080570
v -0.003223 0.073772 -0.077983
v -0.004825 0.073430 -0.080380
v -0.003413 0.073772 -0.077856
v -0.005108 0.073430 -0.080190
v -0.003223 -0.073772 -0.077983
v -0.004825 -0.073430 -0.080380
v -0.003413 -0.073772 -0.077856
v -0.005108 -0.073430 -0.080190
v 0.003223 0.073772 -0.077983
v 0.004825 0.073430 -0.080380
v 0.003413 0.073772 -0.077856
v 0.005108 0.073430 -0.080190
v 0.003223 -0.073772 -0.077983
v 0.004825 -0.073430 -0.080380
v 0.003413 -0.073772 -0.077856
v 0.005108 -0.073430 -0.080190
v -0.003592 0.073772 -0.077715
v -0.005376 0.073430 -0.079979
v -0.003771 0.073772 -0.077574
v -0.005644 0.073430 -0.079768
v -0.003592 -0.073772 -0.077715
v -0.005376 -0.073430 -0.079979
v -0.003771 -0.073772 -0.077574
v -0.005644 -0.073430 -0.079768
v 0.003592 0.073772 -0.077715
v 0.005376 0.073430 -0.079979
v 0.003771 0.073772 -0.077574
v 0.005644 0.073430 -0.079768
v 0.003592 -0.073772 -0.077715
v 0.005376 -0.073430 -0.079979
v 0.003771 -0.073772 -0.077574
v 0.005644 -0.073430 -0.079768
v -0.003938 0.073772 -0.077419
v -0.005895 0.073430 -0.079536
v -0.004105 0.073772 -0.077265
v -0.006146 0.073430 -0.079305
v -0.003938 -0.073772 -0.077419
v -0.005895 -0.073430 -0.079536
v -0.004105 -0.073772 -0.077265
v -0.006146 -0.073430 -0.079305
v 0.003938 0.073772 -0.077419
v 0.005895 0.073430 -0.079536
v 0.004105 0.073772 -0.077265
v 0.006146 0.073430 -0.079305
v 0.003938 -0.073772 -0.077419
v 0.005895 -0.073430 -0.079536
v 0.004105 -0.073772 -0.077265
v 0.006146 -0.073430 -0.079305
v -0.004260 0.073772 -0.077097
v -0.006377 0.073430 -0.079054
v -0.004415 0.073772 -0.076930
v -0.006609 0.073430 -0.078804
v -0.004260 -0.073772 -0.077097
v -0.006377 -0.073430 -0.079054
v -0.004415 -0.073772 -0.076930
v -0.006609 -0.073430 -0.078804
v 0.004260 0.073772 -0.077097
v 0.006377 0.073430 -0.079054
v 0.004415 0.073772 -0.076930
v 0.006609 0.073430 -0.078804
v 0.004260 -0.073772 -0.077097
v 0.006377 -0.073430 -0.079054
v 0.004415 -0.073772 -0.076930
v 0.006609 -0.073430 -0.078804
v -0.004556 0.073772 -0.076751
v -0.006820 0.073430 -0.078536
v -0.004697 0.073772 -0.076572
v -0.007031 0.073430 -0.078268
v -0.004556 -0.073772 -0.076751
v -0.006820 -0.073430 -0.078536
v -0.004697 -0.073772 -0.076572
v -0.007031 -0.073430 -0.078268
v 0.004556 0.073772 -0.076751
v 0.006820 0.073430 -0.078536
v 0.004697 0.073772 -0.076572
v 0.007031 0.073430 -0.078268
v 0.004556 -0.073772 -0.076751
v 0.006820 -0.073430 -0.078536
v 0.004697 -0.073772 -0.076572
v 0.007031 -0.073430 -0.078268
v -0.004824 0.073772 -0.076382
v -0.007221 0.073430 -0.077984
v -0.004950 0.073772 -0.076193
v -0.007410 0.073430 -0.077700
v -0.004824 -0.073772 -0.076382
v -0.007221 -0.073430 -0.077984
v -0.004950 -0.073772 -0.076193
v -0.007410 -0.073430 -0.077700
v 0.004824 0.073772 -0.076382
v 0.007221 0.073430 -0.077984
v 0.004950 0.073772 -0.076193
v 0.007410 0.073430 -0.077700
v 0.004824 -0.073772 -0.076382
v 0.007221 -0.073430 -0.077984
v 0.004950 -0.073772 -0.076193
v 0.007410 -0.073430 -0.077700
v -0.005062 0.073772 -0.075994
v -0.007577 0.073430 -0.077403
v -0.005173 0.073772 -0.075795
v -0.007744 0.073430 -0.077105
v -0.005062 -0.073772 -0.075994
v -0.007577 -0.073430 -0.077403
v -0.005173 -0.073772 -0.075795
v -0.007744 -0.073430 -0.077105
v 0.005062 0.073772 -0.075994
v 0.007577 0.073430 -0.077403
v 0.005173 0.073772 -0.075795
v 0.007744 0.073430 -0.077105
v 0.005062 -0.073772 -0.075994
v 0.007577 -0.073430 -0.077403
v 0.005173 -0.073772 -0.075795
v 0.007744 -0.073430 -0.077105
v -0.005269 0.073772 -0.075588
v -0.007887 0.073430 -0.076795
v -0.005364 0.073772 -0.075381
v -0.008030 0.073430 -0.076485
v -0.005269 -0.073772 -0.075588
v -0.007887 -0.073430 -0.076795
v -0.005364 -0.073772 -0.075381
v -0.008030 -0.073430 -0.076485
v 0.005269 0.073772 -0.075588
v 0.007887 0.073430 -0.076795
v 0.005364 0.073772 -0.075381
v 0.008030 0.073430 -0.076485
v 0.005269 -0.073772 -0.075588
v 0.007887 -0.073430 -0.076795
v 0.005364 -0.073772 -0.075381
v 0.008030 -0.073430 -0.076485
v -0.005443 0.073772 -0.075167
v -0.008148 0.073430 -0.076165
v -0.005522 0.073772 -0.074953
v -0.008266 0.073430 -0.075845
v -0.005443 -0.073772 -0.075167
v -0.008148 -0.073430 -0.076165
v -0.005522 -0.073772 -0.074953
v -0.008266 -0.073430 -0.075845
v 0.005443 0.073772 -0.075167
v 0.008148 0.073430 -0.076165
v 0.005522 0.073772 -0.074953
v 0.008266 0.073430 -0.075845
v 0.005443 -0.073772 -0.075167
v 0.008148 -0.073430 -0.076165
v 0.005522 -0.073772 -0.074953
v 0.008266 -0.073430 -0.075845
v -0.005584 0.073772 -0.074734
v -0.008358 0.073430 -0.075517
v -0.005646 0.073772 -0.074515
v -0.008451 0.073430 -0.075188
v -0.005584 -0.073772 -0.074734
v -0.008358 -0.073430 -0.075517
v -0.005646 -0.073772 -0.074515
v -0.008451 -0.073430 -0.075188
v 0.005584 0.073772 -0.074734
v 0.008358 0.073430 -0.075517
v 0.005646 0.073772 -0.074515
v 0.008451 0.073430 -0.075188
v 0.005584 -0.073772 -0.074734
v 0.008358 -0.073430 -0.075517
v 0.005646 -0.073772 -0.074515
v 0.008451 -0.073430 -0.075188
v -0.005690 0.073772 -0.074291
v -0.008517 0.073430 -0.074853
v -0.005735 0.073772 -0.074068
v -0.008584 0.073430 -0.074519
v -0.005690 -0.073772 -0.074291
v -0.008517 -0.073430 -0.074854
v -0.005735 -0.073772 -0.074068
v -0.008584 -0.073430 -0.074519
v 0.005690 0.073772 -0.074291
v 0.008517 0.073430 -0.074854
v 0.005735 0.073772 -0.074068
v 0.008584 0.073430 -0.074519
v 0.005690 -0.073772 -0.074291
v 0.008517 -0.073430 -0.074853
v 0.005735 -0.073772 -0.074068
v 0.008584 -0.073430 -0.074519
v -0.005761 0.073772 -0.073841
v -0.008624 0.073430 -0.074180
v -0.005788 0.073772 -0.073615
v -0.008664 0.073430 -0.073841
v -0.005761 -0.073772 -0.073841
v -0.008624 -0.073430 -0.074180
v -0.005788 -0.073772 -0.073615
v -0.008664 -0.073430 -0.073841
v 0.005761 0.073772 -0.073841
v 0.008624 0.073430 -0.074180
v 0.005788 0.073772 -0.073615
v 0.008664 0.073430 -0.073841
v 0.005761 -0.073772 -0.073841
v 0.008624 -0.073430 -0.074180
v 0.005788 -0.073772 -0.073615
v 0.008664 -0.073430 -0.073841
v -0.005797 0.073772 -0.073387
v -0.008678 0.073430 -0.073500
v -0.005806 0.073772 -0.073159
v -0.008691 0.073430 -0.073159
v -0.005797 -0.073772 -0.073387
v -0.008678 -0.073430 -0.073500
v -0.005806 -0.073772 -0.073159
v -0.008691 -0.073430 -0.073159
v 0.005797 0.073772 -0.073387
v 0.008678 0.073430 -0.073500
v 0.005806 0.073772 -0.073159
v 0.008691 0.073430 -0.073159
v 0.005797 -0.073772 -0.073387
v 0.008678 -0.073430 -0.073500
v 0.005806 -0.073772 -0.073159
v 0.008691 -0.073430 -0.073159
v -0.005797 0.073772 -0.072931
v -0.008678 0.073430 -0.072818
v -0.005788 0.073772 -0.072704
v -0.008664 0.073430 -0.072477
v -0.005797 -0.073772 -0.072931
v -0.008678 -0.073430 -0.072818
v -0.005788 -0.073772 -0.072704
v -0.008664 -0.073430 -0.072477
v 0.005797 0.073772 -0.072931
v 0.008678 0.073430 -0.072818
v 0.005788 0.073772 -0.072704
v 0.008664 0.073430 -0.072477
v 0.005797 -0.073772 -0.072931
v 0.008678 -0.073430 -0.072818
v 0.005788 -0.073772 -0.072704
v 0.008664 -0.073430 -0.072477
v -0.005761 0.073772 -0.072477
v -0.008624 0.073430 -0.072139
v -0.005735 0.073772 -0.072251
v -0.008584 0.073430 -0.071800
v -0.005761 -0.073772 -0.072477
v -0.008624 -0.073430 -0.072139
v -0.005735 -0.073772 -0.072251
v -0.008584 -0.073430 -0.071800
v 0.005761 0.073772 -0.072477
v 0.008624 0.073430 -0.072139
v 0.005735 0.073772 -0.072251
v 0.008584 0.073430 -0.071800
v 0.005761 -0.073772 -0.072477
v 0.008624 -0.073430 -0.072139
v 0.005735 -0.073772 -0.072251
v 0.008584 -0.073430 -0.071800
v -0.005690 0.073772 -0.072027
v -0.008517 0.073430 -0.071465
v -0.005646 0.073772 -0.071804
v -0.008451 0.073430 -0.071130
v -0.005690 -0.073772 -0.072027
v -0.008517 -0.073430 -0.071465
v -0.005646 -0.073772 -0.071804
v -0.008451 -0.073430 -0.071130
v 0.005690 0.073772 -0.072027
v 0.008517 0.073430 -0.071465
v 0.005646 0.073772 -0.071804
v 0.008451 0.073430 -0.071130
v 0.005690 -0.073772 -0.072027
v 0.008517 -0.073430 -0.071465
v 0.005646 -0.073772 -0.071804
v 0.008451 -0.073430 -0.071130
v -0.005584 0.073772 -0.071585
v -0.008280 0.073430 -0.070589
v -0.005522 0.073772 -0.071365
v -0.008108 0.073430 -0.070047
v -0.010976 0.073089 -0.069593
v -0.005584 -0.073772 -0.071585
v -0.008280 -0.073430 -0.070589
v -0.010976 -0.073089 -0.069593
v -0.005522 -0.073772 -0.071365
v -0.008108 -0.073430 -0.070047
v 0.005584 0.073772 -0.071585
v 0.008280 0.073430 -0.070589
v 0.010976 0.073089 -0.069593
v 0.005522 0.073772 -0.071365
v 0.008108 0.073430 -0.070047
v 0.005584 -0.073772 -0.071585
v 0.008280 -0.073430 -0.070589
v 0.005522 -0.073772 -0.071365
v 0.008108 -0.073430 -0.070047
v 0.010976 -0.073089 -0.069593
v -0.008030 0.073430 -0.069833
v -0.005364 0.073772 -0.070937
v -0.005443 0.073772 -0.071151
v -0.008030 -0.073430 -0.069833
v -0.005443 -0.073772 -0.071151
v -0.005364 -0.073772 -0.070937
v 0.008030 0.073430 -0.069833
v 0.005443 0.073772 -0.071151
v 0.005364 0.073772 -0.070937
v 0.008030 -0.073430 -0.069833
v 0.005364 -0.073772 -0.070937
v 0.005443 -0.073772 -0.071151
v -0.005269 0.073772 -0.070730
v -0.007887 0.073430 -0.069523
v -0.005173 0.073772 -0.070523
v -0.007744 0.073430 -0.069214
v -0.005269 -0.073772 -0.070730
v -0.007887 -0.073430 -0.069523
v -0.005173 -0.073772 -0.070523
v -0.007744 -0.073430 -0.069214
v 0.005269 0.073772 -0.070730
v 0.007887 0.073430 -0.069523
v 0.005173 0.073772 -0.070523
v 0.007744 0.073430 -0.069214
v 0.005269 -0.073772 -0.070730
v 0.007887 -0.073430 -0.069523
v 0.005173 -0.073772 -0.070523
v 0.007744 -0.073430 -0.069214
v -0.005062 0.073772 -0.070325
v -0.007577 0.073430 -0.068916
v -0.004950 0.073772 -0.070126
v -0.007410 0.073430 -0.068618
v -0.005062 -0.073772 -0.070325
v -0.007577 -0.073430 -0.068916
v -0.004950 -0.073772 -0.070126
v -0.007410 -0.073430 -0.068618
v 0.005062 0.073772 -0.070325
v 0.007577 0.073430 -0.068916
v 0.004950 0.073772 -0.070126
v 0.007410 0.073430 -0.068618
v 0.005062 -0.073772 -0.070325
v 0.007577 -0.073430 -0.068916
v 0.004950 -0.073772 -0.070126
v 0.007410 -0.073430 -0.068618
v -0.004824 0.073772 -0.069936
v -0.007221 0.073430 -0.068335
v -0.004697 0.073772 -0.069747
v -0.007031 0.073430 -0.068051
v -0.004824 -0.073772 -0.069936
v -0.007221 -0.073430 -0.068335
v -0.004697 -0.073772 -0.069747
v -0.007031 -0.073430 -0.068051
v 0.004824 0.073772 -0.069936
v 0.007221 0.073430 -0.068335
v 0.004697 0.073772 -0.069747
v 0.007031 0.073430 -0.068051
v 0.004824 -0.073772 -0.069936
v 0.007221 -0.073430 -0.068335
v 0.004697 -0.073772 -0.069747
v 0.007031 -0.073430 -0.068051
v -0.004556 0.073772 -0.069568
v -0.006820 0.073430 -0.067783
v -0.004415 0.073772 -0.069389
v -0.006609 0.073430 -0.067515
v -0.004556 -0.073772 -0.069568
v -0.006820 -0.073430 -0.067783
v -0.004415 -0.073772 -0.069389
v -0.006609 -0.073430 -0.067515
v 0.004556 0.073772 -0.069568
v 0.006820 0.073430 -0.067783
v 0.004415 0.073772 -0.069389
v 0.006609 0.073430 -0.067515
v 0.004556 -0.073772 -0.069568
v 0.006820 -0.073430 -0.067783
v 0.004415 -0.073772 -0.069389
v 0.006609 -0.073430 -0.067515
v -0.004260 0.073772 -0.069221
v -0.006377 0.073430 -0.067264
v -0.004105 0.073772 -0.069054
v -0.006146 0.073430 -0.067014
v -0.004260 -0.073772 -0.069221
v -0.006377 -0.073430 -0.067264
v -0.004105 -0.073772 -0.069054
v -0.006146 -0.073430 -0.067014
v 0.004260 0.073772 -0.069221
v 0.006377 0.073430 -0.067264
v 0.004105 0.073772 -0.069054
v 0.006146 0.073430 -0.067014
v 0.004260 -0.073772 -0.069221
v 0.006377 -0.073430 -0.067264
v 0.004105 -0.073772 -0.069054
v 0.006146 -0.073430 -0.067014
v -0.003938 0.073772 -0.068899
v -0.005895 0.073430 -0.066782
v -0.003771 0.073772 -0.068744
v -0.005644 0.073430 -0.066551
v -0.003938 -0.073772 -0.068899
v -0.005895 -0.073430 -0.066782
v -0.003771 -0.073772 -0.068744
v -0.005644 -0.073430 -0.066551
v 0.003938 0.073772 -0.068899
v 0.005895 0.073430 -0.066782
v 0.003771 0.073772 -0.068744
v 0.005644 0.073430 -0.066551
v 0.003938 -0.073772 -0.068899
v 0.005895 -0.073430 -0.066782
v 0.003771 -0.073772 -0.068744
v 0.005644 -0.073430 -0.066551
v -0.003592 0.073772 -0.068603
v -0.005376 0.073430 -0.066339
v -0.003413 0.073772 -0.068462
v -0.005108 0.073430 -0.066128
v -0.003592 -0.073772 -0.068603
v -0.005376 -0.073430 -0.066339
v -0.003413 -0.073772 -0.068462
v -0.005108 -0.073430 -0.066128
v 0.003592 0.073772 -0.068603
v 0.005376 0.073430 -0.066339
v 0.003413 0.073772 -0.068462
v 0.005108 0.073430 -0.066128
v 0.003592 -0.073772 -0.068603
v 0.005376 -0.073430 -0.066339
v 0.003413 -0.073772 -0.068462
v 0.005108 -0.073430 -0.066128
v -0.003223 0.073772 -0.068336
v -0.004825 0.073430 -0.065939
v -0.003034 0.073772 -0.068209
v -0.004541 0.073430 -0.065749
v -0.003223 -0.073772 -0.068336
v -0.004825 -0.073430 -0.065939
v -0.003034 -0.073772 -0.068209
v -0.004541 -0.073430 -0.065749
v 0.003223 0.073772 -0.068336
v 0.004825 0.073430 -0.065939
v 0.003034 0.073772 -0.068209
v 0.004541 0.073430 -0.065749
v 0.003223 -0.073772 -0.068336
v 0.004825 -0.073430 -0.065939
v 0.003034 -0.073772 -0.068209
v 0.004541 -0.073430 -0.065749
v -0.002835 0.073772 -0.068098
v -0.004243 0.073430 -0.065582
v -0.002636 0.073772 -0.067986
v -0.003946 0.073430 -0.065415
v -0.002835 -0.073772 -0.068098
v -0.004243 -0.073430 -0.065582
v -0.002636 -0.073772 -0.067986
v -0.003946 -0.073430 -0.065415
v 0.002835 0.073772 -0.068098
v 0.004243 0.073430 -0.065582
v 0.002636 0.073772 -0.067986
v 0.003946 0.073430 -0.065415
v 0.002835 -0.073772 -0.068098
v 0.004243 -0.073430 -0.065582
v 0.002636 -0.073772 -0.067986
v 0.003946 -0.073430 -0.065415
v -0.002429 0.073772 -0.067891
v -0.003636 0.073430 -0.065273
v -0.002222 0.073772 -0.067795
v -0.003326 0.073430 -0.065130
v -0.002429 -0.073772 -0.067891
v -0.003636 -0.073430 -0.065273
v -0.002222 -0.073772 -0.067795
v -0.003326 -0.073430 -0.065130
v 0.002429 0.073772 -0.067891
v 0.003636 0.073430 -0.065273
v 0.002222 0.073772 -0.067795
v 0.003326 0.073430 -0.065130
v 0.002429 -0.073772 -0.067891
v 0.003636 -0.073430 -0.065273
v 0.002222 -0.073772 -0.067795
v 0.003326 -0.073430 -0.065130
v -0.002008 0.073772 -0.067716
v -0.003006 0.073430 -0.065012
v -0.001794 0.073772 -0.067638
v -0.002686 0.073430 -0.064894
v -0.002008 -0.073772 -0.067716
v -0.003006 -0.073430 -0.065012
v -0.001794 -0.073772 -0.067638
v -0.002686 -0.073430 -0.064894
v 0.002008 0.073772 -0.067716
v 0.003006 0.073430 -0.065012
v 0.001794 0.073772 -0.067638
v 0.002686 0.073430 -0.064894
v 0.002008 -0.073772 -0.067716
v 0.003006 -0.073430 -0.065012
v 0.001794 -0.073772 -0.067638
v 0.002686 -0.073430 -0.064894
v -0.001575 0.073772 -0.067576
v -0.002357 0.073430 -0.064801
v -0.001355 0.073772 -0.067514
v -0.002029 0.073430 -0.064708
v -0.001575 -0.073772 -0.067576
v -0.002357 -0.073430 -0.064801
v -0.001355 -0.073772 -0.067514
v -0.002029 -0.073430 -0.064708
v 0.001575 0.073772 -0.067576
v 0.002357 0.073430 -0.064801
v 0.001355 0.073772 -0.067514
v 0.002029 0.073430 -0.064708
v 0.001575 -0.073772 -0.067576
v 0.002357 -0.073430 -0.064801
v 0.001355 -0.073772 -0.067514
v 0.002029 -0.073430 -0.064708
v -0.000678 0.073772 -0.067433
v -0.001467 0.073430 -0.064624
v 0.000000 0.073772 -0.067353
v -0.000905 0.073430 -0.064539
v -0.000678 -0.073772 -0.067433
v -0.001467 -0.073430 -0.064624
v 0.000000 -0.073772 -0.067353
v -0.000905 -0.073430 -0.064539
v 0.000678 0.073772 -0.067433
v 0.001467 0.073430 -0.064624
v 0.000905 0.073430 -0.064539
v 0.000678 -0.073772 -0.067433
v 0.001467 -0.073430 -0.064624
v 0.000905 -0.073430 -0.064539
v 0.000000 0.073430 -0.064468
v 0.000000 -0.073430 -0.064468
v -0.000678 0.073886 -0.075982
v 0.000000 0.074000 -0.073159
v 0.000000 0.073886 -0.076026
v -0.000678 -0.073886 -0.075982
v 0.000000 -0.073886 -0.076026
v 0.000000 -0.074000 -0.073159
v 0.000678 0.073886 -0.075982
v 0.000678 -0.073886 -0.075982
v -0.000897 0.073886 -0.075920
v -0.000897 -0.073886 -0.075920
v 0.000897 0.073886 -0.075920
v 0.000897 -0.073886 -0.075920
v -0.001111 0.073886 -0.075841
v -0.001111 -0.073886 -0.075841
v 0.001111 0.073886 -0.075841
v 0.001111 -0.073886 -0.075841
v -0.001318 0.073886 -0.075746
v -0.001318 -0.073886 -0.075746
v 0.001318 0.073886 -0.075746
v 0.001318 -0.073886 -0.075746
v -0.001517 0.073886 -0.075634
v -0.001517 -0.073886 -0.075634
v 0.001517 0.073886 -0.075634
v 0.001517 -0.073886 -0.075634
v -0.001706 0.073886 -0.075508
v -0.001706 -0.073886 -0.075508
v 0.001706 0.073886 -0.075508
v 0.001706 -0.073886 -0.075508
v -0.001885 0.073886 -0.075367
v -0.001885 -0.073886 -0.075367
v 0.001885 0.073886 -0.075367
v 0.001885 -0.073886 -0.075367
v -0.002053 0.073886 -0.075212
v -0.002053 -0.073886 -0.075212
v 0.002053 0.073886 -0.075212
v 0.002053 -0.073886 -0.075212
v -0.002207 0.073886 -0.075045
v -0.002207 -0.073886 -0.075045
v 0.002207 0.073886 -0.075045
v 0.002207 -0.073886 -0.075045
v -0.002349 0.073886 -0.074866
v -0.002349 -0.073886 -0.074866
v 0.002349 0.073886 -0.074866
v 0.002349 -0.073886 -0.074866
v -0.002475 0.073886 -0.074676
v -0.002475 -0.073886 -0.074676
v 0.002475 0.073886 -0.074676
v 0.002475 -0.073886 -0.074676
v -0.002587 0.073886 -0.074477
v -0.002587 -0.073886 -0.074477
v 0.002587 0.073886 -0.074477
v 0.002587 -0.073886 -0.074477
v -0.002682 0.073886 -0.074270
v -0.002682 -0.073886 -0.074270
v 0.002682 0.073886 -0.074270
v 0.002682 -0.073886 -0.074270
v -0.002761 0.073886 -0.074056
v -0.002761 -0.073886 -0.074056
v 0.002761 0.073886 -0.074056
v 0.002761 -0.073886 -0.074056
v -0.002823 0.073886 -0.073837
v -0.002823 -0.073886 -0.073837
v 0.002823 0.073886 -0.073837
v 0.002823 -0.073886 -0.073837
v -0.002867 0.073886 -0.073613
v -0.002867 -0.073886 -0.073613
v 0.002867 0.073886 -0.073613
v 0.002867 -0.073886 -0.073613
v -0.002894 0.073886 -0.073387
v -0.002894 -0.073886 -0.073387
v 0.002894 0.073886 -0.073387
v 0.002894 -0.073886 -0.073387
v -0.002903 0.073886 -0.073159
v -0.002903 -0.073886 -0.073159
v 0.002903 0.073886 -0.073159
v 0.002903 -0.073886 -0.073159
v -0.002894 0.073886 -0.072931
v -0.002894 -0.073886 -0.072931
v 0.002894 0.073886 -0.072931
v 0.002894 -0.073886 -0.072931
v -0.002867 0.073886 -0.072705
v -0.002867 -0.073886 -0.072705
v 0.002867 0.073886 -0.072705
v 0.002867 -0.073886 -0.072705
v -0.002823 0.073886 -0.072482
v -0.002823 -0.073886 -0.072482
v 0.002823 0.073886 -0.072482
v 0.002823 -0.073886 -0.072482
v -0.002761 0.073886 -0.072262
v -0.002761 -0.073886 -0.072262
v 0.002761 0.073886 -0.072262
v 0.002761 -0.073886 -0.072262
v -0.002682 0.073886 -0.072048
v -0.002682 -0.073886 -0.072048
v 0.002682 0.073886 -0.072048
v 0.002682 -0.073886 -0.072048
v -0.002587 0.073886 -0.071841
v -0.002587 -0.073886 -0.071841
v 0.002587 0.073886 -0.071841
v 0.002587 -0.073886 -0.071841
v -0.002475 0.073886 -0.071643
v -0.002475 -0.073886 -0.071643
v 0.002475 0.073886 -0.071643
v 0.002475 -0.073886 -0.071643
v -0.002349 0.073886 -0.071453
v -0.002349 -0.073886 -0.071453
v 0.002349 0.073886 -0.071453
v 0.002349 -0.073886 -0.071453
v -0.002207 0.073886 -0.071274
v -0.002207 -0.073886 -0.071274
v 0.002207 0.073886 -0.071274
v 0.002207 -0.073886 -0.071274
v -0.002053 0.073886 -0.071107
v -0.002053 -0.073886 -0.071107
v 0.002053 0.073886 -0.071107
v 0.002053 -0.073886 -0.071107
v -0.001885 0.073886 -0.070952
v -0.001885 -0.073886 -0.070952
v 0.001885 0.073886 -0.070952
v 0.001885 -0.073886 -0.070952
v -0.001706 0.073886 -0.070811
v -0.001706 -0.073886 -0.070811
v 0.001706 0.073886 -0.070811
v 0.001706 -0.073886 -0.070811
v -0.001517 0.073886 -0.070684
v -0.001517 -0.073886 -0.070684
v 0.001517 0.073886 -0.070684
v 0.001517 -0.073886 -0.070684
v -0.001318 0.073886 -0.070573
v -0.001318 -0.073886 -0.070573
v 0.001318 0.073886 -0.070573
v 0.001318 -0.073886 -0.070573
v -0.001111 0.073886 -0.070477
v -0.001111 -0.073886 -0.070477
v 0.001111 0.073886 -0.070477
v 0.001111 -0.073886 -0.070477
v -0.000897 0.073886 -0.070398
v -0.000897 -0.073886 -0.070398
v 0.000897 0.073886 -0.070398
v 0.000897 -0.073886 -0.070398
v -0.000678 0.073886 -0.070336
v -0.000678 -0.073886 -0.070336
v 0.000678 0.073886 -0.070336
v 0.000678 -0.073886 -0.070336
v 0.000000 0.073886 -0.070256
v 0.000000 -0.073886 -0.070256
v -0.029782 0.019685 -0.022027
v -0.030130 0.019032 -0.022030
v -0.028435 0.018011 -0.020627
v -0.028113 0.018632 -0.020629
v -0.029434 0.020338 -0.022025
v -0.027792 0.019253 -0.020631
v -0.026739 0.016990 -0.019224
v -0.026445 0.017580 -0.019230
v -0.026151 0.018169 -0.019236
v -0.028435 -0.018011 -0.020627
v -0.030130 -0.019032 -0.022030
v -0.029782 -0.019685 -0.022027
v -0.028113 -0.018632 -0.020629
v -0.026739 -0.016990 -0.019224
v -0.026445 -0.017580 -0.019230
v -0.029434 -0.020338 -0.022025
v -0.027792 -0.019253 -0.020631
v -0.026151 -0.018169 -0.019236
v 0.028435 0.018011 -0.020627
v 0.030130 0.019032 -0.022030
v 0.029782 0.019685 -0.022027
v 0.028113 0.018632 -0.020629
v 0.026739 0.016990 -0.019224
v 0.026445 0.017580 -0.019230
v 0.029434 0.020338 -0.022025
v 0.027792 0.019253 -0.020631
v 0.026151 0.018169 -0.019236
v 0.029782 -0.019685 -0.022027
v 0.030130 -0.019032 -0.022030
v 0.028435 -0.018011 -0.020627
v 0.028113 -0.018632 -0.020629
v 0.029434 -0.020338 -0.022025
v 0.027792 -0.019253 -0.020631
v 0.026739 -0.016990 -0.019224
v 0.026445 -0.017580 -0.019230
v 0.026151 -0.018169 -0.019236
v -0.029058 0.020967 -0.022034
v -0.027449 0.019838 -0.020638
v -0.028683 0.021597 -0.022044
v -0.027106 0.020422 -0.020645
v -0.025840 0.018708 -0.019241
v -0.025528 0.019246 -0.019246
v -0.029058 -0.020967 -0.022034
v -0.027449 -0.019838 -0.020638
v -0.025840 -0.018708 -0.019241
v -0.028683 -0.021597 -0.022044
v -0.027106 -0.020422 -0.020645
v -0.025528 -0.019246 -0.019246
v 0.029058 0.020967 -0.022034
v 0.027449 0.019838 -0.020638
v 0.025840 0.018708 -0.019241
v 0.028683 0.021597 -0.022044
v 0.027106 0.020422 -0.020645
v 0.025528 0.019246 -0.019246
v 0.029058 -0.020967 -0.022034
v 0.027449 -0.019838 -0.020638
v 0.028683 -0.021597 -0.022044
v 0.027106 -0.020422 -0.020645
v 0.025840 -0.018708 -0.019241
v 0.025528 -0.019246 -0.019246
v -0.028283 0.022210 -0.022071
v -0.026746 0.021019 -0.020673
v -0.027882 0.022823 -0.022097
v -0.026387 0.021616 -0.020701
v -0.025210 0.019828 -0.019275
v -0.024891 0.020410 -0.019304
v -0.028283 -0.022210 -0.022071
v -0.026746 -0.021019 -0.020673
v -0.025210 -0.019828 -0.019275
v -0.027882 -0.022823 -0.022097
v -0.026387 -0.021616 -0.020701
v -0.024891 -0.020410 -0.019304
v 0.028283 0.022210 -0.022071
v 0.026746 0.021019 -0.020673
v 0.025210 0.019828 -0.019275
v 0.027882 0.022823 -0.022097
v 0.026387 0.021616 -0.020701
v 0.024891 0.020410 -0.019304
v 0.028283 -0.022210 -0.022071
v 0.026746 -0.021019 -0.020673
v 0.027882 -0.022823 -0.022097
v 0.026387 -0.021616 -0.020701
v 0.025210 -0.019828 -0.019275
v 0.024891 -0.020410 -0.019304
v -0.027361 0.023479 -0.022084
v -0.025930 0.022272 -0.020700
v -0.026840 0.024134 -0.022071
v -0.025473 0.022928 -0.020699
v -0.024498 0.021066 -0.019316
v -0.024106 0.021723 -0.019327
v -0.027361 -0.023479 -0.022084
v -0.025930 -0.022272 -0.020700
v -0.024498 -0.021066 -0.019316
v -0.026840 -0.024134 -0.022071
v -0.025473 -0.022928 -0.020699
v -0.024106 -0.021723 -0.019327
v 0.027361 0.023479 -0.022084
v 0.025930 0.022272 -0.020700
v 0.024498 0.021066 -0.019316
v 0.026840 0.024134 -0.022071
v 0.025473 0.022928 -0.020699
v 0.024106 0.021723 -0.019327
v 0.027361 -0.023479 -0.022084
v 0.025930 -0.022272 -0.020700
v 0.026840 -0.024134 -0.022071
v 0.025473 -0.022928 -0.020699
v 0.024498 -0.021066 -0.019316
v 0.024106 -0.021723 -0.019327
v -0.025746 0.024999 -0.021767
v -0.023860 0.023900 -0.020044
v -0.024651 0.025864 -0.021462
v -0.022247 0.024872 -0.019388
v -0.021974 0.022802 -0.018321
v -0.019842 0.023881 -0.017314
v -0.025746 -0.024999 -0.021767
v -0.023860 -0.023900 -0.020044
v -0.021974 -0.022802 -0.018321
v -0.024651 -0.025864 -0.021462
v -0.022247 -0.024872 -0.019388
v -0.019842 -0.023881 -0.017314
v 0.025746 0.024999 -0.021767
v 0.023860 0.023900 -0.020044
v 0.021974 0.022802 -0.018321
v 0.024651 0.025864 -0.021462
v 0.022247 0.024872 -0.019388
v 0.019842 0.023881 -0.017314
v 0.025746 -0.024999 -0.021767
v 0.023860 -0.023900 -0.020044
v 0.024651 -0.025864 -0.021462
v 0.022247 -0.024872 -0.019388
v 0.021974 -0.022802 -0.018321
v 0.019842 -0.023881 -0.017314
v -0.033691 0.020216 -0.025156
v -0.034046 0.019479 -0.025161
v -0.032410 0.018585 -0.023603
v -0.032071 0.019289 -0.023597
v -0.033336 0.020954 -0.025151
v -0.031733 0.019993 -0.023590
v -0.030774 0.017692 -0.022044
v -0.030452 0.018362 -0.022037
v -0.032410 -0.018585 -0.023603
v -0.034046 -0.019479 -0.025161
v -0.033691 -0.020216 -0.025156
v -0.032071 -0.019289 -0.023597
v -0.030774 -0.017692 -0.022044
v -0.030452 -0.018362 -0.022037
v -0.033336 -0.020954 -0.025151
v -0.031733 -0.019993 -0.023590
v 0.032410 0.018585 -0.023603
v 0.034046 0.019479 -0.025161
v 0.033691 0.020216 -0.025156
v 0.032071 0.019289 -0.023597
v 0.030774 0.017692 -0.022044
v 0.030452 0.018362 -0.022037
v 0.033336 0.020954 -0.025151
v 0.031733 0.019993 -0.023590
v 0.033691 -0.020216 -0.025156
v 0.034046 -0.019479 -0.025161
v 0.032410 -0.018585 -0.023603
v 0.032071 -0.019289 -0.023597
v 0.033336 -0.020954 -0.025151
v 0.031733 -0.019993 -0.023590
v 0.030774 -0.017692 -0.022044
v 0.030452 -0.018362 -0.022037
v -0.032955 0.021675 -0.025148
v -0.031368 0.020680 -0.023588
v -0.032573 0.022396 -0.025145
v -0.031004 0.021367 -0.023585
v -0.032955 -0.021675 -0.025148
v -0.031368 -0.020680 -0.023588
v -0.032573 -0.022396 -0.025145
v -0.031004 -0.021367 -0.023585
v 0.032955 0.021675 -0.025148
v 0.031368 0.020680 -0.023588
v 0.032573 0.022396 -0.025145
v 0.031004 0.021367 -0.023585
v 0.032955 -0.021675 -0.025148
v 0.031368 -0.020680 -0.023588
v 0.032573 -0.022396 -0.025145
v 0.031004 -0.021367 -0.023585
v -0.032162 0.023099 -0.025143
v -0.030610 0.022033 -0.023589
v -0.031750 0.023802 -0.025142
v -0.030216 0.022699 -0.023593
v -0.032162 -0.023099 -0.025143
v -0.030610 -0.022033 -0.023589
v -0.031750 -0.023802 -0.025142
v -0.030216 -0.022699 -0.023593
v 0.032162 0.023099 -0.025143
v 0.030610 0.022033 -0.023589
v 0.031750 0.023802 -0.025142
v 0.030216 0.022699 -0.023593
v 0.032162 -0.023099 -0.025143
v 0.030610 -0.022033 -0.023589
v 0.031750 -0.023802 -0.025142
v 0.030216 -0.022699 -0.023593
v -0.031303 0.024476 -0.025158
v -0.029793 0.023343 -0.023614
v -0.030857 0.025150 -0.025174
v -0.029369 0.023987 -0.023636
v -0.031303 -0.024476 -0.025158
v -0.029793 -0.023343 -0.023614
v -0.030857 -0.025150 -0.025174
v -0.029369 -0.023987 -0.023636
v 0.031303 0.024476 -0.025158
v 0.029793 0.023343 -0.023614
v 0.030857 0.025150 -0.025174
v 0.029369 0.023987 -0.023636
v 0.031303 -0.024476 -0.025158
v 0.029793 -0.023343 -0.023614
v 0.030857 -0.025150 -0.025174
v 0.029369 -0.023987 -0.023636
v -0.030337 0.025818 -0.025192
v -0.028849 0.024648 -0.023638
v -0.029818 0.026485 -0.025210
v -0.028329 0.025310 -0.023641
v -0.030337 -0.025818 -0.025192
v -0.028849 -0.024648 -0.023638
v -0.029818 -0.026485 -0.025210
v -0.028329 -0.025310 -0.023641
v 0.030337 0.025818 -0.025192
v 0.028849 0.024648 -0.023638
v 0.029818 0.026485 -0.025210
v 0.028329 0.025310 -0.023641
v 0.030337 -0.025818 -0.025192
v 0.028849 -0.024648 -0.023638
v 0.029818 -0.026485 -0.025210
v 0.028329 -0.025310 -0.023641
v -0.029037 0.027247 -0.025124
v -0.027391 0.026123 -0.023445
v -0.028256 0.028010 -0.025039
v -0.026454 0.026937 -0.023250
v -0.029037 -0.027247 -0.025124
v -0.027391 -0.026123 -0.023445
v -0.028256 -0.028010 -0.025039
v -0.026454 -0.026937 -0.023250
v 0.029037 0.027247 -0.025124
v 0.027391 0.026123 -0.023445
v 0.028256 0.028010 -0.025039
v 0.026454 0.026937 -0.023250
v 0.029037 -0.027247 -0.025124
v 0.027391 -0.026123 -0.023445
v 0.028256 -0.028010 -0.025039
v 0.026454 -0.026937 -0.023250
v -0.027308 0.028875 -0.024893
v -0.025436 0.027884 -0.023063
v -0.026360 0.029740 -0.024748
v -0.024419 0.028832 -0.022876
v -0.023564 0.026894 -0.021233
v -0.022477 0.027923 -0.021004
v -0.027308 -0.028875 -0.024893
v -0.025436 -0.027884 -0.023063
v -0.023564 -0.026894 -0.021233
v -0.026360 -0.029740 -0.024748
v -0.024419 -0.028832 -0.022876
v -0.022477 -0.027923 -0.021004
v 0.027308 0.028875 -0.024893
v 0.025436 0.027884 -0.023063
v 0.023564 0.026894 -0.021233
v 0.026360 0.029740 -0.024748
v 0.024419 0.028832 -0.022876
v 0.022477 0.027923 -0.021004
v 0.027308 -0.028875 -0.024893
v 0.025436 -0.027884 -0.023063
v 0.026360 -0.029740 -0.024748
v 0.024419 -0.028832 -0.022876
v 0.023564 -0.026894 -0.021233
v 0.022477 -0.027923 -0.021004
v -0.025326 0.030616 -0.024543
v -0.023336 0.029754 -0.022629
v -0.024292 0.031493 -0.024338
v -0.022252 0.030676 -0.022382
v -0.021345 0.028891 -0.020715
v -0.020212 0.029859 -0.020426
v -0.025326 -0.030616 -0.024543
v -0.023336 -0.029754 -0.022629
v -0.021345 -0.028891 -0.020715
v -0.024292 -0.031493 -0.024338
v -0.022252 -0.030676 -0.022382
v -0.020212 -0.029859 -0.020426
v 0.025326 0.030616 -0.024543
v 0.023336 0.029754 -0.022629
v 0.021345 0.028891 -0.020715
v 0.024292 0.031493 -0.024338
v 0.022252 0.030676 -0.022382
v 0.020212 0.029859 -0.020426
v 0.025326 -0.030616 -0.024543
v 0.023336 -0.029754 -0.022629
v 0.024292 -0.031493 -0.024338
v 0.022252 -0.030676 -0.022382
v 0.021345 -0.028891 -0.020715
v 0.020212 -0.029859 -0.020426
v -0.023180 0.032351 -0.024064
v -0.020764 0.031544 -0.021815
v -0.022068 0.033210 -0.023791
v -0.019277 0.032412 -0.021249
v -0.018349 0.030737 -0.019567
v -0.016485 0.031615 -0.018707
v -0.023180 -0.032351 -0.024064
v -0.020764 -0.031544 -0.021815
v -0.018349 -0.030737 -0.019567
v -0.022068 -0.033210 -0.023791
v -0.019277 -0.032412 -0.021249
v -0.016485 -0.031615 -0.018707
v 0.023180 0.032351 -0.024064
v 0.020764 0.031544 -0.021815
v 0.018349 0.030737 -0.019567
v 0.022068 0.033210 -0.023791
v 0.019277 0.032412 -0.021249
v 0.016485 0.031615 -0.018707
v 0.023180 -0.032351 -0.024064
v 0.020764 -0.031544 -0.021815
v 0.022068 -0.033210 -0.023791
v 0.019277 -0.032412 -0.021249
v 0.018349 -0.030737 -0.019567
v 0.016485 -0.031615 -0.018707
v -0.038154 0.018663 -0.028602
v -0.038483 0.017827 -0.028610
v -0.037284 0.017022 -0.027354
v -0.036774 0.017878 -0.027119
v -0.037825 0.019498 -0.028595
v -0.036264 0.018735 -0.026884
v -0.036084 0.016217 -0.026099
v -0.035394 0.017094 -0.025636
v -0.034704 0.017972 -0.025173
v -0.037284 -0.017022 -0.027354
v -0.038483 -0.017827 -0.028610
v -0.038154 -0.018663 -0.028602
v -0.036774 -0.017878 -0.027119
v -0.036084 -0.016217 -0.026099
v -0.035394 -0.017094 -0.025636
v -0.037825 -0.019498 -0.028595
v -0.036264 -0.018735 -0.026884
v -0.034704 -0.017972 -0.025173
v 0.037284 0.017022 -0.027354
v 0.038483 0.017827 -0.028610
v 0.038154 0.018663 -0.028602
v 0.036774 0.017878 -0.027119
v 0.036084 0.016217 -0.026099
v 0.035394 0.017094 -0.025636
v 0.037825 0.019498 -0.028595
v 0.036264 0.018735 -0.026884
v 0.034704 0.017972 -0.025173
v 0.038154 -0.018663 -0.028602
v 0.038483 -0.017827 -0.028610
v 0.037284 -0.017022 -0.027354
v 0.036774 -0.017878 -0.027119
v 0.037825 -0.019498 -0.028595
v 0.036264 -0.018735 -0.026884
v 0.036084 -0.016217 -0.026099
v 0.035394 -0.017094 -0.025636
v 0.034704 -0.017972 -0.025173
v -0.037467 0.020320 -0.028587
v -0.035921 0.019523 -0.026877
v -0.037110 0.021141 -0.028579
v -0.035578 0.020310 -0.026870
v -0.034375 0.018725 -0.025167
v -0.037467 -0.020320 -0.028587
v -0.035921 -0.019523 -0.026877
v -0.034375 -0.018725 -0.025167
v -0.037110 -0.021141 -0.028579
v -0.035578 -0.020310 -0.026870
v 0.037467 0.020320 -0.028587
v 0.035921 0.019523 -0.026877
v 0.034375 0.018725 -0.025167
v 0.037110 0.021141 -0.028579
v 0.035578 0.020310 -0.026870
v 0.037467 -0.020320 -0.028587
v 0.035921 -0.019523 -0.026877
v 0.037110 -0.021141 -0.028579
v 0.035578 -0.020310 -0.026870
v 0.034375 -0.018725 -0.025167
v -0.036723 0.021946 -0.028572
v -0.035207 0.021081 -0.026864
v -0.036336 0.022751 -0.028564
v -0.034836 0.021853 -0.026858
v -0.036723 -0.021946 -0.028572
v -0.035207 -0.021081 -0.026864
v -0.036336 -0.022751 -0.028564
v -0.034836 -0.021853 -0.026858
v 0.036723 0.021946 -0.028572
v 0.035207 0.021081 -0.026864
v 0.036336 0.022751 -0.028564
v 0.034836 0.021853 -0.026858
v 0.036723 -0.021946 -0.028572
v 0.035207 -0.021081 -0.026864
v 0.036336 -0.022751 -0.028564
v 0.034836 -0.021853 -0.026858
v -0.035922 0.023538 -0.028558
v -0.034438 0.022607 -0.026853
v -0.035507 0.024325 -0.028551
v -0.034040 0.023361 -0.026848
v -0.035922 -0.023538 -0.028558
v -0.034438 -0.022607 -0.026853
v -0.035507 -0.024325 -0.028551
v -0.034040 -0.023361 -0.026848
v 0.035922 0.023538 -0.028558
v 0.034438 0.022607 -0.026853
v 0.035507 0.024325 -0.028551
v 0.034040 0.023361 -0.026848
v 0.035922 -0.023538 -0.028558
v 0.034438 -0.022607 -0.026853
v 0.035507 -0.024325 -0.028551
v 0.034040 -0.023361 -0.026848
v -0.035065 0.025092 -0.028546
v -0.033613 0.024095 -0.026845
v -0.034623 0.025859 -0.028541
v -0.033186 0.024830 -0.026841
v -0.035065 -0.025092 -0.028546
v -0.033613 -0.024095 -0.026845
v -0.034623 -0.025859 -0.028541
v -0.033186 -0.024830 -0.026841
v 0.035065 0.025092 -0.028546
v 0.033613 0.024095 -0.026845
v 0.034623 0.025859 -0.028541
v 0.033186 0.024830 -0.026841
v 0.035065 -0.025092 -0.028546
v 0.033613 -0.024095 -0.026845
v 0.034623 -0.025859 -0.028541
v 0.033186 -0.024830 -0.026841
v -0.034154 0.026605 -0.028538
v -0.032729 0.025541 -0.026848
v -0.033686 0.027351 -0.028536
v -0.032271 0.026251 -0.026855
v -0.034154 -0.026605 -0.028538
v -0.032729 -0.025541 -0.026848
v -0.033686 -0.027351 -0.028536
v -0.032271 -0.026251 -0.026855
v 0.034154 0.026605 -0.028538
v 0.032729 0.025541 -0.026848
v 0.033686 0.027351 -0.028536
v 0.032271 0.026251 -0.026855
v 0.034154 -0.026605 -0.028538
v 0.032729 -0.025541 -0.026848
v 0.033686 -0.027351 -0.028536
v 0.032271 -0.026251 -0.026855
v -0.033187 0.028071 -0.028542
v -0.031762 0.026944 -0.026867
v -0.032688 0.028791 -0.028547
v -0.031253 0.027638 -0.026878
v -0.033187 -0.028071 -0.028542
v -0.031762 -0.026944 -0.026867
v -0.032688 -0.028791 -0.028547
v -0.031253 -0.027638 -0.026878
v 0.033187 0.028071 -0.028542
v 0.031762 0.026944 -0.026867
v 0.032688 0.028791 -0.028547
v 0.031253 0.027638 -0.026878
v 0.033187 -0.028071 -0.028542
v 0.031762 -0.026944 -0.026867
v 0.032688 -0.028791 -0.028547
v 0.031253 -0.027638 -0.026878
v -0.032077 0.029495 -0.028561
v -0.030557 0.028371 -0.026843
v -0.031465 0.030200 -0.028575
v -0.029860 0.029105 -0.026807
v -0.032077 -0.029495 -0.028561
v -0.030557 -0.028371 -0.026843
v -0.031465 -0.030200 -0.028575
v -0.029860 -0.029105 -0.026807
v 0.032077 0.029495 -0.028561
v 0.030557 0.028371 -0.026843
v 0.031465 0.030200 -0.028575
v 0.029860 0.029105 -0.026807
v 0.032077 -0.029495 -0.028561
v 0.030557 -0.028371 -0.026843
v 0.031465 -0.030200 -0.028575
v 0.029860 -0.029105 -0.026807
v -0.030646 0.030976 -0.028524
v -0.028977 0.029925 -0.026709
v -0.029827 0.031752 -0.028473
v -0.028094 0.030746 -0.026610
v -0.030646 -0.030976 -0.028524
v -0.028977 -0.029925 -0.026709
v -0.029827 -0.031752 -0.028473
v -0.028094 -0.030746 -0.026610
v 0.030646 0.030976 -0.028524
v 0.028977 0.029925 -0.026709
v 0.029827 0.031752 -0.028473
v 0.028094 0.030746 -0.026610
v 0.030646 -0.030976 -0.028524
v 0.028977 -0.029925 -0.026709
v 0.029827 -0.031752 -0.028473
v 0.028094 -0.030746 -0.026610
v -0.028895 0.032567 -0.028364
v -0.027111 0.031591 -0.026453
v -0.027963 0.033382 -0.028255
v -0.026128 0.032437 -0.026296
v -0.028895 -0.032567 -0.028364
v -0.027111 -0.031591 -0.026453
v -0.027963 -0.033382 -0.028255
v -0.026128 -0.032437 -0.026296
v 0.028895 0.032567 -0.028364
v 0.027111 0.031591 -0.026453
v 0.027963 0.033382 -0.028255
v 0.026128 0.032437 -0.026296
v 0.028895 -0.032567 -0.028364
v 0.027111 -0.031591 -0.026453
v 0.027963 -0.033382 -0.028255
v 0.026128 -0.032437 -0.026296
v -0.027003 0.034205 -0.028130
v -0.025092 0.033278 -0.026097
v -0.026043 0.035028 -0.028006
v -0.024056 0.034119 -0.025898
v -0.027003 -0.034205 -0.028130
v -0.025092 -0.033278 -0.026097
v -0.026043 -0.035028 -0.028006
v -0.024056 -0.034119 -0.025898
v 0.027003 0.034205 -0.028130
v 0.025092 0.033278 -0.026097
v 0.026043 0.035028 -0.028006
v 0.024056 0.034119 -0.025898
v 0.027003 -0.034205 -0.028130
v 0.025092 -0.033278 -0.026097
v 0.026043 -0.035028 -0.028006
v 0.024056 -0.034119 -0.025898
v -0.025179 0.035858 -0.027956
v -0.023272 0.034991 -0.025908
v -0.024315 0.036688 -0.027906
v -0.022488 0.035864 -0.025918
v -0.021365 0.034125 -0.023860
v -0.020662 0.035039 -0.023930
v -0.025179 -0.035858 -0.027956
v -0.023272 -0.034991 -0.025908
v -0.021365 -0.034125 -0.023860
v -0.024315 -0.036688 -0.027906
v -0.022488 -0.035864 -0.025918
v -0.020662 -0.035039 -0.023930
v 0.025179 0.035858 -0.027956
v 0.023272 0.034991 -0.025908
v 0.021365 0.034125 -0.023860
v 0.024315 0.036688 -0.027906
v 0.022488 0.035864 -0.025918
v 0.020662 0.035039 -0.023930
v 0.025179 -0.035858 -0.027956
v 0.023272 -0.034991 -0.025908
v 0.024315 -0.036688 -0.027906
v 0.022488 -0.035864 -0.025918
v 0.021365 -0.034125 -0.023860
v 0.020662 -0.035039 -0.023930
v -0.023413 0.037485 -0.027805
v -0.021752 0.036694 -0.025944
v -0.022511 0.038281 -0.027703
v -0.021015 0.037524 -0.025970
v -0.020091 0.035903 -0.024084
v -0.019520 0.036767 -0.024238
v -0.023413 -0.037485 -0.027805
v -0.021752 -0.036694 -0.025944
v -0.020091 -0.035903 -0.024084
v -0.022511 -0.038281 -0.027703
v -0.021015 -0.037524 -0.025970
v -0.019520 -0.036767 -0.024238
v 0.023413 0.037485 -0.027805
v 0.021752 0.036694 -0.025944
v 0.020091 0.035903 -0.024084
v 0.022511 0.038281 -0.027703
v 0.021015 0.037524 -0.025970
v 0.019520 0.036767 -0.024238
v 0.023413 -0.037485 -0.027805
v 0.021752 -0.036694 -0.025944
v 0.022511 -0.038281 -0.027703
v 0.021015 -0.037524 -0.025970
v 0.020091 -0.035903 -0.024084
v 0.019520 -0.036767 -0.024238
v -0.042359 0.016362 -0.032325
v -0.042647 0.015432 -0.032335
v -0.041417 0.014487 -0.030707
v -0.040997 0.015599 -0.030588
v -0.042071 0.017293 -0.032315
v -0.040577 0.016711 -0.030469
v -0.040188 0.013542 -0.029079
v -0.039635 0.014835 -0.028851
v -0.039082 0.016129 -0.028623
v -0.041417 -0.014487 -0.030707
v -0.042647 -0.015432 -0.032335
v -0.042359 -0.016362 -0.032325
v -0.040997 -0.015599 -0.030588
v -0.040188 -0.013542 -0.029079
v -0.039635 -0.014835 -0.028851
v -0.042071 -0.017293 -0.032315
v -0.040577 -0.016711 -0.030469
v -0.039082 -0.016129 -0.028623
v 0.041417 0.014487 -0.030707
v 0.042647 0.015432 -0.032335
v 0.042359 0.016362 -0.032325
v 0.040997 0.015599 -0.030588
v 0.040188 0.013542 -0.029079
v 0.039635 0.014835 -0.028851
v 0.042071 0.017293 -0.032315
v 0.040577 0.016711 -0.030469
v 0.039082 0.016129 -0.028623
v 0.042359 -0.016362 -0.032325
v 0.042647 -0.015432 -0.032335
v 0.041417 -0.014487 -0.030707
v 0.040997 -0.015599 -0.030588
v 0.042071 -0.017293 -0.032315
v 0.040577 -0.016711 -0.030469
v 0.040188 -0.013542 -0.029079
v 0.039635 -0.014835 -0.028851
v 0.039082 -0.016129 -0.028623
v -0.041751 0.018209 -0.032307
v -0.040267 0.017593 -0.030461
v -0.041432 0.019126 -0.032298
v -0.039957 0.018476 -0.030454
v -0.038783 0.016978 -0.028616
v -0.041751 -0.018209 -0.032307
v -0.040267 -0.017593 -0.030461
v -0.038783 -0.016978 -0.028616
v -0.041432 -0.019126 -0.032298
v -0.039957 -0.018476 -0.030454
v 0.041751 0.018209 -0.032307
v 0.040267 0.017593 -0.030461
v 0.038783 0.016978 -0.028616
v 0.041432 0.019126 -0.032298
v 0.039957 0.018476 -0.030454
v 0.041751 -0.018209 -0.032307
v 0.040267 -0.017593 -0.030461
v 0.041432 -0.019126 -0.032298
v 0.039957 -0.018476 -0.030454
v 0.038783 -0.016978 -0.028616
v -0.041080 0.020027 -0.032290
v -0.039617 0.019345 -0.030446
v -0.040729 0.020928 -0.032283
v -0.039277 0.020213 -0.030439
v -0.041080 -0.020027 -0.032290
v -0.039617 -0.019345 -0.030446
v -0.040729 -0.020928 -0.032283
v -0.039277 -0.020213 -0.030439
v 0.041080 0.020027 -0.032290
v 0.039617 0.019345 -0.030446
v 0.040729 0.020928 -0.032283
v 0.039277 0.020213 -0.030439
v 0.041080 -0.020027 -0.032290
v 0.039617 -0.019345 -0.030446
v 0.040729 -0.020928 -0.032283
v 0.039277 -0.020213 -0.030439
v -0.040346 0.021812 -0.032276
v -0.038907 0.021066 -0.030432
v -0.039963 0.022696 -0.032270
v -0.038536 0.021919 -0.030424
v -0.040346 -0.021812 -0.032276
v -0.038907 -0.021066 -0.030432
v -0.039963 -0.022696 -0.032270
v -0.038536 -0.021919 -0.030424
v 0.040346 0.021812 -0.032276
v 0.038907 0.021066 -0.030432
v 0.039963 0.022696 -0.032270
v 0.038536 0.021919 -0.030424
v 0.040346 -0.021812 -0.032276
v 0.038907 -0.021066 -0.030432
v 0.039963 -0.022696 -0.032270
v 0.038536 -0.021919 -0.030424
v -0.039548 0.023561 -0.032264
v -0.038135 0.022754 -0.030418
v -0.039133 0.024426 -0.032259
v -0.037735 0.023589 -0.030412
v -0.039548 -0.023561 -0.032264
v -0.038135 -0.022754 -0.030418
v -0.039133 -0.024426 -0.032259
v -0.037735 -0.023589 -0.030412
v 0.039548 0.023561 -0.032264
v 0.038135 0.022754 -0.030418
v 0.039133 0.024426 -0.032259
v 0.037735 0.023589 -0.030412
v 0.039548 -0.023561 -0.032264
v 0.038135 -0.022754 -0.030418
v 0.039133 -0.024426 -0.032259
v 0.037735 -0.023589 -0.030412
v -0.038687 0.025270 -0.032254
v -0.037304 0.024404 -0.030406
v -0.038242 0.026115 -0.032250
v -0.036874 0.025220 -0.030401
v -0.038687 -0.025270 -0.032254
v -0.037304 -0.024404 -0.030406
v -0.038242 -0.026115 -0.032250
v -0.036874 -0.025220 -0.030401
v 0.038687 0.025270 -0.032254
v 0.037304 0.024404 -0.030406
v 0.038242 0.026115 -0.032250
v 0.036874 0.025220 -0.030401
v 0.038687 -0.025270 -0.032254
v 0.037304 -0.024404 -0.030406
v 0.038242 -0.026115 -0.032250
v 0.036874 -0.025220 -0.030401
v -0.037766 0.026938 -0.032247
v -0.036416 0.026015 -0.030397
v -0.037291 0.027761 -0.032244
v -0.035957 0.026810 -0.030393
v -0.037766 -0.026938 -0.032247
v -0.036416 -0.026015 -0.030397
v -0.037291 -0.027761 -0.032244
v -0.035957 -0.026810 -0.030393
v 0.037766 0.026938 -0.032247
v 0.036416 0.026015 -0.030397
v 0.037291 0.027761 -0.032244
v 0.035957 0.026810 -0.030393
v 0.037766 -0.026938 -0.032247
v 0.036416 -0.026015 -0.030397
v 0.037291 -0.027761 -0.032244
v 0.035957 -0.026810 -0.030393
v -0.036786 0.028560 -0.032244
v -0.035470 0.027583 -0.030391
v -0.036282 0.029360 -0.032243
v -0.034984 0.028355 -0.030390
v -0.036786 -0.028560 -0.032244
v -0.035470 -0.027583 -0.030391
v -0.036282 -0.029360 -0.032243
v -0.034984 -0.028355 -0.030390
v 0.036786 0.028560 -0.032244
v 0.035470 0.027583 -0.030391
v 0.036282 0.029360 -0.032243
v 0.034984 0.028355 -0.030390
v 0.036786 -0.028560 -0.032244
v 0.035470 -0.027583 -0.030391
v 0.036282 -0.029360 -0.032243
v 0.034984 -0.028355 -0.030390
v -0.035748 0.030135 -0.032244
v -0.034468 0.029103 -0.030393
v -0.035215 0.030910 -0.032245
v -0.033952 0.029850 -0.030396
v -0.035748 -0.030135 -0.032244
v -0.034468 -0.029103 -0.030393
v -0.035215 -0.030910 -0.032245
v -0.033952 -0.029850 -0.030396
v 0.035748 0.030135 -0.032244
v 0.034468 0.029103 -0.030393
v 0.035215 0.030910 -0.032245
v 0.033952 0.029850 -0.030396
v 0.035748 -0.030135 -0.032244
v 0.034468 -0.029103 -0.030393
v 0.035215 -0.030910 -0.032245
v 0.033952 -0.029850 -0.030396
v -0.034653 0.031667 -0.032237
v -0.033365 0.030581 -0.030399
v -0.034092 0.032423 -0.032230
v -0.032778 0.031311 -0.030402
v -0.034653 -0.031667 -0.032237
v -0.033365 -0.030581 -0.030399
v -0.034092 -0.032423 -0.032230
v -0.032778 -0.031311 -0.030402
v 0.034653 0.031667 -0.032237
v 0.033365 0.030581 -0.030399
v 0.034092 0.032423 -0.032230
v 0.032778 0.031311 -0.030402
v 0.034653 -0.031667 -0.032237
v 0.033365 -0.030581 -0.030399
v 0.034092 -0.032423 -0.032230
v 0.032778 -0.031311 -0.030402
v -0.033462 0.033159 -0.032219
v -0.032054 0.032067 -0.030372
v -0.032832 0.033895 -0.032208
v -0.031329 0.032823 -0.030341
v -0.033462 -0.033159 -0.032219
v -0.032054 -0.032067 -0.030372
v -0.032832 -0.033895 -0.032208
v -0.031329 -0.032823 -0.030341
v 0.033462 0.033159 -0.032219
v 0.032054 0.032067 -0.030372
v 0.032832 0.033895 -0.032208
v 0.031329 0.032823 -0.030341
v 0.033462 -0.033159 -0.032219
v 0.032054 -0.032067 -0.030372
v 0.032832 -0.033895 -0.032208
v 0.031329 -0.032823 -0.030341
v -0.032001 0.034656 -0.032173
v -0.030448 0.033611 -0.030268
v -0.031170 0.035418 -0.032137
v -0.029567 0.034400 -0.030196
v -0.032001 -0.034656 -0.032173
v -0.030448 -0.033611 -0.030268
v -0.031170 -0.035418 -0.032137
v -0.029567 -0.034400 -0.030196
v 0.032001 0.034656 -0.032173
v 0.030448 0.033611 -0.030268
v 0.031170 0.035418 -0.032137
v 0.029567 0.034400 -0.030196
v 0.032001 -0.034656 -0.032173
v 0.030448 -0.033611 -0.030268
v 0.031170 -0.035418 -0.032137
v 0.029567 -0.034400 -0.030196
v -0.030278 0.036214 -0.032093
v -0.028641 0.035209 -0.030112
v -0.029387 0.037011 -0.032049
v -0.027715 0.036019 -0.030027
v -0.030278 -0.036214 -0.032093
v -0.028641 -0.035209 -0.030112
v -0.029387 -0.037011 -0.032049
v -0.027715 -0.036019 -0.030027
v 0.030278 0.036214 -0.032093
v 0.028641 0.035209 -0.030112
v 0.029387 0.037011 -0.032049
v 0.027715 0.036019 -0.030027
v 0.030278 -0.036214 -0.032093
v 0.028641 -0.035209 -0.030112
v 0.029387 -0.037011 -0.032049
v 0.027715 -0.036019 -0.030027
v -0.028496 0.037820 -0.032022
v -0.026837 0.036839 -0.029989
v -0.027605 0.038629 -0.031994
v -0.025960 0.037659 -0.029950
v -0.028496 -0.037820 -0.032022
v -0.026837 -0.036839 -0.029989
v -0.027605 -0.038629 -0.031994
v -0.025960 -0.037659 -0.029950
v 0.028496 0.037820 -0.032022
v 0.026837 0.036839 -0.029989
v 0.027605 0.038629 -0.031994
v 0.025960 0.037659 -0.029950
v 0.028496 -0.037820 -0.032022
v 0.026837 -0.036839 -0.029989
v 0.027605 -0.038629 -0.031994
v 0.025960 -0.037659 -0.029950
v -0.026634 0.039432 -0.031911
v -0.025023 0.038458 -0.029858
v -0.025663 0.040234 -0.031827
v -0.024087 0.039257 -0.029765
v -0.026634 -0.039432 -0.031911
v -0.025023 -0.038458 -0.029858
v -0.025663 -0.040234 -0.031827
v -0.024087 -0.039257 -0.029765
v 0.026634 0.039432 -0.031911
v 0.025023 0.038458 -0.029858
v 0.025663 0.040234 -0.031827
v 0.024087 0.039257 -0.029765
v 0.026634 -0.039432 -0.031911
v 0.025023 -0.038458 -0.029858
v 0.025663 -0.040234 -0.031827
v 0.024087 -0.039257 -0.029765
v -0.024593 0.040954 -0.031583
v -0.022922 0.039978 -0.029426
v -0.023523 0.041674 -0.031339
v -0.021757 0.040699 -0.029087
v -0.021252 0.039002 -0.027269
v -0.019992 0.039724 -0.026834
v -0.024593 -0.040954 -0.031583
v -0.022922 -0.039978 -0.029426
v -0.021252 -0.039002 -0.027269
v -0.023523 -0.041674 -0.031339
v -0.021757 -0.040699 -0.029087
v -0.019992 -0.039724 -0.026834
v 0.024593 0.040954 -0.031583
v 0.022922 0.039978 -0.029426
v 0.021252 0.039002 -0.027269
v 0.023523 0.041674 -0.031339
v 0.021757 0.040699 -0.029087
v 0.019992 0.039724 -0.026834
v 0.024593 -0.040954 -0.031583
v 0.022922 -0.039978 -0.029426
v 0.023523 -0.041674 -0.031339
v 0.021757 -0.040699 -0.029087
v 0.021252 -0.039002 -0.027269
v 0.019992 -0.039724 -0.026834
v -0.022180 0.042466 -0.030930
v -0.020274 0.041509 -0.028560
v -0.020838 0.043258 -0.030521
v -0.018791 0.042319 -0.028033
v -0.018368 0.040552 -0.026189
v -0.016744 0.041380 -0.025544
v -0.022180 -0.042466 -0.030930
v -0.020274 -0.041509 -0.028560
v -0.018368 -0.040552 -0.026189
v -0.020838 -0.043258 -0.030521
v -0.018791 -0.042319 -0.028033
v -0.016744 -0.041380 -0.025544
v 0.022180 0.042466 -0.030930
v 0.020274 0.041509 -0.028560
v 0.018368 0.040552 -0.026189
v 0.020838 0.043258 -0.030521
v 0.018791 0.042319 -0.028033
v 0.016744 0.041380 -0.025544
v 0.022180 -0.042466 -0.030930
v 0.020274 -0.041509 -0.028560
v 0.020838 -0.043258 -0.030521
v 0.018791 -0.042319 -0.028033
v 0.018368 -0.040552 -0.026189
v 0.016744 -0.041380 -0.025544
v -0.046177 0.013374 -0.036272
v -0.046412 0.012361 -0.036280
v -0.045854 0.010961 -0.035332
v -0.045203 0.012465 -0.034820
v -0.045943 0.014387 -0.036264
v -0.044551 0.013969 -0.034308
v -0.045297 0.009561 -0.034383
v -0.044228 0.011557 -0.033367
v -0.043159 0.013552 -0.032352
v -0.045854 -0.010961 -0.035332
v -0.046412 -0.012361 -0.036280
v -0.046177 -0.013374 -0.036272
v -0.045203 -0.012465 -0.034820
v -0.045297 -0.009561 -0.034383
v -0.044228 -0.011557 -0.033367
v -0.045943 -0.014387 -0.036264
v -0.044551 -0.013969 -0.034308
v -0.043159 -0.013552 -0.032352
v 0.045854 0.010961 -0.035332
v 0.046412 0.012361 -0.036280
v 0.046177 0.013374 -0.036272
v 0.045203 0.012465 -0.034820
v 0.045297 0.009561 -0.034383
v 0.044228 0.011557 -0.033367
v 0.045943 0.014387 -0.036264
v 0.044551 0.013969 -0.034308
v 0.043159 0.013552 -0.032352
v 0.046177 -0.013374 -0.036272
v 0.046412 -0.012361 -0.036280
v 0.045854 -0.010961 -0.035332
v 0.045203 -0.012465 -0.034820
v 0.045943 -0.014387 -0.036264
v 0.044551 -0.013969 -0.034308
v 0.045297 -0.009561 -0.034383
v 0.044228 -0.011557 -0.033367
v 0.043159 -0.013552 -0.032352
v -0.045674 0.015390 -0.036256
v -0.044289 0.014941 -0.034300
v -0.045406 0.016393 -0.036248
v -0.044026 0.015913 -0.034291
v -0.042903 0.014492 -0.032343
v -0.045674 -0.015390 -0.036256
v -0.044289 -0.014941 -0.034300
v -0.042903 -0.014492 -0.032343
v -0.045406 -0.016393 -0.036248
v -0.044026 -0.015913 -0.034291
v 0.045674 0.015390 -0.036256
v 0.044289 0.014941 -0.034300
v 0.042903 0.014492 -0.032343
v 0.045406 0.016393 -0.036248
v 0.044026 0.015913 -0.034291
v 0.045674 -0.015390 -0.036256
v 0.044289 -0.014941 -0.034300
v 0.045406 -0.016393 -0.036248
v 0.044026 -0.015913 -0.034291
v 0.042903 -0.014492 -0.032343
v -0.045104 0.017386 -0.036240
v -0.043732 0.016874 -0.034283
v -0.044803 0.018378 -0.036232
v -0.043437 0.017835 -0.034274
v -0.045104 -0.017386 -0.036240
v -0.043732 -0.016874 -0.034283
v -0.044803 -0.018378 -0.036232
v -0.043437 -0.017835 -0.034274
v 0.045104 0.017386 -0.036240
v 0.043732 0.016874 -0.034283
v 0.044803 0.018378 -0.036232
v 0.043437 0.017835 -0.034274
v 0.045104 -0.017386 -0.036240
v 0.043732 -0.016874 -0.034283
v 0.044803 -0.018378 -0.036232
v 0.043437 -0.017835 -0.034274
v -0.044467 0.019357 -0.036225
v -0.043109 0.018783 -0.034266
v -0.044132 0.020336 -0.036217
v -0.042782 0.019731 -0.034258
v -0.044467 -0.019357 -0.036225
v -0.043109 -0.018783 -0.034266
v -0.044132 -0.020336 -0.036217
v -0.042782 -0.019731 -0.034258
v 0.044467 0.019357 -0.036225
v 0.043109 0.018783 -0.034266
v 0.044132 0.020336 -0.036217
v 0.042782 0.019731 -0.034258
v 0.044467 -0.019357 -0.036225
v 0.043109 -0.018783 -0.034266
v 0.044132 -0.020336 -0.036217
v 0.042782 -0.019731 -0.034258
v -0.043762 0.021299 -0.036211
v -0.042421 0.020663 -0.034250
v -0.043393 0.022262 -0.036204
v -0.042061 0.021595 -0.034243
v -0.043762 -0.021299 -0.036211
v -0.042421 -0.020663 -0.034250
v -0.043393 -0.022262 -0.036204
v -0.042061 -0.021595 -0.034243
v 0.043762 0.021299 -0.036211
v 0.042421 0.020663 -0.034250
v 0.043393 0.022262 -0.036204
v 0.042061 0.021595 -0.034243
v 0.043762 -0.021299 -0.036211
v 0.042421 -0.020663 -0.034250
v 0.043393 -0.022262 -0.036204
v 0.042061 -0.021595 -0.034243
v -0.042988 0.023206 -0.036198
v -0.041667 0.022509 -0.034237
v -0.042584 0.024149 -0.036192
v -0.041273 0.023423 -0.034231
v -0.042988 -0.023206 -0.036198
v -0.041667 -0.022509 -0.034237
v -0.042584 -0.024149 -0.036192
v -0.041273 -0.023423 -0.034231
v 0.042988 0.023206 -0.036198
v 0.041667 0.022509 -0.034237
v 0.042584 0.024149 -0.036192
v 0.041273 0.023423 -0.034231
v 0.042988 -0.023206 -0.036198
v 0.041667 -0.022509 -0.034237
v 0.042584 -0.024149 -0.036192
v 0.041273 -0.023423 -0.034231
v -0.042144 0.025070 -0.036187
v -0.040846 0.024316 -0.034226
v -0.041704 0.025991 -0.036182
v -0.040419 0.025209 -0.034221
v -0.042144 -0.025070 -0.036187
v -0.040846 -0.024316 -0.034226
v -0.041704 -0.025991 -0.036182
v -0.040419 -0.025209 -0.034221
v 0.042144 0.025070 -0.036187
v 0.040846 0.024316 -0.034226
v 0.041704 0.025991 -0.036182
v 0.040419 0.025209 -0.034221
v 0.042144 -0.025070 -0.036187
v 0.040846 -0.024316 -0.034226
v 0.041704 -0.025991 -0.036182
v 0.040419 -0.025209 -0.034221
v -0.041230 0.026889 -0.036179
v -0.039959 0.026080 -0.034217
v -0.040756 0.027787 -0.036176
v -0.039499 0.026951 -0.034213
v -0.041230 -0.026889 -0.036179
v -0.039959 -0.026080 -0.034217
v -0.040756 -0.027787 -0.036176
v -0.039499 -0.026951 -0.034213
v 0.041230 0.026889 -0.036179
v 0.039959 0.026080 -0.034217
v 0.040756 0.027787 -0.036176
v 0.039499 0.026951 -0.034213
v 0.041230 -0.026889 -0.036179
v 0.039959 -0.026080 -0.034217
v 0.040756 -0.027787 -0.036176
v 0.039499 -0.026951 -0.034213
v -0.040249 0.028661 -0.036174
v -0.039008 0.027799 -0.034210
v -0.039742 0.029535 -0.036171
v -0.038517 0.028648 -0.034208
v -0.040249 -0.028661 -0.036174
v -0.039008 -0.027799 -0.034210
v -0.039742 -0.029535 -0.036171
v -0.038517 -0.028648 -0.034208
v 0.040249 0.028661 -0.036174
v 0.039008 0.027799 -0.034210
v 0.039742 0.029535 -0.036171
v 0.038517 0.028648 -0.034208
v 0.040249 -0.028661 -0.036174
v 0.039008 -0.027799 -0.034210
v 0.039742 -0.029535 -0.036171
v 0.038517 -0.028648 -0.034208
v -0.039202 0.030381 -0.036171
v -0.037994 0.029471 -0.034207
v -0.038661 0.031228 -0.036170
v -0.037471 0.030294 -0.034207
v -0.039202 -0.030381 -0.036171
v -0.037994 -0.029471 -0.034207
v -0.038661 -0.031228 -0.036170
v -0.037471 -0.030294 -0.034207
v 0.039202 0.030381 -0.036171
v 0.037994 0.029471 -0.034207
v 0.038661 0.031228 -0.036170
v 0.037471 0.030294 -0.034207
v 0.039202 -0.030381 -0.036171
v 0.037994 -0.029471 -0.034207
v 0.038661 -0.031228 -0.036170
v 0.037471 -0.030294 -0.034207
v -0.038088 0.032052 -0.036164
v -0.036918 0.031094 -0.034204
v -0.037515 0.032876 -0.036158
v -0.036365 0.031893 -0.034202
v -0.038088 -0.032052 -0.036164
v -0.036918 -0.031094 -0.034204
v -0.037515 -0.032876 -0.036158
v -0.036365 -0.031893 -0.034202
v 0.038088 0.032052 -0.036164
v 0.036918 0.031094 -0.034204
v 0.037515 0.032876 -0.036158
v 0.036365 0.031893 -0.034202
v 0.038088 -0.032052 -0.036164
v 0.036918 -0.031094 -0.034204
v 0.037515 -0.032876 -0.036158
v 0.036365 -0.031893 -0.034202
v -0.036911 0.033683 -0.036139
v -0.035782 0.032675 -0.034188
v -0.036306 0.034489 -0.036120
v -0.035199 0.033456 -0.034175
v -0.036911 -0.033683 -0.036139
v -0.035782 -0.032675 -0.034188
v -0.036306 -0.034489 -0.036120
v -0.035199 -0.033456 -0.034175
v 0.036911 0.033683 -0.036139
v 0.035782 0.032675 -0.034188
v 0.036306 0.034489 -0.036120
v 0.035199 0.033456 -0.034175
v 0.036911 -0.033683 -0.036139
v 0.035782 -0.032675 -0.034188
v 0.036306 -0.034489 -0.036120
v 0.035199 -0.033456 -0.034175
v -0.035673 0.035275 -0.036092
v -0.034567 0.034217 -0.034155
v -0.035040 0.036061 -0.036064
v -0.033936 0.034978 -0.034136
v -0.035673 -0.035275 -0.036092
v -0.034567 -0.034217 -0.034155
v -0.035040 -0.036061 -0.036064
v -0.033936 -0.034978 -0.034136
v 0.035673 0.035275 -0.036092
v 0.034567 0.034217 -0.034155
v 0.035040 0.036061 -0.036064
v 0.033936 0.034978 -0.034136
v 0.035673 -0.035275 -0.036092
v 0.034567 -0.034217 -0.034155
v 0.035040 -0.036061 -0.036064
v 0.033936 -0.034978 -0.034136
v -0.034386 0.036833 -0.036053
v -0.033194 0.035744 -0.034113
v -0.033732 0.037604 -0.036042
v -0.032451 0.036511 -0.034090
v -0.034386 -0.036833 -0.036053
v -0.033194 -0.035744 -0.034113
v -0.033732 -0.037604 -0.036042
v -0.032451 -0.036511 -0.034090
v 0.034386 0.036833 -0.036053
v 0.033194 0.035744 -0.034113
v 0.033732 0.037604 -0.036042
v 0.032451 0.036511 -0.034090
v 0.034386 -0.036833 -0.036053
v 0.033194 -0.035744 -0.034113
v 0.033732 -0.037604 -0.036042
v 0.032451 -0.036511 -0.034090
v -0.033030 0.038401 -0.036120
v -0.031654 0.037308 -0.034106
v -0.032327 0.039198 -0.036198
v -0.030857 0.038105 -0.034123
v -0.033030 -0.038401 -0.036120
v -0.031654 -0.037308 -0.034106
v -0.032327 -0.039198 -0.036198
v -0.030857 -0.038105 -0.034123
v 0.033030 0.038401 -0.036120
v 0.031654 0.037308 -0.034106
v 0.032327 0.039198 -0.036198
v 0.030857 0.038105 -0.034123
v 0.033030 -0.038401 -0.036120
v 0.031654 -0.037308 -0.034106
v 0.032327 -0.039198 -0.036198
v 0.030857 -0.038105 -0.034123
v -0.031506 0.040015 -0.036273
v -0.030001 0.038918 -0.034147
v -0.030685 0.040832 -0.036348
v -0.029145 0.039731 -0.034171
v -0.031506 -0.040015 -0.036273
v -0.030001 -0.038918 -0.034147
v -0.030685 -0.040832 -0.036348
v -0.029145 -0.039731 -0.034171
v 0.031506 0.040015 -0.036273
v 0.030001 0.038918 -0.034147
v 0.030685 0.040832 -0.036348
v 0.029145 0.039731 -0.034171
v 0.031506 -0.040015 -0.036273
v 0.030001 -0.038918 -0.034147
v 0.030685 -0.040832 -0.036348
v 0.029145 -0.039731 -0.034171
v -0.029624 0.041737 -0.036367
v -0.028129 0.040584 -0.034139
v -0.028563 0.042642 -0.036387
v -0.027113 0.041438 -0.034107
v -0.029624 -0.041737 -0.036367
v -0.028129 -0.040584 -0.034139
v -0.028563 -0.042642 -0.036387
v -0.027113 -0.041438 -0.034107
v 0.029624 0.041737 -0.036367
v 0.028129 0.040584 -0.034139
v 0.028563 0.042642 -0.036387
v 0.027113 0.041438 -0.034107
v 0.029624 -0.041737 -0.036367
v 0.028129 -0.040584 -0.034139
v 0.028563 -0.042642 -0.036387
v 0.027113 -0.041438 -0.034107
v -0.027768 0.043237 -0.036297
v -0.026180 0.042095 -0.033940
v -0.026972 0.043831 -0.036208
v -0.025247 0.042753 -0.033774
v -0.027768 -0.043237 -0.036297
v -0.026180 -0.042095 -0.033940
v -0.026972 -0.043831 -0.036208
v -0.025247 -0.042753 -0.033774
v 0.027768 0.043237 -0.036297
v 0.026180 0.042095 -0.033940
v 0.026972 0.043831 -0.036208
v 0.025247 0.042753 -0.033774
v 0.027768 -0.043237 -0.036297
v 0.026180 -0.042095 -0.033940
v 0.026972 -0.043831 -0.036208
v 0.025247 -0.042753 -0.033774
v -0.025740 0.044622 -0.035961
v -0.023960 0.043544 -0.033445
v -0.024509 0.045412 -0.035713
v -0.022673 0.044335 -0.033117
v -0.025740 -0.044622 -0.035961
v -0.023960 -0.043544 -0.033445
v -0.024509 -0.045412 -0.035713
v -0.022673 -0.044335 -0.033117
v 0.025740 0.044622 -0.035961
v 0.023960 0.043544 -0.033445
v 0.024509 0.045412 -0.035713
v 0.022673 0.044335 -0.033117
v 0.025740 -0.044622 -0.035961
v 0.023960 -0.043544 -0.033445
v 0.024509 -0.045412 -0.035713
v 0.022673 -0.044335 -0.033117
v -0.023107 0.045990 -0.035069
v -0.021085 0.045113 -0.032485
v -0.021705 0.046568 -0.034425
v -0.019496 0.045891 -0.031852
v -0.019062 0.044235 -0.029900
v -0.017286 0.045213 -0.029279
v -0.023107 -0.045990 -0.035069
v -0.021085 -0.045113 -0.032485
v -0.019062 -0.044235 -0.029900
v -0.021705 -0.046568 -0.034425
v -0.019496 -0.045891 -0.031852
v -0.017286 -0.045213 -0.029279
v 0.023107 0.045990 -0.035069
v 0.021085 0.045113 -0.032485
v 0.019062 0.044235 -0.029900
v 0.021705 0.046568 -0.034425
v 0.019496 0.045891 -0.031852
v 0.017286 0.045213 -0.029279
v 0.023107 -0.045990 -0.035069
v 0.021085 -0.045113 -0.032485
v 0.021705 -0.046568 -0.034425
v 0.019496 -0.045891 -0.031852
v 0.019062 -0.044235 -0.029900
v 0.017286 -0.045213 -0.029279
v -0.030207 0.046153 -0.122366
v -0.031013 0.044248 -0.123594
v -0.032950 0.044248 -0.122299
v -0.032094 0.046153 -0.121105
v -0.034888 0.044248 -0.121004
v -0.033981 0.046153 -0.119843
v -0.032950 -0.044248 -0.122299
v -0.031013 -0.044248 -0.123594
v -0.030207 -0.046153 -0.122366
v -0.032094 -0.046153 -0.121105
v -0.034888 -0.044248 -0.121004
v -0.033981 -0.046153 -0.119843
v 0.032950 0.044248 -0.122299
v 0.031013 0.044248 -0.123594
v 0.030207 0.046153 -0.122366
v 0.032094 0.046153 -0.121105
v 0.034888 0.044248 -0.121004
v 0.033981 0.046153 -0.119843
v 0.030207 -0.046153 -0.122366
v 0.031013 -0.044248 -0.123594
v 0.032950 -0.044248 -0.122299
v 0.032094 -0.046153 -0.121105
v 0.034888 -0.044248 -0.121004
v 0.033981 -0.046153 -0.119843
v -0.036718 0.044248 -0.119562
v -0.035764 0.046153 -0.118438
v -0.038548 0.044248 -0.118119
v -0.037546 0.046153 -0.117033
v -0.036718 -0.044248 -0.119562
v -0.035764 -0.046153 -0.118438
v -0.038548 -0.044248 -0.118119
v -0.037546 -0.046153 -0.117033
v 0.036718 0.044248 -0.119562
v 0.035764 0.046153 -0.118438
v 0.038548 0.044248 -0.118119
v 0.037546 0.046153 -0.117033
v 0.036718 -0.044248 -0.119562
v 0.035764 -0.046153 -0.118438
v 0.038548 -0.044248 -0.118119
v 0.037546 -0.046153 -0.117033
v -0.040259 0.044248 -0.116537
v -0.039213 0.046153 -0.115493
v -0.041970 0.044248 -0.114956
v -0.040880 0.046153 -0.113952
v -0.040259 -0.044248 -0.116537
v -0.039213 -0.046153 -0.115493
v -0.041970 -0.044248 -0.114956
v -0.040880 -0.046153 -0.113952
v 0.040259 0.044248 -0.116537
v 0.039213 0.046153 -0.115493
v 0.041970 0.044248 -0.114956
v 0.040880 0.046153 -0.113952
v 0.040259 -0.044248 -0.116537
v 0.039213 -0.046153 -0.115493
v 0.041970 -0.044248 -0.114956
v 0.040880 -0.046153 -0.113952
v -0.043552 0.044248 -0.113245
v -0.042420 0.046153 -0.112285
v -0.045134 0.044248 -0.111533
v -0.043961 0.046153 -0.110619
v -0.043552 -0.044248 -0.113245
v -0.042420 -0.046153 -0.112285
v -0.045134 -0.044248 -0.111533
v -0.043961 -0.046153 -0.110619
v 0.043552 0.044248 -0.113245
v 0.042420 0.046153 -0.112285
v 0.045134 0.044248 -0.111533
v 0.043961 0.046153 -0.110619
v 0.043552 -0.044248 -0.113245
v 0.042420 -0.046153 -0.112285
v 0.045134 -0.044248 -0.111533
v 0.043961 -0.046153 -0.110619
v -0.046576 0.044248 -0.109703
v -0.045366 0.046153 -0.108836
v -0.048019 0.044248 -0.107873
v -0.046771 0.046153 -0.107054
v -0.046576 -0.044248 -0.109703
v -0.045366 -0.046153 -0.108836
v -0.048019 -0.044248 -0.107873
v -0.046771 -0.046153 -0.107054
v 0.046576 0.044248 -0.109703
v 0.045366 0.046153 -0.108836
v 0.048019 0.044248 -0.107873
v 0.046771 0.046153 -0.107054
v 0.046576 -0.044248 -0.109703
v 0.045366 -0.046153 -0.108836
v 0.048019 -0.044248 -0.107873
v 0.046771 -0.046153 -0.107054
v -0.049313 0.044248 -0.105935
v -0.048032 0.046153 -0.105166
v -0.050608 0.044248 -0.103998
v -0.049293 0.046153 -0.103279
v -0.049313 -0.044248 -0.105935
v -0.048032 -0.046153 -0.105166
v -0.050608 -0.044248 -0.103998
v -0.049293 -0.046153 -0.103279
v 0.049313 0.044248 -0.105935
v 0.048032 0.046153 -0.105166
v 0.050608 0.044248 -0.103998
v 0.049293 0.046153 -0.103279
v 0.049313 -0.044248 -0.105935
v 0.048032 -0.046153 -0.105166
v 0.050608 -0.044248 -0.103998
v 0.049293 -0.046153 -0.103279
v -0.051747 0.044248 -0.101965
v -0.050402 0.046153 -0.101299
v -0.052885 0.044248 -0.099932
v -0.051511 0.046153 -0.099319
v -0.051747 -0.044248 -0.101965
v -0.050402 -0.046153 -0.101299
v -0.052885 -0.044248 -0.099932
v -0.051511 -0.046153 -0.099319
v 0.051747 0.044248 -0.101965
v 0.050402 0.046153 -0.101299
v 0.052885 0.044248 -0.099932
v 0.051511 0.046153 -0.099319
v 0.051747 -0.044248 -0.101965
v 0.050402 -0.046153 -0.101299
v 0.052885 -0.044248 -0.099932
v 0.051511 -0.046153 -0.099319
v -0.053861 0.044248 -0.097816
v -0.052461 0.046153 -0.097258
v -0.054837 0.044248 -0.095700
v -0.053412 0.046153 -0.095196
v -0.053861 -0.044248 -0.097816
v -0.052461 -0.046153 -0.097258
v -0.054837 -0.044248 -0.095700
v -0.053412 -0.046153 -0.095196
v 0.053861 0.044248 -0.097816
v 0.052461 0.046153 -0.097258
v 0.054837 0.044248 -0.095700
v 0.053412 0.046153 -0.095196
v 0.053861 -0.044248 -0.097816
v 0.052461 -0.046153 -0.097258
v 0.054837 -0.044248 -0.095700
v 0.053412 -0.046153 -0.095196
v -0.055643 0.044248 -0.093514
v -0.054197 0.046153 -0.093067
v -0.056449 0.044248 -0.091327
v -0.054983 0.046153 -0.090937
v -0.055643 -0.044248 -0.093514
v -0.054197 -0.046153 -0.093067
v -0.056449 -0.044248 -0.091327
v -0.054983 -0.046153 -0.090937
v 0.055643 0.044248 -0.093514
v 0.054197 0.046153 -0.093067
v 0.056449 0.044248 -0.091327
v 0.054983 0.046153 -0.090937
v 0.055643 -0.044248 -0.093514
v 0.054197 -0.046153 -0.093067
v 0.056449 -0.044248 -0.091327
v 0.054983 -0.046153 -0.090937
v -0.057099 0.044317 -0.089018
v -0.055607 0.046188 -0.088720
v -0.054116 0.048059 -0.088421
v -0.057748 0.044386 -0.086708
v -0.056232 0.046223 -0.086502
v -0.054715 0.048059 -0.086295
v -0.057099 -0.044317 -0.089018
v -0.055607 -0.046188 -0.088720
v -0.057748 -0.044386 -0.086708
v -0.056232 -0.046223 -0.086502
v -0.054116 -0.048059 -0.088421
v -0.054715 -0.048059 -0.086295
v 0.057099 0.044317 -0.089018
v 0.055607 0.046188 -0.088720
v 0.057748 0.044386 -0.086708
v 0.056232 0.046223 -0.086502
v 0.054116 0.048059 -0.088421
v 0.054715 0.048059 -0.086295
v 0.057099 -0.044317 -0.089018
v 0.055607 -0.046188 -0.088720
v 0.054116 -0.048059 -0.088421
v 0.057748 -0.044386 -0.086708
v 0.056232 -0.046223 -0.086502
v 0.054715 -0.048059 -0.086295
v -0.026246 0.046153 -0.124583
v -0.026946 0.044248 -0.125871
v -0.028980 0.044248 -0.124733
v -0.028227 0.046153 -0.123475
v -0.028980 -0.044248 -0.124733
v -0.026946 -0.044248 -0.125871
v -0.026246 -0.046153 -0.124583
v -0.028227 -0.046153 -0.123475
v 0.028980 0.044248 -0.124733
v 0.026946 0.044248 -0.125871
v 0.026246 0.046153 -0.124583
v 0.028227 0.046153 -0.123475
v 0.026246 -0.046153 -0.124583
v 0.026946 -0.044248 -0.125871
v 0.028980 -0.044248 -0.124733
v 0.028227 -0.046153 -0.123475
v -0.022124 0.046153 -0.126484
v -0.022714 0.044248 -0.127822
v -0.024830 0.044248 -0.126846
v -0.024185 0.046153 -0.125534
v -0.024830 -0.044248 -0.126846
v -0.022714 -0.044248 -0.127822
v -0.022124 -0.046153 -0.126484
v -0.024185 -0.046153 -0.125534
v 0.024830 0.044248 -0.126846
v 0.022714 0.044248 -0.127822
v 0.022124 0.046153 -0.126484
v 0.024185 0.046153 -0.125534
v 0.022124 -0.046153 -0.126484
v 0.022714 -0.044248 -0.127822
v 0.024830 -0.044248 -0.126846
v 0.024185 -0.046153 -0.125534
v -0.017865 0.046153 -0.128055
v -0.018342 0.044248 -0.129435
v -0.020528 0.044248 -0.128628
v -0.019994 0.046153 -0.127269
v -0.020528 -0.044248 -0.128628
v -0.018342 -0.044248 -0.129435
v -0.017865 -0.046153 -0.128055
v -0.019994 -0.046153 -0.127270
v 0.020528 0.044248 -0.128628
v 0.018342 0.044248 -0.129435
v 0.017865 0.046153 -0.128055
v 0.019994 0.046153 -0.127270
v 0.017865 -0.046153 -0.128055
v 0.018342 -0.044248 -0.129435
v 0.020528 -0.044248 -0.128628
v 0.019994 -0.046153 -0.127269
v -0.013496 0.046153 -0.129288
v -0.013856 0.044248 -0.130700
v -0.016099 0.044248 -0.130067
v -0.015680 0.046153 -0.128671
v -0.016099 -0.044248 -0.130067
v -0.013856 -0.044248 -0.130700
v -0.013496 -0.046153 -0.129288
v -0.015680 -0.046153 -0.128671
v 0.016099 0.044248 -0.130067
v 0.013856 0.044248 -0.130700
v 0.013496 0.046153 -0.129288
v 0.015680 0.046153 -0.128671
v 0.013496 -0.046153 -0.129288
v 0.013856 -0.044248 -0.130700
v 0.016099 -0.044248 -0.130067
v 0.015680 -0.046153 -0.128671
v -0.009044 0.046153 -0.130174
v -0.009285 0.044248 -0.131610
v -0.011571 0.044248 -0.131155
v -0.011270 0.046153 -0.129731
v -0.011571 -0.044248 -0.131155
v -0.009285 -0.044248 -0.131610
v -0.009044 -0.046153 -0.130174
v -0.011270 -0.046153 -0.129731
v 0.011571 0.044248 -0.131155
v 0.009285 0.044248 -0.131610
v 0.009044 0.046153 -0.130174
v 0.011270 0.046153 -0.129731
v 0.009044 -0.046153 -0.130174
v 0.009285 -0.044248 -0.131610
v 0.011571 -0.044248 -0.131155
v 0.011270 -0.046153 -0.129731
v -0.004536 0.046153 -0.130706
v -0.004657 0.044248 -0.132157
v -0.006971 0.044248 -0.131884
v -0.006790 0.046153 -0.130440
v -0.006971 -0.044248 -0.131884
v -0.004657 -0.044248 -0.132157
v -0.004536 -0.046153 -0.130706
v -0.006790 -0.046153 -0.130440
v 0.006971 0.044248 -0.131884
v 0.004657 0.044248 -0.132157
v 0.004536 0.046153 -0.130706
v 0.006790 0.046153 -0.130440
v 0.004536 -0.046153 -0.130706
v 0.004657 -0.044248 -0.132157
v 0.006971 -0.044248 -0.131884
v 0.006790 -0.046153 -0.130440
v 0.000000 0.046153 -0.130884
v 0.000000 0.044248 -0.132340
v -0.002328 0.044248 -0.132248
v -0.002268 0.046153 -0.130795
v -0.002328 -0.044248 -0.132248
v 0.000000 -0.044248 -0.132340
v 0.000000 -0.046153 -0.130884
v -0.002268 -0.046153 -0.130795
v 0.002328 0.044248 -0.132248
v 0.002268 0.046153 -0.130795
v 0.002328 -0.044248 -0.132248
v 0.002268 -0.046153 -0.130795
v -0.056449 0.022124 -0.091327
v -0.055643 0.022124 -0.093514
v -0.056449 0.000000 -0.091327
v -0.055643 0.000000 -0.093514
v -0.054837 0.022124 -0.095700
v -0.054837 0.000000 -0.095700
v -0.056449 -0.022124 -0.091327
v -0.055643 -0.022124 -0.093514
v -0.054837 -0.022124 -0.095700
v 0.056449 0.022124 -0.091327
v 0.055643 0.022124 -0.093514
v 0.054837 0.022124 -0.095700
v 0.056449 0.000000 -0.091327
v 0.055643 0.000000 -0.093514
v 0.054837 0.000000 -0.095700
v 0.056449 -0.022124 -0.091327
v 0.055643 -0.022124 -0.093514
v 0.054837 -0.022124 -0.095700
v -0.053861 0.022124 -0.097816
v -0.053861 0.000000 -0.097816
v -0.052885 0.022124 -0.099932
v -0.052885 0.000000 -0.099932
v -0.053861 -0.022124 -0.097816
v -0.052885 -0.022124 -0.099932
v 0.053861 0.022124 -0.097816
v 0.052885 0.022124 -0.099932
v 0.053861 0.000000 -0.097816
v 0.052885 0.000000 -0.099932
v 0.053861 -0.022124 -0.097816
v 0.052885 -0.022124 -0.099932
v -0.051747 0.022124 -0.101965
v -0.051747 0.000000 -0.101965
v -0.050608 0.022124 -0.103998
v -0.050608 0.000000 -0.103998
v -0.051747 -0.022124 -0.101965
v -0.050608 -0.022124 -0.103998
v 0.051747 0.022124 -0.101965
v 0.050608 0.022124 -0.103998
v 0.051747 0.000000 -0.101965
v 0.050608 0.000000 -0.103998
v 0.051747 -0.022124 -0.101965
v 0.050608 -0.022124 -0.103998
v -0.049313 0.022124 -0.105935
v -0.049313 0.000000 -0.105935
v -0.048019 0.022124 -0.107873
v -0.048019 0.000000 -0.107873
v -0.049313 -0.022124 -0.105935
v -0.048019 -0.022124 -0.107873
v 0.049313 0.022124 -0.105935
v 0.048019 0.022124 -0.107873
v 0.049313 0.000000 -0.105935
v 0.048019 0.000000 -0.107873
v 0.049313 -0.022124 -0.105935
v 0.048019 -0.022124 -0.107873
v -0.046576 0.022124 -0.109703
v -0.046576 0.000000 -0.109703
v -0.045134 0.022124 -0.111533
v -0.045134 0.000000 -0.111533
v -0.046576 -0.022124 -0.109703
v -0.045134 -0.022124 -0.111533
v 0.046576 0.022124 -0.109703
v 0.045134 0.022124 -0.111533
v 0.046576 0.000000 -0.109703
v 0.045134 0.000000 -0.111533
v 0.046576 -0.022124 -0.109703
v 0.045134 -0.022124 -0.111533
v -0.043552 0.022124 -0.113245
v -0.043552 0.000000 -0.113245
v -0.041970 0.022124 -0.114956
v -0.041970 0.000000 -0.114956
v -0.043552 -0.022124 -0.113245
v -0.041970 -0.022124 -0.114956
v 0.043552 0.022124 -0.113245
v 0.041970 0.022124 -0.114956
v 0.043552 0.000000 -0.113245
v 0.041970 0.000000 -0.114956
v 0.043552 -0.022124 -0.113245
v 0.041970 -0.022124 -0.114956
v -0.040259 0.022124 -0.116537
v -0.040259 0.000000 -0.116537
v -0.038548 0.022124 -0.118119
v -0.038548 0.000000 -0.118119
v -0.040259 -0.022124 -0.116537
v -0.038548 -0.022124 -0.118119
v 0.040259 0.022124 -0.116537
v 0.038548 0.022124 -0.118119
v 0.040259 0.000000 -0.116537
v 0.038548 0.000000 -0.118119
v 0.040259 -0.022124 -0.116537
v 0.038548 -0.022124 -0.118119
v -0.036718 0.022124 -0.119562
v -0.036718 0.000000 -0.119562
v -0.034888 0.022124 -0.121004
v -0.034888 0.000000 -0.121004
v -0.036718 -0.022124 -0.119562
v -0.034888 -0.022124 -0.121004
v 0.036718 0.022124 -0.119562
v 0.034888 0.022124 -0.121004
v 0.036718 0.000000 -0.119562
v 0.034888 0.000000 -0.121004
v 0.036718 -0.022124 -0.119562
v 0.034888 -0.022124 -0.121004
v -0.032950 0.022124 -0.122299
v -0.032950 0.000000 -0.122299
v -0.031013 0.022124 -0.123594
v -0.031013 0.000000 -0.123594
v -0.032950 -0.022124 -0.122299
v -0.031013 -0.022124 -0.123594
v 0.032950 0.022124 -0.122299
v 0.031013 0.022124 -0.123594
v 0.032950 0.000000 -0.122299
v 0.031013 0.000000 -0.123594
v 0.032950 -0.022124 -0.122299
v 0.031013 -0.022124 -0.123594
v -0.028980 0.022124 -0.124733
v -0.028980 0.000000 -0.124733
v -0.026946 0.022124 -0.125871
v -0.026946 0.000000 -0.125871
v -0.028980 -0.022124 -0.124733
v -0.026946 -0.022124 -0.125871
v 0.028980 0.022124 -0.124733
v 0.026946 0.022124 -0.125871
v 0.028980 0.000000 -0.124733
v 0.026946 0.000000 -0.125871
v 0.028980 -0.022124 -0.124733
v 0.026946 -0.022124 -0.125871
v -0.024830 0.022124 -0.126846
v -0.024830 0.000000 -0.126846
v -0.022714 0.022124 -0.127822
v -0.022714 0.000000 -0.127822
v -0.024830 -0.022124 -0.126846
v -0.022714 -0.022124 -0.127822
v 0.024830 0.022124 -0.126846
v 0.022714 0.022124 -0.127822
v 0.024830 0.000000 -0.126846
v 0.022714 0.000000 -0.127822
v 0.024830 -0.022124 -0.126846
v 0.022714 -0.022124 -0.127822
v -0.020528 0.022124 -0.128628
v -0.020528 0.000000 -0.128628
v -0.018342 0.022124 -0.129435
v -0.018342 0.000000 -0.129435
v -0.020528 -0.022124 -0.128628
v -0.018342 -0.022124 -0.129435
v 0.020528 0.022124 -0.128628
v 0.018342 0.022124 -0.129435
v 0.020528 0.000000 -0.128628
v 0.018342 0.000000 -0.129435
v 0.020528 -0.022124 -0.128628
v 0.018342 -0.022124 -0.129435
v -0.016099 0.022124 -0.130067
v -0.016099 0.000000 -0.130067
v -0.013856 0.022124 -0.130700
v -0.013856 0.000000 -0.130700
v -0.016099 -0.022124 -0.130067
v -0.013856 -0.022124 -0.130700
v 0.016099 0.022124 -0.130067
v 0.013856 0.022124 -0.130700
v 0.016099 0.000000 -0.130067
v 0.013856 0.000000 -0.130700
v 0.016099 -0.022124 -0.130067
v 0.013856 -0.022124 -0.130700
v -0.011571 0.022124 -0.131155
v -0.011571 0.000000 -0.131155
v -0.009285 0.022124 -0.131610
v -0.009285 0.000000 -0.131610
v -0.011571 -0.022124 -0.131155
v -0.009285 -0.022124 -0.131610
v 0.011571 0.022124 -0.131155
v 0.009285 0.022124 -0.131610
v 0.011571 0.000000 -0.131155
v 0.009285 0.000000 -0.131610
v 0.011571 -0.022124 -0.131155
v 0.009285 -0.022124 -0.131610
v -0.006971 0.022124 -0.131884
v -0.006971 0.000000 -0.131884
v -0.004657 0.022124 -0.132157
v -0.004657 0.000000 -0.132157
v -0.006971 -0.022124 -0.131884
v -0.004657 -0.022124 -0.132157
v 0.006971 0.022124 -0.131884
v 0.004657 0.022124 -0.132157
v 0.006971 0.000000 -0.131884
v 0.004657 0.000000 -0.132157
v 0.006971 -0.022124 -0.131884
v 0.004657 -0.022124 -0.132157
v -0.002328 0.022124 -0.132248
v -0.002328 0.000000 -0.132248
v 0.000000 0.022124 -0.132340
v 0.000000 0.000000 -0.132340
v -0.002328 -0.022124 -0.132248
v 0.000000 -0.022124 -0.132340
v 0.002328 0.022124 -0.132248
v 0.002328 0.000000 -0.132248
v 0.002328 -0.022124 -0.132248
v -0.021975 0.015378 -0.015860
v -0.020021 0.014921 -0.014382
v -0.010010 0.015988 -0.008084
v -0.010988 0.016910 -0.009002
v -0.023930 0.015835 -0.017338
v -0.011965 0.017832 -0.009920
v 0.000000 0.017054 -0.001786
v 0.000000 0.018442 -0.002144
v 0.000000 0.019830 -0.002502
v -0.010010 -0.015988 -0.008084
v -0.020021 -0.014921 -0.014382
v -0.021975 -0.015378 -0.015860
v -0.010988 -0.016910 -0.009002
v 0.000000 -0.017054 -0.001786
v 0.000000 -0.018442 -0.002144
v -0.023930 -0.015835 -0.017338
v -0.011965 -0.017832 -0.009920
v 0.000000 -0.019830 -0.002502
v 0.010010 0.015988 -0.008084
v 0.020021 0.014921 -0.014382
v 0.021975 0.015378 -0.015860
v 0.010988 0.016910 -0.009002
v 0.023930 0.015835 -0.017338
v 0.011965 0.017832 -0.009920
v 0.021975 -0.015378 -0.015860
v 0.020021 -0.014921 -0.014382
v 0.010010 -0.015988 -0.008084
v 0.010988 -0.016910 -0.009002
v 0.023930 -0.015835 -0.017338
v 0.011965 -0.017832 -0.009920
v -0.018020 0.014232 -0.012919
v -0.016019 0.013542 -0.011457
v -0.008010 0.013897 -0.006318
v -0.009010 0.014942 -0.007201
v 0.000000 0.014252 -0.001179
v 0.000000 0.015653 -0.001482
v -0.008010 -0.013897 -0.006318
v -0.016019 -0.013542 -0.011457
v -0.018020 -0.014232 -0.012919
v -0.009010 -0.014942 -0.007201
v 0.000000 -0.014252 -0.001179
v 0.000000 -0.015653 -0.001482
v 0.008010 0.013897 -0.006318
v 0.016019 0.013542 -0.011457
v 0.018020 0.014232 -0.012919
v 0.009010 0.014942 -0.007201
v 0.018020 -0.014232 -0.012919
v 0.016019 -0.013542 -0.011457
v 0.008010 -0.013897 -0.006318
v 0.009010 -0.014942 -0.007201
v -0.005771 0.009391 -0.004015
v -0.003430 0.008125 -0.002245
v -0.001715 0.008356 -0.001268
v -0.002886 0.009699 -0.002250
v -0.008112 0.010656 -0.005784
v -0.004056 0.011042 -0.003232
v 0.000000 0.008586 -0.000292
v 0.000000 0.010007 -0.000486
v 0.000000 0.011428 -0.000680
v -0.001715 -0.008356 -0.001268
v -0.003430 -0.008125 -0.002245
v -0.005771 -0.009391 -0.004015
v -0.002886 -0.009699 -0.002250
v 0.000000 -0.008586 -0.000292
v 0.000000 -0.010007 -0.000486
v -0.008112 -0.010656 -0.005784
v -0.004056 -0.011042 -0.003232
v 0.000000 -0.011428 -0.000680
v 0.001715 0.008356 -0.001268
v 0.003430 0.008125 -0.002245
v 0.005771 0.009391 -0.004015
v 0.002886 0.009699 -0.002250
v 0.008112 0.010656 -0.005784
v 0.004056 0.011042 -0.003232
v 0.005771 -0.009391 -0.004015
v 0.003430 -0.008125 -0.002245
v 0.001715 -0.008356 -0.001268
v 0.002886 -0.009699 -0.002250
v 0.008112 -0.010656 -0.005784
v 0.004056 -0.011042 -0.003232
v -0.019682 0.061605 -0.056628
v -0.019156 0.061696 -0.056072
v -0.023314 0.051021 -0.041360
v -0.019156 -0.061696 -0.056072
v -0.019682 -0.061605 -0.056628
v -0.023314 -0.051021 -0.041360
v 0.019156 0.061696 -0.056072
v 0.019682 0.061605 -0.056628
v 0.023314 0.051021 -0.041360
v 0.019682 -0.061605 -0.056628
v 0.019156 -0.061696 -0.056072
v 0.023314 -0.051021 -0.041360
v -0.046134 0.056270 -0.086497
v -0.048208 0.054298 -0.086995
v -0.046561 0.056270 -0.084983
v -0.048680 0.054298 -0.085321
v -0.050283 0.052326 -0.087493
v -0.050800 0.052326 -0.085658
v -0.046134 -0.056270 -0.086497
v -0.048208 -0.054298 -0.086995
v -0.050283 -0.052326 -0.087493
v -0.046561 -0.056270 -0.084983
v -0.048680 -0.054298 -0.085321
v -0.050800 -0.052326 -0.085658
v 0.046134 0.056270 -0.086497
v 0.048208 0.054298 -0.086995
v 0.050283 0.052326 -0.087493
v 0.046561 0.056270 -0.084983
v 0.048680 0.054298 -0.085321
v 0.050800 0.052326 -0.085658
v 0.046134 -0.056270 -0.086497
v 0.048208 -0.054298 -0.086995
v 0.046561 -0.056270 -0.084983
v 0.048680 -0.054298 -0.085321
v 0.050283 -0.052326 -0.087493
v 0.050800 -0.052326 -0.085658
v -0.034107 0.013542 -0.024645
v -0.036117 0.013542 -0.026111
v -0.036134 0.012188 -0.026117
v -0.034124 0.012188 -0.024651
v -0.032098 0.013542 -0.023180
v -0.032115 0.012188 -0.023186
v -0.036151 0.010834 -0.026123
v -0.034141 0.010834 -0.024657
v -0.032132 0.010834 -0.023192
v -0.036134 -0.012188 -0.026117
v -0.036117 -0.013542 -0.026111
v -0.034107 -0.013542 -0.024645
v -0.034124 -0.012188 -0.024651
v -0.036151 -0.010834 -0.026123
v -0.034141 -0.010834 -0.024657
v -0.032098 -0.013542 -0.023180
v -0.032115 -0.012188 -0.023186
v -0.032132 -0.010834 -0.023192
v 0.036134 0.012188 -0.026117
v 0.036117 0.013542 -0.026111
v 0.034107 0.013542 -0.024645
v 0.034124 0.012188 -0.024651
v 0.036151 0.010834 -0.026123
v 0.034141 0.010834 -0.024657
v 0.032098 0.013542 -0.023180
v 0.032115 0.012188 -0.023186
v 0.032132 0.010834 -0.023192
v 0.034107 -0.013542 -0.024645
v 0.036117 -0.013542 -0.026111
v 0.036134 -0.012188 -0.026117
v 0.034124 -0.012188 -0.024651
v 0.032098 -0.013542 -0.023180
v 0.032115 -0.012188 -0.023186
v 0.036151 -0.010834 -0.026123
v 0.034141 -0.010834 -0.024657
v 0.032132 -0.010834 -0.023192
v -0.036167 0.009479 -0.026129
v -0.034158 0.009479 -0.024663
v -0.032149 0.009479 -0.023198
v -0.036184 0.008125 -0.026135
v -0.034175 0.008125 -0.024669
v -0.032166 0.008125 -0.023204
v -0.036167 -0.009479 -0.026129
v -0.034158 -0.009479 -0.024663
v -0.036184 -0.008125 -0.026135
v -0.034175 -0.008125 -0.024669
v -0.032149 -0.009479 -0.023198
v -0.032166 -0.008125 -0.023204
v 0.036167 0.009479 -0.026129
v 0.034158 0.009479 -0.024663
v 0.036184 0.008125 -0.026135
v 0.034175 0.008125 -0.024669
v 0.032149 0.009479 -0.023198
v 0.032166 0.008125 -0.023204
v 0.036167 -0.009479 -0.026129
v 0.034158 -0.009479 -0.024663
v 0.032149 -0.009479 -0.023198
v 0.036184 -0.008125 -0.026135
v 0.034175 -0.008125 -0.024669
v 0.032166 -0.008125 -0.023204
v -0.036201 0.006771 -0.026141
v -0.034192 0.006771 -0.024675
v -0.032183 0.006771 -0.023210
v -0.036218 0.005417 -0.026147
v -0.034209 0.005417 -0.024681
v -0.032200 0.005417 -0.023216
v -0.036201 -0.006771 -0.026141
v -0.034192 -0.006771 -0.024675
v -0.036218 -0.005417 -0.026147
v -0.034209 -0.005417 -0.024681
v -0.032183 -0.006771 -0.023210
v -0.032200 -0.005417 -0.023216
v 0.036201 0.006771 -0.026141
v 0.034192 0.006771 -0.024675
v 0.036218 0.005417 -0.026147
v 0.034209 0.005417 -0.024681
v 0.032183 0.006771 -0.023210
v 0.032200 0.005417 -0.023216
v 0.036201 -0.006771 -0.026141
v 0.034192 -0.006771 -0.024675
v 0.032183 -0.006771 -0.023210
v 0.036218 -0.005417 -0.026147
v 0.034209 -0.005417 -0.024681
v 0.032200 -0.005417 -0.023216
v -0.036234 0.004063 -0.026153
v -0.034226 0.004063 -0.024687
v -0.032217 0.004063 -0.023222
v -0.036251 0.002708 -0.026159
v -0.034242 0.002708 -0.024693
v -0.032234 0.002708 -0.023228
v -0.036234 -0.004063 -0.026153
v -0.034226 -0.004063 -0.024687
v -0.036251 -0.002708 -0.026159
v -0.034242 -0.002708 -0.024693
v -0.032217 -0.004063 -0.023222
v -0.032234 -0.002708 -0.023228
v 0.036234 0.004063 -0.026153
v 0.034226 0.004063 -0.024687
v 0.036251 0.002708 -0.026159
v 0.034242 0.002708 -0.024693
v 0.032217 0.004063 -0.023222
v 0.032234 0.002708 -0.023228
v 0.036234 -0.004063 -0.026153
v 0.034226 -0.004063 -0.024687
v 0.032217 -0.004063 -0.023222
v 0.036251 -0.002708 -0.026159
v 0.034242 -0.002708 -0.024693
v 0.032234 -0.002708 -0.023228
v -0.036268 0.001354 -0.026165
v -0.034259 0.001354 -0.024699
v -0.032251 0.001354 -0.023234
v -0.036285 0.000000 -0.026171
v -0.034276 0.000000 -0.024705
v -0.032268 0.000000 -0.023240
v -0.036268 -0.001354 -0.026165
v -0.034259 -0.001354 -0.024699
v -0.032251 -0.001354 -0.023234
v 0.036268 0.001354 -0.026165
v 0.034259 0.001354 -0.024699
v 0.036285 0.000000 -0.026171
v 0.034276 0.000000 -0.024705
v 0.032251 0.001354 -0.023234
v 0.032268 0.000000 -0.023240
v 0.036268 -0.001354 -0.026165
v 0.034259 -0.001354 -0.024699
v 0.032251 -0.001354 -0.023234
v -0.030088 0.013542 -0.021715
v -0.030105 0.012188 -0.021721
v -0.028078 0.013542 -0.020249
v -0.028095 0.012188 -0.020255
v -0.030122 0.010834 -0.021727
v -0.028113 0.010834 -0.020261
v -0.030088 -0.013542 -0.021715
v -0.030105 -0.012188 -0.021721
v -0.030122 -0.010834 -0.021727
v -0.028078 -0.013542 -0.020249
v -0.028095 -0.012188 -0.020255
v -0.028113 -0.010834 -0.020261
v 0.030088 0.013542 -0.021715
v 0.030105 0.012188 -0.021721
v 0.030122 0.010834 -0.021727
v 0.028078 0.013542 -0.020249
v 0.028095 0.012188 -0.020255
v 0.028113 0.010834 -0.020261
v 0.030088 -0.013542 -0.021715
v 0.030105 -0.012188 -0.021721
v 0.028078 -0.013542 -0.020249
v 0.028095 -0.012188 -0.020255
v 0.030122 -0.010834 -0.021727
v 0.028113 -0.010834 -0.020261
v -0.026068 0.013542 -0.018784
v -0.026086 0.012188 -0.018790
v -0.024059 0.013542 -0.017318
v -0.024076 0.012188 -0.017324
v -0.026103 0.010834 -0.018796
v -0.024094 0.010834 -0.017330
v -0.026068 -0.013542 -0.018784
v -0.026086 -0.012188 -0.018790
v -0.026103 -0.010834 -0.018796
v -0.024059 -0.013542 -0.017318
v -0.024076 -0.012188 -0.017324
v -0.024094 -0.010834 -0.017330
v 0.026068 0.013542 -0.018784
v 0.026086 0.012188 -0.018790
v 0.026103 0.010834 -0.018796
v 0.024059 0.013542 -0.017318
v 0.024076 0.012188 -0.017324
v 0.024094 0.010834 -0.017330
v 0.026068 -0.013542 -0.018784
v 0.026086 -0.012188 -0.018790
v 0.024059 -0.013542 -0.017318
v 0.024076 -0.012188 -0.017324
v 0.026103 -0.010834 -0.018796
v 0.024094 -0.010834 -0.017330
v -0.022049 0.013542 -0.015853
v -0.022066 0.012188 -0.015859
v -0.020039 0.013542 -0.014388
v -0.020057 0.012188 -0.014394
v -0.022084 0.010834 -0.015865
v -0.020075 0.010834 -0.014399
v -0.022049 -0.013542 -0.015853
v -0.022066 -0.012188 -0.015859
v -0.022084 -0.010834 -0.015865
v -0.020039 -0.013542 -0.014388
v -0.020057 -0.012188 -0.014394
v -0.020075 -0.010834 -0.014399
v 0.022049 0.013542 -0.015853
v 0.022066 0.012188 -0.015859
v 0.022084 0.010834 -0.015865
v 0.020039 0.013542 -0.014388
v 0.020057 0.012188 -0.014394
v 0.020075 0.010834 -0.014399
v 0.022049 -0.013542 -0.015853
v 0.022066 -0.012188 -0.015859
v 0.020039 -0.013542 -0.014388
v 0.020057 -0.012188 -0.014394
v 0.022084 -0.010834 -0.015865
v 0.020075 -0.010834 -0.014399
v -0.018029 0.013542 -0.012922
v -0.018047 0.012188 -0.012928
v -0.016038 0.012188 -0.011463
v -0.018065 0.010834 -0.012934
v -0.016056 0.010834 -0.011469
v -0.018029 -0.013542 -0.012922
v -0.018047 -0.012188 -0.012928
v -0.018065 -0.010834 -0.012934
v -0.016038 -0.012188 -0.011463
v -0.016056 -0.010834 -0.011469
v 0.018029 0.013542 -0.012922
v 0.018047 0.012188 -0.012928
v 0.018065 0.010834 -0.012934
v 0.016038 0.012188 -0.011463
v 0.016056 0.010834 -0.011469
v 0.018029 -0.013542 -0.012922
v 0.018047 -0.012188 -0.012928
v 0.016038 -0.012188 -0.011463
v 0.018065 -0.010834 -0.012934
v 0.016056 -0.010834 -0.011469
v -0.030139 0.009479 -0.021733
v -0.028130 0.009479 -0.020267
v -0.030157 0.008125 -0.021738
v -0.028147 0.008125 -0.020273
v -0.030139 -0.009479 -0.021733
v -0.030157 -0.008125 -0.021738
v -0.028130 -0.009479 -0.020267
v -0.028147 -0.008125 -0.020273
v 0.030139 0.009479 -0.021733
v 0.030157 0.008125 -0.021738
v 0.028130 0.009479 -0.020267
v 0.028147 0.008125 -0.020273
v 0.030139 -0.009479 -0.021733
v 0.028130 -0.009479 -0.020267
v 0.030157 -0.008125 -0.021738
v 0.028147 -0.008125 -0.020273
v -0.026121 0.009479 -0.018802
v -0.024111 0.009479 -0.017336
v -0.026138 0.008125 -0.018808
v -0.024129 0.008125 -0.017342
v -0.026121 -0.009479 -0.018802
v -0.026138 -0.008125 -0.018808
v -0.024111 -0.009479 -0.017336
v -0.024129 -0.008125 -0.017342
v 0.026121 0.009479 -0.018802
v 0.026138 0.008125 -0.018808
v 0.024111 0.009479 -0.017336
v 0.024129 0.008125 -0.017342
v 0.026121 -0.009479 -0.018802
v 0.024111 -0.009479 -0.017336
v 0.026138 -0.008125 -0.018808
v 0.024129 -0.008125 -0.017342
v -0.030174 0.006771 -0.021744
v -0.028165 0.006771 -0.020279
v -0.030191 0.005417 -0.021750
v -0.028182 0.005417 -0.020285
v -0.030174 -0.006771 -0.021744
v -0.030191 -0.005417 -0.021750
v -0.028165 -0.006771 -0.020279
v -0.028182 -0.005417 -0.020285
v 0.030174 0.006771 -0.021744
v 0.030191 0.005417 -0.021750
v 0.028165 0.006771 -0.020279
v 0.028182 0.005417 -0.020285
v 0.030174 -0.006771 -0.021744
v 0.028165 -0.006771 -0.020279
v 0.030191 -0.005417 -0.021750
v 0.028182 -0.005417 -0.020285
v -0.026156 0.006771 -0.018814
v -0.024147 0.006771 -0.017348
v -0.026173 0.005417 -0.018819
v -0.024164 0.005417 -0.017354
v -0.026156 -0.006771 -0.018814
v -0.026173 -0.005417 -0.018819
v -0.024147 -0.006771 -0.017348
v -0.024164 -0.005417 -0.017354
v 0.026156 0.006771 -0.018814
v 0.026173 0.005417 -0.018819
v 0.024147 0.006771 -0.017348
v 0.024164 0.005417 -0.017354
v 0.026156 -0.006771 -0.018814
v 0.024147 -0.006771 -0.017348
v 0.026173 -0.005417 -0.018819
v 0.024164 -0.005417 -0.017354
v -0.022102 0.009479 -0.015871
v -0.020093 0.009479 -0.014405
v -0.022120 0.008125 -0.015877
v -0.020111 0.008125 -0.014411
v -0.022102 -0.009479 -0.015871
v -0.022120 -0.008125 -0.015877
v -0.020093 -0.009479 -0.014405
v -0.020111 -0.008125 -0.014411
v 0.022102 0.009479 -0.015871
v 0.022120 0.008125 -0.015877
v 0.020093 0.009479 -0.014405
v 0.020111 0.008125 -0.014411
v 0.022102 -0.009479 -0.015871
v 0.020093 -0.009479 -0.014405
v 0.022120 -0.008125 -0.015877
v 0.020111 -0.008125 -0.014411
v -0.018083 0.009479 -0.012940
v -0.016074 0.009479 -0.011475
v -0.018101 0.008125 -0.012946
v -0.016092 0.008125 -0.011480
v -0.018083 -0.009479 -0.012940
v -0.018101 -0.008125 -0.012946
v -0.016074 -0.009479 -0.011475
v -0.016092 -0.008125 -0.011480
v 0.018083 0.009479 -0.012940
v 0.018101 0.008125 -0.012946
v 0.016074 0.009479 -0.011475
v 0.016092 0.008125 -0.011480
v 0.018083 -0.009479 -0.012940
v 0.016074 -0.009479 -0.011475
v 0.018101 -0.008125 -0.012946
v 0.016092 -0.008125 -0.011480
v -0.022137 0.006771 -0.015883
v -0.020128 0.006771 -0.014417
v -0.022155 0.005417 -0.015889
v -0.020146 0.005417 -0.014423
v -0.022137 -0.006771 -0.015883
v -0.022155 -0.005417 -0.015889
v -0.020128 -0.006771 -0.014417
v -0.020146 -0.005417 -0.014423
v 0.022137 0.006771 -0.015883
v 0.022155 0.005417 -0.015889
v 0.020128 0.006771 -0.014417
v 0.020146 0.005417 -0.014423
v 0.022137 -0.006771 -0.015883
v 0.020128 -0.006771 -0.014417
v 0.022155 -0.005417 -0.015889
v 0.020146 -0.005417 -0.014423
v -0.018119 0.006771 -0.012952
v -0.016110 0.006771 -0.011486
v -0.018137 0.005417 -0.012958
v -0.016128 0.005417 -0.011492
v -0.018119 -0.006771 -0.012952
v -0.018137 -0.005417 -0.012958
v -0.016110 -0.006771 -0.011486
v -0.016128 -0.005417 -0.011492
v 0.018119 0.006771 -0.012952
v 0.018137 0.005417 -0.012958
v 0.016110 0.006771 -0.011486
v 0.016128 0.005417 -0.011492
v 0.018119 -0.006771 -0.012952
v 0.016110 -0.006771 -0.011486
v 0.018137 -0.005417 -0.012958
v 0.016128 -0.005417 -0.011492
v -0.030208 0.004063 -0.021756
v -0.028199 0.004063 -0.020291
v -0.030225 0.002708 -0.021762
v -0.028217 0.002708 -0.020297
v -0.030208 -0.004063 -0.021756
v -0.030225 -0.002708 -0.021762
v -0.028199 -0.004063 -0.020291
v -0.028217 -0.002708 -0.020297
v 0.030208 0.004063 -0.021756
v 0.030225 0.002708 -0.021762
v 0.028199 0.004063 -0.020291
v 0.028217 0.002708 -0.020297
v 0.030208 -0.004063 -0.021756
v 0.028199 -0.004063 -0.020291
v 0.030225 -0.002708 -0.021762
v 0.028217 -0.002708 -0.020297
v -0.026191 0.004063 -0.018825
v -0.024182 0.004063 -0.017360
v -0.026208 0.002708 -0.018831
v -0.024199 0.002708 -0.017366
v -0.026191 -0.004063 -0.018825
v -0.026208 -0.002708 -0.018831
v -0.024182 -0.004063 -0.017360
v -0.024199 -0.002708 -0.017366
v 0.026191 0.004063 -0.018825
v 0.026208 0.002708 -0.018831
v 0.024182 0.004063 -0.017360
v 0.024199 0.002708 -0.017366
v 0.026191 -0.004063 -0.018825
v 0.024182 -0.004063 -0.017360
v 0.026208 -0.002708 -0.018831
v 0.024199 -0.002708 -0.017366
v -0.030242 0.001354 -0.021768
v -0.028234 0.001354 -0.020303
v -0.030260 0.000000 -0.021774
v -0.028251 0.000000 -0.020309
v -0.030242 -0.001354 -0.021768
v -0.028234 -0.001354 -0.020303
v 0.030242 0.001354 -0.021768
v 0.030260 0.000000 -0.021774
v 0.028234 0.001354 -0.020303
v 0.028251 0.000000 -0.020309
v 0.030242 -0.001354 -0.021768
v 0.028234 -0.001354 -0.020303
v -0.026225 0.001354 -0.018837
v -0.024217 0.001354 -0.017372
v -0.026243 0.000000 -0.018843
v -0.024235 0.000000 -0.017378
v -0.026225 -0.001354 -0.018837
v -0.024217 -0.001354 -0.017372
v 0.026225 0.001354 -0.018837
v 0.026243 0.000000 -0.018843
v 0.024217 0.001354 -0.017372
v 0.024235 0.000000 -0.017378
v 0.026225 -0.001354 -0.018837
v 0.024217 -0.001354 -0.017372
v -0.022173 0.004063 -0.015894
v -0.020164 0.004063 -0.014429
v -0.022191 0.002708 -0.015900
v -0.020182 0.002708 -0.014435
v -0.022173 -0.004063 -0.015894
v -0.022191 -0.002708 -0.015900
v -0.020164 -0.004063 -0.014429
v -0.020182 -0.002708 -0.014435
v 0.022173 0.004063 -0.015894
v 0.022191 0.002708 -0.015900
v 0.020164 0.004063 -0.014429
v 0.020182 0.002708 -0.014435
v 0.022173 -0.004063 -0.015894
v 0.020164 -0.004063 -0.014429
v 0.022191 -0.002708 -0.015900
v 0.020182 -0.002708 -0.014435
v -0.018155 0.004063 -0.012963
v -0.016147 0.004063 -0.011498
v -0.018173 0.002708 -0.012969
v -0.016165 0.002708 -0.011504
v -0.018155 -0.004063 -0.012963
v -0.018173 -0.002708 -0.012969
v -0.016147 -0.004063 -0.011498
v -0.016165 -0.002708 -0.011504
v 0.018155 0.004063 -0.012963
v 0.018173 0.002708 -0.012969
v 0.016147 0.004063 -0.011498
v 0.016165 0.002708 -0.011504
v 0.018155 -0.004063 -0.012963
v 0.016147 -0.004063 -0.011498
v 0.018173 -0.002708 -0.012969
v 0.016165 -0.002708 -0.011504
v -0.022208 0.001354 -0.015906
v -0.020200 0.001354 -0.014441
v -0.022226 0.000000 -0.015912
v -0.020218 0.000000 -0.014447
v -0.022208 -0.001354 -0.015906
v -0.020200 -0.001354 -0.014441
v 0.022208 0.001354 -0.015906
v 0.022226 0.000000 -0.015912
v 0.020200 0.001354 -0.014441
v 0.020218 0.000000 -0.014447
v 0.022208 -0.001354 -0.015906
v 0.020200 -0.001354 -0.014441
v -0.018192 0.001354 -0.012975
v -0.016183 0.001354 -0.011510
v -0.018210 0.000000 -0.012981
v -0.016201 0.000000 -0.011515
v -0.018192 -0.001354 -0.012975
v -0.016183 -0.001354 -0.011510
v 0.018192 0.001354 -0.012975
v 0.018210 0.000000 -0.012981
v 0.016183 0.001354 -0.011510
v 0.016201 0.000000 -0.011515
v 0.018192 -0.001354 -0.012975
v 0.016183 -0.001354 -0.011510
v -0.014046 0.010834 -0.010003
v -0.014065 0.009479 -0.010009
v -0.012037 0.010834 -0.008538
v -0.012055 0.009479 -0.008544
v -0.014083 0.008125 -0.010015
v -0.012074 0.008125 -0.008549
v -0.014046 -0.010834 -0.010003
v -0.014065 -0.009479 -0.010009
v -0.014083 -0.008125 -0.010015
v -0.012037 -0.010834 -0.008538
v -0.012055 -0.009479 -0.008544
v -0.012074 -0.008125 -0.008549
v 0.014046 0.010834 -0.010003
v 0.014065 0.009479 -0.010009
v 0.014083 0.008125 -0.010015
v 0.012037 0.010834 -0.008538
v 0.012055 0.009479 -0.008544
v 0.012074 0.008125 -0.008549
v 0.014046 -0.010834 -0.010003
v 0.014065 -0.009479 -0.010009
v 0.012037 -0.010834 -0.008538
v 0.012055 -0.009479 -0.008544
v 0.014083 -0.008125 -0.010015
v 0.012074 -0.008125 -0.008549
v -0.014101 0.006771 -0.010021
v -0.012092 0.006771 -0.008555
v -0.014120 0.005417 -0.010027
v -0.012111 0.005417 -0.008561
v -0.014101 -0.006771 -0.010021
v -0.014120 -0.005417 -0.010027
v -0.012092 -0.006771 -0.008555
v -0.012111 -0.005417 -0.008561
v 0.014101 0.006771 -0.010021
v 0.014120 0.005417 -0.010027
v 0.012092 0.006771 -0.008555
v 0.012111 0.005417 -0.008561
v 0.014101 -0.006771 -0.010021
v 0.012092 -0.006771 -0.008555
v 0.014120 -0.005417 -0.010027
v 0.012111 -0.005417 -0.008561
v -0.010064 0.008125 -0.007084
v -0.010083 0.006771 -0.007090
v -0.008055 0.008125 -0.005619
v -0.008074 0.006771 -0.005624
v -0.010102 0.005417 -0.007096
v -0.008093 0.005417 -0.005630
v -0.010064 -0.008125 -0.007084
v -0.010083 -0.006771 -0.007090
v -0.010102 -0.005417 -0.007096
v -0.008055 -0.008125 -0.005619
v -0.008074 -0.006771 -0.005624
v -0.008093 -0.005417 -0.005630
v 0.010064 0.008125 -0.007084
v 0.010083 0.006771 -0.007090
v 0.010102 0.005417 -0.007096
v 0.008055 0.008125 -0.005619
v 0.008074 0.006771 -0.005624
v 0.008093 0.005417 -0.005630
v 0.010064 -0.008125 -0.007084
v 0.010083 -0.006771 -0.007090
v 0.008055 -0.008125 -0.005619
v 0.008074 -0.006771 -0.005624
v 0.010102 -0.005417 -0.007096
v 0.008093 -0.005417 -0.005630
v -0.014138 0.004063 -0.010032
v -0.012129 0.004063 -0.008567
v -0.014156 0.002708 -0.010038
v -0.012148 0.002708 -0.008573
v -0.014138 -0.004063 -0.010032
v -0.014156 -0.002708 -0.010038
v -0.012129 -0.004063 -0.008567
v -0.012148 -0.002708 -0.008573
v 0.014138 0.004063 -0.010032
v 0.014156 0.002708 -0.010038
v 0.012129 0.004063 -0.008567
v 0.012148 0.002708 -0.008573
v 0.014138 -0.004063 -0.010032
v 0.012129 -0.004063 -0.008567
v 0.014156 -0.002708 -0.010038
v 0.012148 -0.002708 -0.008573
v -0.010120 0.004063 -0.007101
v -0.008112 0.004063 -0.005636
v -0.010139 0.002708 -0.007107
v -0.008130 0.002708 -0.005642
v -0.010120 -0.004063 -0.007101
v -0.010139 -0.002708 -0.007107
v -0.008112 -0.004063 -0.005636
v -0.008130 -0.002708 -0.005642
v 0.010120 0.004063 -0.007101
v 0.010139 0.002708 -0.007107
v 0.008112 0.004063 -0.005636
v 0.008130 0.002708 -0.005642
v 0.010120 -0.004063 -0.007101
v 0.008112 -0.004063 -0.005636
v 0.010139 -0.002708 -0.007107
v 0.008130 -0.002708 -0.005642
v -0.014175 0.001354 -0.010044
v -0.012166 0.001354 -0.008579
v -0.014193 0.000000 -0.010050
v -0.012185 0.000000 -0.008584
v -0.014175 -0.001354 -0.010044
v -0.012166 -0.001354 -0.008579
v 0.014175 0.001354 -0.010044
v 0.014193 0.000000 -0.010050
v 0.012166 0.001354 -0.008579
v 0.012185 0.000000 -0.008584
v 0.014175 -0.001354 -0.010044
v 0.012166 -0.001354 -0.008579
v -0.010158 0.001354 -0.007113
v -0.008149 0.001354 -0.005648
v -0.010176 0.000000 -0.007119
v -0.008168 0.000000 -0.005653
v -0.010158 -0.001354 -0.007113
v -0.008149 -0.001354 -0.005648
v 0.010158 0.001354 -0.007113
v 0.010176 0.000000 -0.007119
v 0.008149 0.001354 -0.005648
v 0.008168 0.000000 -0.005653
v 0.010158 -0.001354 -0.007113
v 0.008149 -0.001354 -0.005648
v -0.006084 0.005417 -0.004165
v -0.006103 0.004063 -0.004170
v -0.004075 0.005417 -0.002699
v -0.004094 0.004063 -0.002705
v -0.006122 0.002708 -0.004176
v -0.004113 0.002708 -0.002711
v -0.006084 -0.005417 -0.004165
v -0.006103 -0.004063 -0.004170
v -0.006122 -0.002708 -0.004176
v -0.004075 -0.005417 -0.002699
v -0.004094 -0.004063 -0.002705
v -0.004113 -0.002708 -0.002711
v 0.006084 0.005417 -0.004165
v 0.006103 0.004063 -0.004170
v 0.006122 0.002708 -0.004176
v 0.004075 0.005417 -0.002699
v 0.004094 0.004063 -0.002705
v 0.004113 0.002708 -0.002711
v 0.006084 -0.005417 -0.004165
v 0.006103 -0.004063 -0.004170
v 0.004075 -0.005417 -0.002699
v 0.004094 -0.004063 -0.002705
v 0.006122 -0.002708 -0.004176
v 0.004113 -0.002708 -0.002711
v -0.006141 0.001354 -0.004182
v -0.004132 0.001354 -0.002716
v -0.006160 0.000000 -0.004188
v -0.004151 0.000000 -0.002722
v -0.006141 -0.001354 -0.004182
v -0.004132 -0.001354 -0.002716
v 0.006141 0.001354 -0.004182
v 0.006160 0.000000 -0.004188
v 0.004132 0.001354 -0.002716
v 0.004151 0.000000 -0.002722
v 0.006141 -0.001354 -0.004182
v 0.004132 -0.001354 -0.002716
v -0.028062 0.014830 -0.020244
v -0.026028 0.014759 -0.018786
v -0.028045 0.016118 -0.020238
v -0.025988 0.015977 -0.018788
v -0.023994 0.014689 -0.017328
v -0.028062 -0.014830 -0.020244
v -0.026028 -0.014759 -0.018786
v -0.023994 -0.014689 -0.017328
v -0.028045 -0.016118 -0.020238
v -0.025988 -0.015977 -0.018788
v 0.028062 0.014830 -0.020244
v 0.026028 0.014759 -0.018786
v 0.023994 0.014689 -0.017328
v 0.028045 0.016118 -0.020238
v 0.025988 0.015977 -0.018788
v 0.028062 -0.014830 -0.020244
v 0.026028 -0.014759 -0.018786
v 0.028045 -0.016118 -0.020238
v 0.025988 -0.015977 -0.018788
v 0.023994 -0.014689 -0.017328
v -0.022012 0.014460 -0.015857
v -0.020030 0.014232 -0.014385
v -0.022012 -0.014460 -0.015857
v -0.020030 -0.014232 -0.014385
v 0.022012 0.014460 -0.015857
v 0.020030 0.014232 -0.014385
v 0.022012 -0.014460 -0.015857
v 0.020030 -0.014232 -0.014385
v -0.002581 0.005417 -0.001610
v -0.002319 0.004063 -0.001480
v -0.001087 0.005417 -0.000520
v -0.000544 0.004063 -0.000255
v -0.002057 0.002708 -0.001350
v 0.000000 0.002708 0.000010
v -0.002581 -0.005417 -0.001610
v -0.002319 -0.004063 -0.001480
v -0.002057 -0.002708 -0.001350
v -0.001087 -0.005417 -0.000520
v -0.000544 -0.004063 -0.000255
v 0.000000 -0.002708 0.000010
v 0.002581 0.005417 -0.001610
v 0.002319 0.004063 -0.001480
v 0.002057 0.002708 -0.001350
v 0.001087 0.005417 -0.000520
v 0.000544 0.004063 -0.000255
v 0.002581 -0.005417 -0.001610
v 0.002319 -0.004063 -0.001480
v 0.001087 -0.005417 -0.000520
v 0.000544 -0.004063 -0.000255
v 0.002057 -0.002708 -0.001350
v -0.002066 0.001354 -0.001303
v 0.000000 0.001354 0.000110
v -0.002076 0.000000 -0.001257
v 0.000000 0.000000 0.000209
v -0.002066 -0.001354 -0.001303
v 0.000000 -0.001354 0.000110
v 0.002066 0.001354 -0.001303
v 0.002076 0.000000 -0.001257
v 0.002066 -0.001354 -0.001303
v -0.038136 0.014879 -0.027589
v -0.038153 0.013542 -0.027595
v -0.036101 0.014879 -0.026105
v -0.038136 -0.014879 -0.027589
v -0.036101 -0.014879 -0.026105
v -0.038153 -0.013542 -0.027595
v 0.038136 0.014879 -0.027589
v 0.036101 0.014879 -0.026105
v 0.038153 0.013542 -0.027595
v 0.038136 -0.014879 -0.027589
v 0.038153 -0.013542 -0.027595
v 0.036101 -0.014879 -0.026105
v -0.050661 0.036745 -0.063212
v -0.058194 0.041606 -0.084398
v -0.058417 0.040216 -0.083243
v -0.051012 0.035573 -0.062637
v -0.043129 0.031883 -0.042026
v -0.043607 0.030931 -0.042031
v -0.058640 0.038826 -0.082088
v -0.051363 0.034402 -0.062061
v -0.044086 0.029979 -0.042035
v -0.058417 -0.040216 -0.083243
v -0.058194 -0.041606 -0.084398
v -0.050661 -0.036745 -0.063212
v -0.051012 -0.035573 -0.062637
v -0.058640 -0.038826 -0.082088
v -0.051363 -0.034402 -0.062061
v -0.043129 -0.031883 -0.042026
v -0.043607 -0.030931 -0.042031
v -0.044086 -0.029979 -0.042035
v 0.058417 0.040216 -0.083243
v 0.058194 0.041606 -0.084398
v 0.050661 0.036745 -0.063212
v 0.051012 0.035573 -0.062637
v 0.058640 0.038826 -0.082088
v 0.051363 0.034402 -0.062061
v 0.043129 0.031883 -0.042026
v 0.043607 0.030931 -0.042031
v 0.044086 0.029979 -0.042035
v 0.050661 -0.036745 -0.063212
v 0.058194 -0.041606 -0.084398
v 0.058417 -0.040216 -0.083243
v 0.051012 -0.035573 -0.062637
v 0.043129 -0.031883 -0.042026
v 0.043607 -0.030931 -0.042031
v 0.058640 -0.038826 -0.082088
v 0.051363 -0.034402 -0.062061
v 0.044086 -0.029979 -0.042035
v -0.058824 0.037290 -0.080836
v -0.051705 0.033118 -0.061425
v -0.044586 0.028946 -0.042015
v -0.059008 0.035754 -0.079583
v -0.052047 0.031834 -0.060790
v -0.045086 0.027913 -0.041996
v -0.058824 -0.037290 -0.080836
v -0.051705 -0.033118 -0.061425
v -0.059008 -0.035754 -0.079583
v -0.052047 -0.031834 -0.060790
v -0.044586 -0.028946 -0.042015
v -0.045086 -0.027913 -0.041996
v 0.058824 0.037290 -0.080836
v 0.051705 0.033118 -0.061425
v 0.059008 0.035754 -0.079583
v 0.052047 0.031834 -0.060790
v 0.044586 0.028946 -0.042015
v 0.045086 0.027913 -0.041996
v 0.058824 -0.037290 -0.080836
v 0.051705 -0.033118 -0.061425
v 0.044586 -0.028946 -0.042015
v 0.059008 -0.035754 -0.079583
v 0.052047 -0.031834 -0.060790
v 0.045086 -0.027913 -0.041996
v -0.059125 0.034570 -0.078591
v -0.052326 0.030759 -0.060293
v -0.045527 0.026948 -0.041995
v -0.059243 0.033386 -0.077599
v -0.052606 0.029685 -0.059796
v -0.045969 0.025983 -0.041994
v -0.059125 -0.034570 -0.078591
v -0.052326 -0.030759 -0.060293
v -0.059243 -0.033386 -0.077599
v -0.052606 -0.029685 -0.059796
v -0.045527 -0.026948 -0.041995
v -0.045969 -0.025983 -0.041994
v 0.059125 0.034570 -0.078591
v 0.052326 0.030759 -0.060293
v 0.059243 0.033386 -0.077599
v 0.052606 0.029685 -0.059796
v 0.045527 0.026948 -0.041995
v 0.045969 0.025983 -0.041994
v 0.059125 -0.034570 -0.078591
v 0.052326 -0.030759 -0.060293
v 0.045527 -0.026948 -0.041995
v 0.059243 -0.033386 -0.077599
v 0.052606 -0.029685 -0.059796
v 0.045969 -0.025983 -0.041994
v -0.059298 0.031973 -0.076366
v -0.052854 0.028477 -0.059208
v -0.046411 0.024980 -0.042050
v -0.059353 0.030559 -0.075133
v -0.053103 0.027268 -0.058619
v -0.046853 0.023977 -0.042105
v -0.059298 -0.031973 -0.076366
v -0.052854 -0.028477 -0.059208
v -0.059353 -0.030559 -0.075133
v -0.053103 -0.027268 -0.058619
v -0.046411 -0.024980 -0.042050
v -0.046853 -0.023977 -0.042105
v 0.059298 0.031973 -0.076366
v 0.052854 0.028477 -0.059208
v 0.059353 0.030559 -0.075133
v 0.053103 0.027268 -0.058619
v 0.046411 0.024980 -0.042050
v 0.046853 0.023977 -0.042105
v 0.059298 -0.031973 -0.076366
v 0.052854 -0.028477 -0.059208
v 0.046411 -0.024980 -0.042050
v 0.059353 -0.030559 -0.075133
v 0.053103 -0.027268 -0.058619
v 0.046853 -0.023977 -0.042105
v -0.059347 0.029236 -0.074015
v -0.053301 0.026087 -0.058072
v -0.047256 0.022938 -0.042129
v -0.059341 0.027913 -0.072897
v -0.053500 0.024906 -0.057525
v -0.047658 0.021898 -0.042153
v -0.059347 -0.029236 -0.074015
v -0.053301 -0.026087 -0.058072
v -0.059341 -0.027913 -0.072897
v -0.053500 -0.024906 -0.057525
v -0.047256 -0.022938 -0.042129
v -0.047658 -0.021898 -0.042153
v 0.059347 0.029236 -0.074015
v 0.053301 0.026087 -0.058072
v 0.059341 0.027913 -0.072897
v 0.053500 0.024906 -0.057525
v 0.047256 0.022938 -0.042129
v 0.047658 0.021898 -0.042153
v 0.059347 -0.029236 -0.074015
v 0.053301 -0.026087 -0.058072
v 0.047256 -0.022938 -0.042129
v 0.059341 -0.027913 -0.072897
v 0.053500 -0.024906 -0.057525
v 0.047658 -0.021898 -0.042153
v -0.059257 0.026422 -0.071602
v -0.053643 0.023641 -0.056905
v -0.048028 0.020860 -0.042208
v -0.059174 0.024930 -0.070307
v -0.053786 0.022376 -0.056285
v -0.048398 0.019822 -0.042264
v -0.059257 -0.026422 -0.071602
v -0.053643 -0.023641 -0.056905
v -0.059174 -0.024930 -0.070307
v -0.053786 -0.022376 -0.056285
v -0.048028 -0.020860 -0.042208
v -0.048398 -0.019822 -0.042264
v 0.059257 0.026422 -0.071602
v 0.053643 0.023641 -0.056905
v 0.059174 0.024930 -0.070307
v 0.053786 0.022376 -0.056285
v 0.048028 0.020860 -0.042208
v 0.048398 0.019822 -0.042264
v 0.059257 -0.026422 -0.071602
v 0.053643 -0.023641 -0.056905
v 0.048028 -0.020860 -0.042208
v 0.059174 -0.024930 -0.070307
v 0.053786 -0.022376 -0.056285
v 0.048398 -0.019822 -0.042264
v -0.059173 0.023779 -0.069318
v -0.053940 0.021250 -0.055778
v -0.048706 0.018722 -0.042237
v -0.059172 0.022627 -0.068329
v -0.054093 0.020124 -0.055270
v -0.049015 0.017621 -0.042211
v -0.059173 -0.023779 -0.069318
v -0.053940 -0.021250 -0.055778
v -0.059172 -0.022627 -0.068329
v -0.054093 -0.020124 -0.055270
v -0.048706 -0.018722 -0.042237
v -0.049015 -0.017621 -0.042211
v 0.059173 0.023779 -0.069318
v 0.053940 0.021250 -0.055778
v 0.059172 0.022627 -0.068329
v 0.054093 0.020124 -0.055270
v 0.048706 0.018722 -0.042237
v 0.049015 0.017621 -0.042211
v 0.059173 -0.023779 -0.069318
v 0.053940 -0.021250 -0.055778
v 0.048706 -0.018722 -0.042237
v 0.059172 -0.022627 -0.068329
v 0.054093 -0.020124 -0.055270
v 0.049015 -0.017621 -0.042211
v -0.059064 0.021334 -0.067006
v -0.054173 0.018953 -0.054607
v -0.049281 0.016572 -0.042209
v -0.058957 0.020042 -0.065683
v -0.054252 0.017782 -0.053945
v -0.049547 0.015523 -0.042206
v -0.059064 -0.021334 -0.067006
v -0.054173 -0.018953 -0.054607
v -0.058957 -0.020042 -0.065683
v -0.054252 -0.017782 -0.053945
v -0.049281 -0.016572 -0.042209
v -0.049547 -0.015523 -0.042206
v 0.059064 0.021334 -0.067006
v 0.054173 0.018953 -0.054607
v 0.058957 0.020042 -0.065683
v 0.054252 0.017782 -0.053945
v 0.049281 0.016572 -0.042209
v 0.049547 0.015523 -0.042206
v 0.059064 -0.021334 -0.067006
v 0.054173 -0.018953 -0.054607
v 0.049281 -0.016572 -0.042209
v 0.058957 -0.020042 -0.065683
v 0.054252 -0.017782 -0.053945
v 0.049547 -0.015523 -0.042206
v -0.058790 0.018891 -0.064692
v -0.054295 0.016623 -0.053444
v -0.049800 0.014356 -0.042196
v -0.058624 0.017740 -0.063701
v -0.054338 0.015464 -0.052943
v -0.050052 0.013189 -0.042186
v -0.058790 -0.018891 -0.064692
v -0.054295 -0.016623 -0.053444
v -0.058624 -0.017740 -0.063701
v -0.054338 -0.015464 -0.052943
v -0.049800 -0.014356 -0.042196
v -0.050052 -0.013189 -0.042186
v 0.058790 0.018891 -0.064692
v 0.054295 0.016623 -0.053444
v 0.058624 0.017740 -0.063701
v 0.054338 0.015464 -0.052943
v 0.049800 0.014356 -0.042196
v 0.050052 0.013189 -0.042186
v 0.058790 -0.018891 -0.064692
v 0.054295 -0.016623 -0.053444
v 0.049800 -0.014356 -0.042196
v 0.058624 -0.017740 -0.063701
v 0.054338 -0.015464 -0.052943
v 0.050052 -0.013189 -0.042186
v -0.054175 0.010846 -0.050674
v -0.057626 0.012804 -0.059167
v -0.057038 0.010639 -0.056906
v -0.053870 0.009100 -0.049493
v -0.050723 0.008888 -0.042180
v -0.050703 0.007561 -0.042081
v -0.056449 0.008474 -0.054644
v -0.053566 0.007355 -0.048313
v -0.050682 0.006235 -0.041981
v -0.057038 -0.010639 -0.056906
v -0.057626 -0.012804 -0.059167
v -0.054175 -0.010846 -0.050674
v -0.053870 -0.009100 -0.049493
v -0.056449 -0.008474 -0.054644
v -0.053566 -0.007355 -0.048313
v -0.050723 -0.008888 -0.042180
v -0.050703 -0.007561 -0.042081
v -0.050682 -0.006235 -0.041981
v 0.057038 0.010639 -0.056906
v 0.057626 0.012804 -0.059167
v 0.054175 0.010846 -0.050674
v 0.053870 0.009100 -0.049493
v 0.056449 0.008474 -0.054644
v 0.053566 0.007355 -0.048313
v 0.050723 0.008888 -0.042180
v 0.050703 0.007561 -0.042081
v 0.050682 0.006235 -0.041981
v 0.054175 -0.010846 -0.050674
v 0.057626 -0.012804 -0.059167
v 0.057038 -0.010639 -0.056906
v 0.053870 -0.009100 -0.049493
v 0.050723 -0.008888 -0.042180
v 0.050703 -0.007561 -0.042081
v 0.056449 -0.008474 -0.054644
v 0.053566 -0.007355 -0.048313
v 0.050682 -0.006235 -0.041981
v -0.055643 0.006895 -0.052458
v -0.053720 0.006318 -0.048243
v -0.051797 0.005741 -0.044028
v -0.054837 0.005316 -0.050272
v -0.053874 0.005282 -0.048173
v -0.052912 0.005247 -0.046074
v -0.055643 -0.006895 -0.052458
v -0.053720 -0.006318 -0.048243
v -0.054837 -0.005316 -0.050272
v -0.053874 -0.005282 -0.048173
v -0.051797 -0.005741 -0.044028
v -0.052912 -0.005247 -0.046074
v 0.055643 0.006895 -0.052458
v 0.053720 0.006318 -0.048243
v 0.054837 0.005316 -0.050272
v 0.053874 0.005282 -0.048173
v 0.051797 0.005741 -0.044028
v 0.052912 0.005247 -0.046074
v 0.055643 -0.006895 -0.052458
v 0.053720 -0.006318 -0.048243
v 0.051797 -0.005741 -0.044028
v 0.054837 -0.005316 -0.050272
v 0.053874 -0.005282 -0.048173
v 0.052912 -0.005247 -0.046074
v -0.018653 0.048410 -0.033794
v -0.018041 0.047711 -0.032418
v -0.009020 0.051707 -0.028682
v -0.009326 0.052523 -0.029913
v -0.019265 0.049109 -0.035170
v -0.009632 0.053340 -0.031144
v 0.000000 0.055703 -0.024947
v 0.000000 0.056637 -0.026032
v 0.000000 0.057571 -0.027117
v -0.009020 -0.051707 -0.028682
v -0.018041 -0.047711 -0.032418
v -0.018653 -0.048410 -0.033794
v -0.009326 -0.052523 -0.029913
v 0.000000 -0.055703 -0.024947
v 0.000000 -0.056637 -0.026032
v -0.019265 -0.049109 -0.035170
v -0.009632 -0.053340 -0.031144
v 0.000000 -0.057571 -0.027117
v 0.009020 0.051707 -0.028682
v 0.018041 0.047711 -0.032418
v 0.018653 0.048410 -0.033794
v 0.009326 0.052523 -0.029913
v 0.019265 0.049109 -0.035170
v 0.009632 0.053340 -0.031144
v 0.018653 -0.048410 -0.033794
v 0.018041 -0.047711 -0.032418
v 0.009020 -0.051707 -0.028682
v 0.009326 -0.052523 -0.029913
v 0.019265 -0.049109 -0.035170
v 0.009632 -0.053340 -0.031144
v -0.017451 0.047127 -0.031314
v -0.016862 0.046544 -0.030210
v -0.008431 0.050153 -0.026536
v -0.008726 0.050930 -0.027609
v 0.000000 0.053763 -0.022863
v 0.000000 0.054733 -0.023905
v -0.008431 -0.050153 -0.026536
v -0.016862 -0.046544 -0.030210
v -0.017451 -0.047127 -0.031314
v -0.008726 -0.050930 -0.027609
v 0.000000 -0.053763 -0.022863
v 0.000000 -0.054733 -0.023905
v 0.008431 0.050153 -0.026536
v 0.016862 0.046544 -0.030210
v 0.017451 0.047127 -0.031314
v 0.008726 0.050930 -0.027609
v 0.017451 -0.047127 -0.031314
v 0.016862 -0.046544 -0.030210
v 0.008431 -0.050153 -0.026536
v 0.008726 -0.050930 -0.027609
v -0.017074 0.045878 -0.029744
v -0.008643 0.048476 -0.025067
v -0.008537 0.049315 -0.025802
v 0.000000 0.051740 -0.020855
v 0.000000 0.052751 -0.021859
v -0.008643 -0.048476 -0.025067
v -0.017074 -0.045878 -0.029744
v -0.008537 -0.049315 -0.025802
v 0.000000 -0.051740 -0.020855
v 0.000000 -0.052751 -0.021859
v 0.008643 0.048476 -0.025067
v 0.017074 0.045878 -0.029744
v 0.008537 0.049315 -0.025802
v 0.017074 -0.045878 -0.029744
v 0.008643 -0.048476 -0.025067
v 0.008537 -0.049315 -0.025802
v -0.016740 0.044184 -0.027948
v -0.016194 0.043155 -0.026617
v -0.008097 0.046397 -0.022770
v -0.008370 0.047437 -0.023919
v 0.000000 0.049640 -0.018923
v 0.000000 0.050690 -0.019889
v -0.008097 -0.046397 -0.022770
v -0.016194 -0.043155 -0.026617
v -0.016740 -0.044184 -0.027948
v -0.008370 -0.047437 -0.023919
v 0.000000 -0.049640 -0.018923
v 0.000000 -0.050690 -0.019889
v 0.008097 0.046397 -0.022770
v 0.016194 0.043155 -0.026617
v 0.016740 0.044184 -0.027948
v 0.008370 0.047437 -0.023919
v 0.016740 -0.044184 -0.027948
v 0.016194 -0.043155 -0.026617
v 0.008097 -0.046397 -0.022770
v 0.008370 -0.047437 -0.023919
v -0.016469 0.042268 -0.026081
v -0.008372 0.044425 -0.021305
v -0.008234 0.045411 -0.022037
v 0.000000 0.047470 -0.017066
v 0.000000 0.048555 -0.017994
v -0.008372 -0.044425 -0.021305
v -0.016469 -0.042268 -0.026081
v -0.008234 -0.045411 -0.022037
v 0.000000 -0.047470 -0.017066
v 0.000000 -0.048555 -0.017994
v 0.008372 0.044425 -0.021305
v 0.016469 0.042268 -0.026081
v 0.008234 0.045411 -0.022037
v 0.016469 -0.042268 -0.026081
v 0.008372 -0.044425 -0.021305
v 0.008234 -0.045411 -0.022037
v -0.015867 0.036895 -0.021578
v -0.015499 0.035758 -0.020538
v -0.007749 0.038172 -0.016249
v -0.007934 0.039332 -0.017178
v -0.016235 0.038032 -0.022619
v -0.008118 0.040493 -0.018106
v 0.000000 0.040586 -0.011961
v 0.000000 0.041770 -0.012777
v 0.000000 0.042953 -0.013594
v -0.007749 -0.038172 -0.016249
v -0.015499 -0.035758 -0.020538
v -0.015867 -0.036895 -0.021578
v -0.007934 -0.039332 -0.017178
v 0.000000 -0.040586 -0.011961
v 0.000000 -0.041770 -0.012777
v -0.016235 -0.038032 -0.022619
v -0.008118 -0.040493 -0.018106
v 0.000000 -0.042953 -0.013594
v 0.007749 0.038172 -0.016249
v 0.015499 0.035758 -0.020538
v 0.015867 0.036895 -0.021578
v 0.007934 0.039332 -0.017178
v 0.016235 0.038032 -0.022619
v 0.008118 0.040493 -0.018106
v 0.015867 -0.036895 -0.021578
v 0.015499 -0.035758 -0.020538
v 0.007749 -0.038172 -0.016249
v 0.007934 -0.039332 -0.017178
v 0.016235 -0.038032 -0.022619
v 0.008118 -0.040493 -0.018106
v -0.015611 0.034856 -0.020037
v -0.015722 0.033953 -0.019536
v -0.007861 0.036062 -0.014984
v -0.007805 0.037117 -0.015617
v 0.000000 0.038170 -0.010432
v 0.000000 0.039378 -0.011197
v -0.007861 -0.036062 -0.014984
v -0.015722 -0.033953 -0.019536
v -0.015611 -0.034856 -0.020037
v -0.007805 -0.037117 -0.015617
v 0.000000 -0.038170 -0.010432
v 0.000000 -0.039378 -0.011197
v 0.007861 0.036062 -0.014984
v 0.015722 0.033953 -0.019536
v 0.015611 0.034856 -0.020037
v 0.007805 0.037117 -0.015617
v 0.015611 -0.034856 -0.020037
v 0.015722 -0.033953 -0.019536
v 0.007861 -0.036062 -0.014984
v 0.007805 -0.037117 -0.015617
v -0.016104 0.032784 -0.019121
v -0.008242 0.033655 -0.013852
v -0.008052 0.034858 -0.014418
v 0.000000 0.035695 -0.008998
v 0.000000 0.036933 -0.009715
v -0.008242 -0.033655 -0.013852
v -0.016104 -0.032784 -0.019121
v -0.008052 -0.034858 -0.014418
v 0.000000 -0.035695 -0.008998
v 0.000000 -0.036933 -0.009715
v 0.008242 0.033655 -0.013852
v 0.016104 0.032784 -0.019121
v 0.008052 0.034858 -0.014418
v 0.016104 -0.032784 -0.019121
v 0.008242 -0.033655 -0.013852
v 0.008052 -0.034858 -0.014418
v -0.016462 0.030258 -0.017973
v -0.016439 0.028902 -0.017240
v -0.008219 0.031034 -0.012451
v -0.008231 0.032344 -0.013152
v 0.000000 0.033165 -0.007661
v 0.000000 0.034430 -0.008330
v -0.008219 -0.031034 -0.012451
v -0.016439 -0.028902 -0.017240
v -0.016462 -0.030258 -0.017973
v -0.008231 -0.032344 -0.013152
v 0.000000 -0.033165 -0.007661
v 0.000000 -0.034430 -0.008330
v 0.008219 0.031034 -0.012451
v 0.016439 0.028902 -0.017240
v 0.016462 0.030258 -0.017973
v 0.008231 0.032344 -0.013152
v 0.016462 -0.030258 -0.017973
v 0.016439 -0.028902 -0.017240
v 0.008219 -0.031034 -0.012451
v 0.008231 -0.032344 -0.013152
v -0.017026 0.027791 -0.017117
v -0.017613 0.026680 -0.016994
v -0.008806 0.028632 -0.011709
v -0.008513 0.029833 -0.012080
v 0.000000 0.030584 -0.006424
v 0.000000 0.031875 -0.007043
v -0.008806 -0.028632 -0.011709
v -0.017613 -0.026680 -0.016994
v -0.017026 -0.027791 -0.017117
v -0.008513 -0.029833 -0.012080
v 0.000000 -0.030584 -0.006424
v 0.000000 -0.031875 -0.007043
v 0.008806 0.028632 -0.011709
v 0.017613 0.026680 -0.016994
v 0.017026 0.027791 -0.017117
v 0.008513 0.029833 -0.012080
v 0.017026 -0.027791 -0.017117
v 0.017613 -0.026680 -0.016994
v 0.008806 -0.028632 -0.011709
v 0.008513 -0.029833 -0.012080
v -0.018727 0.025280 -0.017154
v -0.009921 0.025919 -0.011301
v -0.009364 0.027275 -0.011505
v 0.000000 0.027956 -0.005288
v 0.000000 0.029270 -0.005856
v -0.009921 -0.025919 -0.011301
v -0.018727 -0.025280 -0.017154
v -0.009364 -0.027275 -0.011505
v 0.000000 -0.027956 -0.005288
v 0.000000 -0.029270 -0.005856
v 0.009921 0.025919 -0.011301
v 0.018727 0.025280 -0.017154
v 0.009364 0.027275 -0.011505
v 0.018727 -0.025280 -0.017154
v 0.009921 -0.025919 -0.011301
v 0.009364 -0.027275 -0.011505
v -0.020742 0.022327 -0.017340
v -0.021641 0.020773 -0.017366
v -0.010821 0.023029 -0.010810
v -0.010371 0.024474 -0.011056
v 0.000000 0.025285 -0.004254
v 0.000000 0.026621 -0.004771
v -0.010821 -0.023029 -0.010810
v -0.021641 -0.020773 -0.017366
v -0.020742 -0.022327 -0.017340
v -0.010371 -0.024474 -0.011056
v 0.000000 -0.025285 -0.004254
v 0.000000 -0.026621 -0.004771
v 0.010821 0.023029 -0.010810
v 0.021641 0.020773 -0.017366
v 0.020742 0.022327 -0.017340
v 0.010371 0.024474 -0.011056
v 0.020742 -0.022327 -0.017340
v 0.021641 -0.020773 -0.017366
v 0.010821 -0.023029 -0.010810
v 0.010371 -0.024474 -0.011056
v -0.022265 0.019502 -0.017356
v -0.022889 0.018230 -0.017346
v -0.011444 0.020402 -0.010335
v -0.011133 0.021716 -0.010573
v 0.000000 0.022575 -0.003325
v 0.000000 0.023930 -0.003790
v -0.011444 -0.020402 -0.010335
v -0.022889 -0.018230 -0.017346
v -0.022265 -0.019502 -0.017356
v -0.011133 -0.021716 -0.010573
v 0.000000 -0.022575 -0.003325
v 0.000000 -0.023930 -0.003790
v 0.011444 0.020402 -0.010335
v 0.022889 0.018230 -0.017346
v 0.022265 0.019502 -0.017356
v 0.011133 0.021716 -0.010573
v 0.022265 -0.019502 -0.017356
v 0.022889 -0.018230 -0.017346
v 0.011444 -0.020402 -0.010335
v 0.011133 -0.021716 -0.010573
v -0.027167 0.068367 -0.081077
v -0.029649 0.067151 -0.081992
v -0.029856 0.067151 -0.081258
v -0.032130 0.065935 -0.082906
v -0.032309 0.065935 -0.082271
v -0.027167 -0.068367 -0.081077
v -0.029649 -0.067151 -0.081992
v -0.032130 -0.065935 -0.082906
v -0.029856 -0.067151 -0.081258
v -0.032309 -0.065935 -0.082271
v 0.027167 0.068367 -0.081077
v 0.029649 0.067151 -0.081992
v 0.032130 0.065935 -0.082906
v 0.029856 0.067151 -0.081258
v 0.032309 0.065935 -0.082271
v 0.027167 -0.068367 -0.081077
v 0.029649 -0.067151 -0.081992
v 0.029856 -0.067151 -0.081258
v 0.032130 -0.065935 -0.082906
v 0.032309 -0.065935 -0.082271
v -0.037110 0.063191 -0.084339
v -0.037448 0.063286 -0.083570
v -0.034878 0.064610 -0.082921
v -0.034620 0.064563 -0.083622
v -0.034878 -0.064610 -0.082921
v -0.037448 -0.063286 -0.083570
v -0.037110 -0.063191 -0.084339
v -0.034620 -0.064563 -0.083622
v 0.034878 0.064610 -0.082921
v 0.037448 0.063286 -0.083570
v 0.037110 0.063191 -0.084339
v 0.034620 0.064563 -0.083622
v 0.037110 -0.063191 -0.084339
v 0.037448 -0.063286 -0.083570
v 0.034878 -0.064610 -0.082921
v 0.034620 -0.064563 -0.083622
v -0.052758 0.050193 -0.085977
v -0.052199 0.050193 -0.087957
v -0.052758 -0.050193 -0.085977
v -0.052199 -0.050193 -0.087957
v 0.052758 0.050193 -0.085977
v 0.052199 0.050193 -0.087957
v 0.052758 -0.050193 -0.085977
v 0.052199 -0.050193 -0.087957
v -0.044294 0.058069 -0.084622
v -0.043916 0.058069 -0.085964
v -0.042027 0.059867 -0.084261
v -0.041697 0.059867 -0.085431
v -0.044294 -0.058069 -0.084622
v -0.043916 -0.058069 -0.085964
v -0.042027 -0.059867 -0.084261
v -0.041697 -0.059867 -0.085431
v 0.044294 0.058069 -0.084622
v 0.043916 0.058069 -0.085964
v 0.042027 0.059867 -0.084261
v 0.041697 0.059867 -0.085431
v 0.044294 -0.058069 -0.084622
v 0.043916 -0.058069 -0.085964
v 0.042027 -0.059867 -0.084261
v 0.041697 -0.059867 -0.085431
v -0.049891 0.038977 -0.064372
v -0.057971 0.042996 -0.085553
v -0.050276 0.037861 -0.063792
v -0.042035 0.033568 -0.042035
v -0.042582 0.032725 -0.042031
v -0.057971 -0.042996 -0.085553
v -0.049891 -0.038977 -0.064372
v -0.050276 -0.037861 -0.063792
v -0.042035 -0.033568 -0.042035
v -0.042582 -0.032725 -0.042031
v 0.057971 0.042996 -0.085553
v 0.049891 0.038977 -0.064372
v 0.050276 0.037861 -0.063792
v 0.042035 0.033568 -0.042035
v 0.042582 0.032725 -0.042031
v 0.049891 -0.038977 -0.064372
v 0.057971 -0.042996 -0.085553
v 0.050276 -0.037861 -0.063792
v 0.042035 -0.033568 -0.042035
v 0.042582 -0.032725 -0.042031
v -0.023409 0.017032 -0.017342
v -0.011705 0.019117 -0.010128
v 0.000000 0.021202 -0.002914
v -0.023409 -0.017032 -0.017342
v -0.011705 -0.019117 -0.010128
v 0.000000 -0.021202 -0.002914
v 0.023409 0.017032 -0.017342
v 0.011705 0.019117 -0.010128
v 0.023409 -0.017032 -0.017342
v 0.011705 -0.019117 -0.010128
v -0.034074 0.016234 -0.024633
v -0.034091 0.014888 -0.024639
v -0.032064 0.016250 -0.023168
v -0.032081 0.014896 -0.023174
v -0.034074 -0.016234 -0.024633
v -0.034091 -0.014888 -0.024639
v -0.032064 -0.016250 -0.023168
v -0.032081 -0.014896 -0.023174
v 0.034074 0.016234 -0.024633
v 0.034091 0.014888 -0.024639
v 0.032064 0.016250 -0.023168
v 0.032081 0.014896 -0.023174
v 0.034074 -0.016234 -0.024633
v 0.034091 -0.014888 -0.024639
v 0.032064 -0.016250 -0.023168
v 0.032081 -0.014896 -0.023174
v -0.030071 0.014863 -0.021709
v -0.030054 0.016184 -0.021703
v -0.030071 -0.014863 -0.021709
v -0.030054 -0.016184 -0.021703
v 0.030071 0.014863 -0.021709
v 0.030054 0.016184 -0.021703
v 0.030071 -0.014863 -0.021709
v 0.030054 -0.016184 -0.021703
v -0.012027 0.011561 -0.008535
v -0.014032 0.011875 -0.009999
v -0.012017 0.012289 -0.008532
v -0.014018 0.012915 -0.009994
v -0.012027 -0.011561 -0.008535
v -0.014032 -0.011875 -0.009999
v -0.012017 -0.012289 -0.008532
v -0.014018 -0.012915 -0.009994
v 0.012027 0.011561 -0.008535
v 0.014032 0.011875 -0.009999
v 0.012017 0.012289 -0.008532
v 0.014018 0.012915 -0.009994
v 0.012027 -0.011561 -0.008535
v 0.014032 -0.011875 -0.009999
v 0.012017 -0.012289 -0.008532
v 0.014018 -0.012915 -0.009994
v -0.010069 0.009435 -0.007123
v -0.010074 0.010745 -0.007161
v -0.008084 0.009391 -0.005701
v -0.010069 -0.009435 -0.007123
v -0.008084 -0.009391 -0.005701
v -0.010074 -0.010745 -0.007161
v 0.010069 0.009435 -0.007123
v 0.008084 0.009391 -0.005701
v 0.010074 0.010745 -0.007161
v 0.010069 -0.009435 -0.007123
v 0.010074 -0.010745 -0.007161
v 0.008084 -0.009391 -0.005701
v -0.010064 0.011473 -0.007158
v -0.010064 -0.011473 -0.007158
v 0.010064 0.011473 -0.007158
v 0.010064 -0.011473 -0.007158
v -0.018192 0.034496 -0.021733
v -0.017851 0.035379 -0.022060
v -0.017510 0.036263 -0.022388
v -0.018192 -0.034496 -0.021733
v -0.017851 -0.035379 -0.022060
v -0.017510 -0.036263 -0.022388
v 0.018192 0.034496 -0.021733
v 0.017851 0.035379 -0.022060
v 0.017510 0.036263 -0.022388
v 0.018192 -0.034496 -0.021733
v 0.017851 -0.035379 -0.022060
v 0.017510 -0.036263 -0.022388
v -0.017878 0.037400 -0.023428
v -0.017878 -0.037400 -0.023428
v 0.017878 0.037400 -0.023428
v 0.017878 -0.037400 -0.023428
v -0.018114 0.038878 -0.024727
v -0.016489 0.039706 -0.024082
v -0.016489 -0.039706 -0.024082
v -0.018114 -0.038878 -0.024727
v 0.016489 0.039706 -0.024082
v 0.018114 0.038878 -0.024727
v 0.018114 -0.038878 -0.024727
v 0.016489 -0.039706 -0.024082
v -0.018474 0.046509 -0.031583
v -0.019873 0.047140 -0.033421
v -0.018474 -0.046509 -0.031583
v -0.019873 -0.047140 -0.033421
v 0.018474 0.046509 -0.031583
v 0.019873 0.047140 -0.033421
v 0.018474 -0.046509 -0.031583
v 0.019873 -0.047140 -0.033421
v -0.057731 0.022193 -0.086775
v -0.057090 0.022158 -0.089051
v -0.057715 0.000000 -0.086842
v -0.057082 0.000000 -0.089085
v -0.057731 -0.022193 -0.086775
v -0.057090 -0.022158 -0.089051
v 0.057731 0.022193 -0.086775
v 0.057090 0.022158 -0.089051
v 0.057715 0.000000 -0.086842
v 0.057082 0.000000 -0.089085
v 0.057731 -0.022193 -0.086775
v 0.057090 -0.022158 -0.089051
v -0.057942 0.000000 -0.085699
v -0.058169 0.000000 -0.084556
v -0.058182 0.020803 -0.084477
v -0.057956 0.021498 -0.085626
v -0.058182 -0.020803 -0.084477
v -0.057956 -0.021498 -0.085626
v 0.058182 0.020803 -0.084477
v 0.058169 0.000000 -0.084556
v 0.057942 0.000000 -0.085699
v 0.057956 0.021498 -0.085626
v 0.058182 -0.020803 -0.084477
v 0.057956 -0.021498 -0.085626
v -0.058632 0.019413 -0.082179
v -0.058407 0.020108 -0.083328
v -0.058624 0.000000 -0.082271
v -0.058396 0.000000 -0.083414
v -0.058632 -0.019413 -0.082179
v -0.058407 -0.020108 -0.083328
v 0.058632 0.019413 -0.082179
v 0.058407 0.020108 -0.083328
v 0.058624 0.000000 -0.082271
v 0.058396 0.000000 -0.083414
v 0.058632 -0.019413 -0.082179
v 0.058407 -0.020108 -0.083328
v -0.058761 0.000000 -0.081114
v -0.058898 0.000000 -0.079957
v -0.058953 0.017877 -0.079770
v -0.058792 0.018645 -0.080975
v -0.058953 -0.017877 -0.079770
v -0.058792 -0.018645 -0.080975
v 0.058953 0.017877 -0.079770
v 0.058898 0.000000 -0.079957
v 0.058761 0.000000 -0.081114
v 0.058792 0.018645 -0.080975
v 0.058953 -0.017877 -0.079770
v 0.058792 -0.018645 -0.080975
v -0.059207 0.016693 -0.077621
v -0.059080 0.017285 -0.078695
v -0.059172 0.000000 -0.077643
v -0.059035 0.000000 -0.078800
v -0.059207 -0.016693 -0.077621
v -0.059080 -0.017285 -0.078695
v 0.059207 0.016693 -0.077621
v 0.059080 0.017285 -0.078695
v 0.059172 0.000000 -0.077643
v 0.059035 0.000000 -0.078800
v 0.059207 -0.016693 -0.077621
v 0.059080 -0.017285 -0.078695
v -0.059217 0.000000 -0.076478
v -0.059263 0.000000 -0.075314
v -0.059308 0.015280 -0.075224
v -0.059258 0.015986 -0.076422
v -0.059308 -0.015280 -0.075224
v -0.059258 -0.015986 -0.076422
v 0.059308 0.015280 -0.075224
v 0.059263 0.000000 -0.075314
v 0.059217 0.000000 -0.076478
v 0.059258 0.015986 -0.076422
v 0.059308 -0.015280 -0.075224
v 0.059258 -0.015986 -0.076422
v -0.059348 0.013957 -0.072941
v -0.059328 0.014618 -0.074082
v -0.059355 0.000000 -0.072986
v -0.059309 0.000000 -0.074150
v -0.059348 -0.013957 -0.072941
v -0.059328 -0.014618 -0.074082
v 0.059348 0.013957 -0.072941
v 0.059328 0.014618 -0.074082
v 0.059355 0.000000 -0.072986
v 0.059309 0.000000 -0.074150
v 0.059348 -0.013957 -0.072941
v 0.059328 -0.014618 -0.074082
v -0.059309 0.000000 -0.071821
v -0.059263 0.000000 -0.070657
v -0.059218 0.012465 -0.070482
v -0.059283 0.013211 -0.071712
v -0.059218 -0.012465 -0.070482
v -0.059283 -0.013211 -0.071712
v 0.059218 0.012465 -0.070482
v 0.059263 0.000000 -0.070657
v 0.059309 0.000000 -0.071821
v 0.059283 0.013211 -0.071712
v 0.059218 -0.012465 -0.070482
v 0.059283 -0.013211 -0.071712
v -0.059172 0.011314 -0.068329
v -0.059195 0.011889 -0.069406
v -0.059172 0.000000 -0.068329
v -0.059217 0.000000 -0.069493
v -0.059172 -0.011314 -0.068329
v -0.059195 -0.011889 -0.069406
v 0.059172 0.011314 -0.068329
v 0.059195 0.011889 -0.069406
v 0.059172 0.000000 -0.068329
v 0.059217 0.000000 -0.069493
v 0.059172 -0.011314 -0.068329
v 0.059195 -0.011889 -0.069406
v -0.059035 0.000000 -0.067172
v -0.058898 0.000000 -0.066015
v -0.058927 0.010021 -0.065849
v -0.059049 0.010667 -0.067089
v -0.058927 -0.010021 -0.065849
v -0.059049 -0.010667 -0.067089
v 0.058927 0.010021 -0.065849
v 0.058898 0.000000 -0.066015
v 0.059035 0.000000 -0.067172
v 0.059049 0.010667 -0.067089
v 0.058927 -0.010021 -0.065849
v 0.059049 -0.010667 -0.067089
v -0.058624 0.008870 -0.063701
v -0.058776 0.009445 -0.064775
v -0.058624 0.000000 -0.063701
v -0.058761 0.000000 -0.064858
v -0.058624 -0.008870 -0.063701
v -0.058776 -0.009445 -0.064775
v 0.058624 0.008870 -0.063701
v 0.058776 0.009445 -0.064775
v 0.058624 0.000000 -0.063701
v 0.058761 0.000000 -0.064858
v 0.058624 -0.008870 -0.063701
v 0.058776 -0.009445 -0.064775
v -0.058396 0.000000 -0.062558
v -0.058169 0.000000 -0.061415
v -0.058157 0.007658 -0.061412
v -0.058390 0.008264 -0.062556
v -0.058144 0.015316 -0.061409
v -0.058384 0.016528 -0.062555
v -0.058157 -0.007658 -0.061412
v -0.058390 -0.008264 -0.062556
v -0.058144 -0.015316 -0.061409
v -0.058384 -0.016528 -0.062555
v 0.058157 0.007658 -0.061412
v 0.058169 0.000000 -0.061415
v 0.058396 0.000000 -0.062558
v 0.058390 0.008264 -0.062556
v 0.058144 0.015316 -0.061409
v 0.058384 0.016528 -0.062555
v 0.058157 -0.007658 -0.061412
v 0.058390 -0.008264 -0.062556
v 0.058144 -0.015316 -0.061409
v 0.058384 -0.016528 -0.062555
v -0.057670 0.006402 -0.059148
v -0.057885 0.014060 -0.060288
v -0.057913 0.007030 -0.060280
v -0.057715 0.000000 -0.059130
v -0.057942 0.000000 -0.060272
v -0.057885 -0.014060 -0.060288
v -0.057670 -0.006402 -0.059148
v -0.057913 -0.007030 -0.060280
v 0.057885 0.014060 -0.060288
v 0.057670 0.006402 -0.059148
v 0.057913 0.007030 -0.060280
v 0.057715 0.000000 -0.059130
v 0.057942 0.000000 -0.060272
v 0.057670 -0.006402 -0.059148
v 0.057885 -0.014060 -0.060288
v 0.057913 -0.007030 -0.060280
v -0.034313 0.042888 -0.041787
v -0.035160 0.042130 -0.041840
v -0.033744 0.040664 -0.039019
v -0.032910 0.041452 -0.039030
v -0.033466 0.043647 -0.041735
v -0.032076 0.042239 -0.039041
v -0.033744 -0.040664 -0.039019
v -0.035160 -0.042130 -0.041840
v -0.034313 -0.042888 -0.041787
v -0.032910 -0.041452 -0.039030
v -0.033466 -0.043647 -0.041735
v -0.032076 -0.042239 -0.039041
v 0.033744 0.040664 -0.039019
v 0.035160 0.042130 -0.041840
v 0.034313 0.042888 -0.041787
v 0.032910 0.041452 -0.039030
v 0.033466 0.043647 -0.041735
v 0.032076 0.042239 -0.039041
v 0.034313 -0.042888 -0.041787
v 0.035160 -0.042130 -0.041840
v 0.033744 -0.040664 -0.039019
v 0.032910 -0.041452 -0.039030
v 0.033466 -0.043647 -0.041735
v 0.032076 -0.042239 -0.039041
v -0.035264 0.038995 -0.038899
v -0.034504 0.039829 -0.038959
v -0.036796 0.040385 -0.041757
v -0.035978 0.041257 -0.041798
v -0.035264 -0.038995 -0.038899
v -0.034504 -0.039829 -0.038959
v -0.036796 -0.040385 -0.041757
v -0.035978 -0.041257 -0.041798
v 0.035264 0.038995 -0.038899
v 0.034504 0.039829 -0.038959
v 0.036796 0.040385 -0.041757
v 0.035978 0.041257 -0.041798
v 0.035264 -0.038995 -0.038899
v 0.034504 -0.039829 -0.038959
v 0.036796 -0.040385 -0.041757
v 0.035978 -0.041257 -0.041798
v -0.041435 0.030709 -0.039099
v -0.040892 0.031553 -0.039101
v -0.040348 0.032398 -0.039103
v -0.041435 -0.030709 -0.039099
v -0.040892 -0.031553 -0.039101
v -0.040348 -0.032398 -0.039103
v 0.041435 0.030709 -0.039099
v 0.040892 0.031553 -0.039101
v 0.040348 0.032398 -0.039103
v 0.041435 -0.030709 -0.039099
v 0.040892 -0.031553 -0.039101
v 0.040348 -0.032398 -0.039103
v -0.042421 0.028883 -0.039105
v -0.041928 0.029796 -0.039102
v -0.042421 -0.028883 -0.039105
v -0.041928 -0.029796 -0.039102
v 0.042421 0.028883 -0.039105
v 0.041928 0.029796 -0.039102
v 0.042421 -0.028883 -0.039105
v 0.041928 -0.029796 -0.039102
v -0.043395 0.026952 -0.039089
v -0.042908 0.027917 -0.039097
v -0.043395 -0.026952 -0.039089
v -0.042908 -0.027917 -0.039097
v 0.043395 0.026952 -0.039089
v 0.042908 0.027917 -0.039097
v 0.043395 -0.026952 -0.039089
v 0.042908 -0.027917 -0.039097
v -0.044277 0.025066 -0.039093
v -0.043836 0.026009 -0.039091
v -0.044277 -0.025066 -0.039093
v -0.043836 -0.026009 -0.039091
v 0.044277 0.025066 -0.039093
v 0.043836 0.026009 -0.039091
v 0.044277 -0.025066 -0.039093
v 0.043836 -0.026009 -0.039091
v -0.045123 0.023120 -0.039154
v -0.044700 0.024093 -0.039124
v -0.045123 -0.023120 -0.039154
v -0.044700 -0.024093 -0.039124
v 0.045123 0.023120 -0.039154
v 0.044700 0.024093 -0.039124
v 0.045123 -0.023120 -0.039154
v 0.044700 -0.024093 -0.039124
v -0.045895 0.021117 -0.039185
v -0.045509 0.022118 -0.039170
v -0.045895 -0.021117 -0.039185
v -0.045509 -0.022118 -0.039170
v 0.045895 0.021117 -0.039185
v 0.045509 0.022118 -0.039170
v 0.045895 -0.021117 -0.039185
v 0.045509 -0.022118 -0.039170
v -0.046600 0.019100 -0.039248
v -0.046248 0.020109 -0.039217
v -0.046600 -0.019100 -0.039248
v -0.046248 -0.020109 -0.039217
v 0.046600 0.019100 -0.039248
v 0.046248 0.020109 -0.039217
v 0.046600 -0.019100 -0.039248
v 0.046248 -0.020109 -0.039217
v -0.047210 0.017007 -0.039230
v -0.046905 0.018054 -0.039239
v -0.047210 -0.017007 -0.039230
v -0.046905 -0.018054 -0.039239
v 0.047210 0.017007 -0.039230
v 0.046905 0.018054 -0.039239
v 0.047210 -0.017007 -0.039230
v 0.046905 -0.018054 -0.039239
v -0.047745 0.014955 -0.039235
v -0.047478 0.015981 -0.039232
v -0.047745 -0.014955 -0.039235
v -0.047478 -0.015981 -0.039232
v 0.047745 0.014955 -0.039235
v 0.047478 0.015981 -0.039232
v 0.047745 -0.014955 -0.039235
v 0.047478 -0.015981 -0.039232
v -0.048232 0.012775 -0.039233
v -0.047988 0.013865 -0.039234
v -0.048232 -0.012775 -0.039233
v -0.047988 -0.013865 -0.039234
v 0.048232 0.012775 -0.039233
v 0.047988 0.013865 -0.039234
v 0.048232 -0.012775 -0.039233
v 0.047988 -0.013865 -0.039234
v -0.050240 0.012117 -0.042184
v -0.050428 0.011046 -0.042183
v -0.048621 0.010685 -0.039238
v -0.048426 0.011730 -0.039236
v -0.046813 0.010323 -0.036294
v -0.046613 0.011342 -0.036287
v -0.048621 -0.010685 -0.039238
v -0.050428 -0.011046 -0.042183
v -0.050240 -0.012117 -0.042184
v -0.048426 -0.011730 -0.039236
v -0.046813 -0.010323 -0.036294
v -0.046613 -0.011342 -0.036287
v 0.048621 0.010685 -0.039238
v 0.050428 0.011046 -0.042183
v 0.050240 0.012117 -0.042184
v 0.048426 0.011730 -0.039236
v 0.046813 0.010323 -0.036294
v 0.046613 0.011342 -0.036287
v 0.050240 -0.012117 -0.042184
v 0.050428 -0.011046 -0.042183
v 0.048621 -0.010685 -0.039238
v 0.048426 -0.011730 -0.039236
v 0.046813 -0.010323 -0.036294
v 0.046613 -0.011342 -0.036287
v -0.050576 0.009967 -0.042181
v -0.049431 0.008209 -0.040128
v -0.049026 0.009447 -0.039683
v -0.048139 0.007530 -0.038076
v -0.047476 0.008927 -0.037185
v -0.049431 -0.008209 -0.040128
v -0.050576 -0.009967 -0.042181
v -0.049026 -0.009447 -0.039683
v -0.048139 -0.007530 -0.038076
v -0.047476 -0.008927 -0.037185
v 0.049431 0.008209 -0.040128
v 0.050576 0.009967 -0.042181
v 0.049026 0.009447 -0.039683
v 0.048139 0.007530 -0.038076
v 0.047476 0.008927 -0.037185
v 0.050576 -0.009967 -0.042181
v 0.049431 -0.008209 -0.040128
v 0.049026 -0.009447 -0.039683
v 0.048139 -0.007530 -0.038076
v 0.047476 -0.008927 -0.037185
v -0.054837 0.002658 -0.050272
v -0.055643 0.003448 -0.052458
v -0.054837 0.000000 -0.050272
v -0.055643 0.000000 -0.052458
v -0.056449 0.004237 -0.054644
v -0.056449 0.000000 -0.054644
v -0.056449 -0.004237 -0.054644
v -0.055643 -0.003448 -0.052458
v -0.054837 -0.002658 -0.050272
v 0.054837 0.002658 -0.050272
v 0.055643 0.003448 -0.052458
v 0.056449 0.004237 -0.054644
v 0.054837 0.000000 -0.050272
v 0.055643 0.000000 -0.052458
v 0.056449 0.000000 -0.054644
v 0.054837 -0.002658 -0.050272
v 0.055643 -0.003448 -0.052458
v 0.056449 -0.004237 -0.054644
v -0.057060 0.005320 -0.056896
v -0.057082 0.000000 -0.056887
v -0.057060 -0.005320 -0.056896
v 0.057060 0.005320 -0.056896
v 0.057082 0.000000 -0.056887
v 0.057060 -0.005320 -0.056896
v -0.054312 0.014323 -0.052370
v -0.054286 0.013181 -0.051796
v -0.054312 -0.014323 -0.052370
v -0.054286 -0.013181 -0.051796
v 0.054312 0.014323 -0.052370
v 0.054286 0.013181 -0.051796
v 0.054312 -0.014323 -0.052370
v 0.054286 -0.013181 -0.051796
v -0.054230 0.012014 -0.051235
v -0.054230 -0.012014 -0.051235
v 0.054230 0.012014 -0.051235
v 0.054230 -0.012014 -0.051235
v -0.013761 0.072533 -0.069378
v -0.012368 0.072811 -0.069486
v -0.013761 -0.072533 -0.069378
v -0.012368 -0.072811 -0.069486
v 0.013761 0.072533 -0.069378
v 0.012368 0.072811 -0.069486
v 0.013761 -0.072533 -0.069378
v 0.012368 -0.072811 -0.069486
v -0.025358 0.059694 -0.060802
v -0.027428 0.058553 -0.061347
v -0.025001 0.049955 -0.041437
v -0.029498 0.057412 -0.061893
v -0.026688 0.048889 -0.041514
v -0.025358 -0.059694 -0.060802
v -0.027428 -0.058553 -0.061347
v -0.029498 -0.057412 -0.061893
v -0.025001 -0.049955 -0.041437
v -0.026688 -0.048889 -0.041514
v 0.025358 0.059694 -0.060802
v 0.027428 0.058553 -0.061347
v 0.029498 0.057412 -0.061893
v 0.025001 0.049955 -0.041437
v 0.026688 0.048889 -0.041514
v 0.025358 -0.059694 -0.060802
v 0.027428 -0.058553 -0.061347
v 0.025001 -0.049955 -0.041437
v 0.029498 -0.057412 -0.061893
v 0.026688 -0.048889 -0.041514
v -0.033752 0.054812 -0.062602
v -0.030056 0.046338 -0.041633
v -0.028372 0.047613 -0.041574
v -0.031625 0.056112 -0.062247
v -0.028372 -0.047613 -0.041574
v -0.030056 -0.046338 -0.041633
v -0.033752 -0.054812 -0.062602
v -0.031625 -0.056112 -0.062247
v 0.028372 0.047613 -0.041574
v 0.030056 0.046338 -0.041633
v 0.033752 0.054812 -0.062602
v 0.031625 0.056112 -0.062247
v 0.033752 -0.054812 -0.062602
v 0.030056 -0.046338 -0.041633
v 0.028372 -0.047613 -0.041574
v 0.031625 -0.056112 -0.062247
v -0.039737 0.061577 -0.083915
v -0.037746 0.051757 -0.062998
v -0.035749 0.053284 -0.062800
v -0.031761 0.044992 -0.041684
v -0.037746 -0.051757 -0.062998
v -0.039737 -0.061577 -0.083915
v -0.035749 -0.053284 -0.062800
v -0.031761 -0.044992 -0.041684
v 0.037746 0.051757 -0.062998
v 0.039737 0.061577 -0.083915
v 0.035749 0.053284 -0.062800
v 0.031761 0.044992 -0.041684
v 0.039737 -0.061577 -0.083915
v 0.037746 -0.051757 -0.062998
v 0.035749 -0.053284 -0.062800
v 0.031761 -0.044992 -0.041684
v -0.039404 0.061529 -0.084885
v -0.039404 -0.061529 -0.084885
v 0.039404 0.061529 -0.084885
v 0.039404 -0.061529 -0.084885
v -0.039304 0.050478 -0.063205
v -0.040861 0.049200 -0.063412
v -0.039304 -0.050478 -0.063205
v -0.040861 -0.049200 -0.063412
v 0.039304 0.050478 -0.063205
v 0.040861 0.049200 -0.063412
v 0.039304 -0.050478 -0.063205
v 0.040861 -0.049200 -0.063412
v -0.043798 0.046356 -0.063707
v -0.045486 0.044465 -0.063926
v -0.038214 0.038737 -0.041875
v -0.047174 0.042574 -0.064144
v -0.039632 0.037089 -0.041994
v -0.043798 -0.046356 -0.063707
v -0.045486 -0.044465 -0.063926
v -0.047174 -0.042574 -0.064144
v -0.038214 -0.038737 -0.041875
v -0.039632 -0.037089 -0.041994
v 0.043798 0.046356 -0.063707
v 0.045486 0.044465 -0.063926
v 0.047174 0.042574 -0.064144
v 0.038214 0.038737 -0.041875
v 0.039632 0.037089 -0.041994
v 0.043798 -0.046356 -0.063707
v 0.045486 -0.044465 -0.063926
v 0.038214 -0.038737 -0.041875
v 0.047174 -0.042574 -0.064144
v 0.039632 -0.037089 -0.041994
v -0.048532 0.040775 -0.064258
v -0.040833 0.035328 -0.042014
v -0.048532 -0.040775 -0.064258
v -0.040833 -0.035328 -0.042014
v 0.048532 0.040775 -0.064258
v 0.040833 0.035328 -0.042014
v 0.048532 -0.040775 -0.064258
v 0.040833 -0.035328 -0.042014
v -0.042329 0.047778 -0.063559
v -0.042329 -0.047778 -0.063559
v 0.042329 0.047778 -0.063559
v 0.042329 -0.047778 -0.063559
v -0.024196 0.047729 -0.037970
v -0.022743 0.048897 -0.038117
v -0.021289 0.050065 -0.038265
v -0.020485 0.047839 -0.034798
v -0.024196 -0.047729 -0.037970
v -0.022743 -0.048897 -0.038117
v -0.020485 -0.047839 -0.034798
v -0.021289 -0.050065 -0.038265
v 0.024196 0.047729 -0.037970
v 0.022743 0.048897 -0.038117
v 0.020485 0.047839 -0.034798
v 0.021289 0.050065 -0.038265
v 0.024196 -0.047729 -0.037970
v 0.022743 -0.048897 -0.038117
v 0.021289 -0.050065 -0.038265
v 0.020485 -0.047839 -0.034798
v -0.018734 0.033454 -0.021491
v -0.018734 -0.033454 -0.021491
v 0.018734 0.033454 -0.021491
v 0.018734 -0.033454 -0.021491
v -0.011657 0.058307 -0.040091
v -0.011657 0.056825 -0.037669
v 0.000000 0.064111 -0.036400
v 0.000000 0.065593 -0.038822
v 0.000000 0.062630 -0.033979
v -0.011657 -0.058307 -0.040091
v 0.000000 -0.065593 -0.038822
v 0.000000 -0.064111 -0.036400
v -0.011657 -0.056825 -0.037669
v 0.000000 -0.062630 -0.033979
v 0.011657 0.058307 -0.040091
v 0.011657 0.056825 -0.037669
v 0.011657 -0.058307 -0.040091
v 0.011657 -0.056825 -0.037669
v -0.009632 0.055869 -0.034575
v -0.009632 -0.055869 -0.034575
v 0.009632 0.055869 -0.034575
v 0.009632 -0.055869 -0.034575
v 0.000000 0.060100 -0.030548
v 0.000000 -0.060100 -0.030548
v -0.018325 0.029381 -0.018833
v -0.018325 -0.029381 -0.018833
v 0.018325 0.029381 -0.018833
v 0.018325 -0.029381 -0.018833
v -0.008245 0.042459 -0.019706
v 0.000000 0.045211 -0.015330
v -0.008245 -0.042459 -0.019706
v 0.000000 -0.045211 -0.015330
v 0.008245 0.042459 -0.019706
v 0.008245 -0.042459 -0.019706
v -0.022873 0.021248 -0.018347
v -0.022873 -0.021248 -0.018347
v 0.022873 0.021248 -0.018347
v 0.022873 -0.021248 -0.018347
v -0.023382 0.020284 -0.018336
v -0.023890 0.019320 -0.018325
v -0.023382 -0.020284 -0.018336
v -0.023890 -0.019320 -0.018325
v 0.023382 0.020284 -0.018336
v 0.023890 0.019320 -0.018325
v 0.023382 -0.020284 -0.018336
v 0.023890 -0.019320 -0.018325
v -0.024310 0.018430 -0.018309
v -0.024729 0.017541 -0.018292
v -0.024310 -0.018430 -0.018309
v -0.024729 -0.017541 -0.018292
v 0.024310 0.018430 -0.018309
v 0.024729 0.017541 -0.018292
v 0.024310 -0.018430 -0.018309
v 0.024729 -0.017541 -0.018292
v -0.025598 0.047151 -0.038614
v -0.025598 -0.047151 -0.038614
v 0.025598 0.047151 -0.038614
v 0.025598 -0.047151 -0.038614
v -0.028514 0.045084 -0.038921
v -0.029310 0.044490 -0.039010
v -0.029310 -0.044490 -0.039010
v -0.028514 -0.045084 -0.038921
v 0.029310 0.044490 -0.039010
v 0.028514 0.045084 -0.038921
v 0.028514 -0.045084 -0.038921
v 0.029310 -0.044490 -0.039010
v -0.035918 0.038223 -0.038910
v -0.035918 -0.038223 -0.038910
v 0.035918 0.038223 -0.038910
v 0.035918 -0.038223 -0.038910
v -0.037969 0.035789 -0.039057
v -0.038573 0.034983 -0.039076
v -0.037969 -0.035789 -0.039057
v -0.038573 -0.034983 -0.039076
v 0.037969 0.035789 -0.039057
v 0.038573 0.034983 -0.039076
v 0.037969 -0.035789 -0.039057
v 0.038573 -0.034983 -0.039076
v 0.000000 0.007159 -0.000153
v -0.001129 0.006965 -0.000768
v 0.000000 0.005732 -0.000014
v -0.000544 0.005574 -0.000267
v -0.002259 0.006771 -0.001383
v 0.000000 -0.007159 -0.000153
v -0.001129 -0.006965 -0.000768
v -0.002259 -0.006771 -0.001383
v 0.000000 -0.005732 -0.000014
v -0.000544 -0.005574 -0.000267
v 0.001129 0.006965 -0.000768
v 0.002259 0.006771 -0.001383
v 0.000544 0.005574 -0.000267
v 0.001129 -0.006965 -0.000768
v 0.000544 -0.005574 -0.000267
v 0.002259 -0.006771 -0.001383
v 0.000000 0.004220 -0.000002
v 0.000000 -0.004220 -0.000002
v -0.005743 0.008125 -0.003932
v -0.005743 -0.008125 -0.003932
v 0.005743 0.008125 -0.003932
v 0.005743 -0.008125 -0.003932
v -0.003753 0.006771 -0.002472
v -0.005913 0.006771 -0.004048
v -0.003753 -0.006771 -0.002472
v -0.005913 -0.006771 -0.004048
v 0.003753 0.006771 -0.002472
v 0.005913 0.006771 -0.004048
v 0.003753 -0.006771 -0.002472
v 0.005913 -0.006771 -0.004048
v -0.050682 0.003117 -0.041981
v -0.051797 0.002871 -0.044028
v -0.050682 0.000000 -0.041981
v -0.051797 0.000000 -0.044028
v -0.052912 0.002624 -0.046074
v -0.052912 0.000000 -0.046074
v -0.050682 -0.003117 -0.041981
v -0.051797 -0.002871 -0.044028
v -0.052912 -0.002624 -0.046074
v 0.050682 0.003117 -0.041981
v 0.051797 0.002871 -0.044028
v 0.052912 0.002624 -0.046074
v 0.050682 0.000000 -0.041981
v 0.051797 0.000000 -0.044028
v 0.052912 0.000000 -0.046074
v 0.050682 -0.003117 -0.041981
v 0.051797 -0.002871 -0.044028
v 0.052912 -0.002624 -0.046074
v -0.048139 0.003765 -0.038076
v -0.049410 0.006882 -0.040029
v -0.049410 0.003441 -0.040029
v -0.048139 0.000000 -0.038076
v -0.049410 0.000000 -0.040029
v -0.049410 -0.006882 -0.040029
v -0.048139 -0.003765 -0.038076
v -0.049410 -0.003441 -0.040029
v 0.049410 0.006882 -0.040029
v 0.048139 0.003765 -0.038076
v 0.049410 0.003441 -0.040029
v 0.048139 0.000000 -0.038076
v 0.049410 0.000000 -0.040029
v 0.048139 -0.003765 -0.038076
v 0.049410 -0.006882 -0.040029
v 0.049410 -0.003441 -0.040029
v -0.045297 0.004781 -0.034383
v -0.046718 0.008546 -0.036230
v -0.046718 0.004273 -0.036230
v -0.045297 0.000000 -0.034383
v -0.046718 0.000000 -0.036230
v -0.046718 -0.008546 -0.036230
v -0.045297 -0.004781 -0.034383
v -0.046718 -0.004273 -0.036230
v 0.046718 0.008546 -0.036230
v 0.045297 0.004781 -0.034383
v 0.046718 0.004273 -0.036230
v 0.045297 0.000000 -0.034383
v 0.046718 0.000000 -0.036230
v 0.045297 -0.004781 -0.034383
v 0.046718 -0.008546 -0.036230
v 0.046718 -0.004273 -0.036230
v -0.040245 0.006771 -0.029090
v -0.042742 0.011552 -0.031731
v -0.042771 0.005776 -0.031737
v -0.040301 0.000000 -0.029102
v -0.042799 0.000000 -0.031742
v -0.042742 -0.011552 -0.031731
v -0.040245 -0.006771 -0.029090
v -0.042771 -0.005776 -0.031737
v 0.042742 0.011552 -0.031731
v 0.040245 0.006771 -0.029090
v 0.042771 0.005776 -0.031737
v 0.040301 0.000000 -0.029102
v 0.042799 0.000000 -0.031742
v 0.040245 -0.006771 -0.029090
v 0.042742 -0.011552 -0.031731
v 0.042771 -0.005776 -0.031737
v -0.053874 0.000000 -0.048173
v -0.053874 0.002641 -0.048173
v -0.053874 -0.002641 -0.048173
v 0.053874 0.000000 -0.048173
v 0.053874 0.002641 -0.048173
v 0.053874 -0.002641 -0.048173
v -0.046055 0.009942 -0.035339
v -0.046055 -0.009942 -0.035339
v 0.046055 0.009942 -0.035339
v 0.046055 -0.009942 -0.035339
v -0.038169 0.012188 -0.027601
v -0.038169 -0.012188 -0.027601
v 0.038169 0.012188 -0.027601
v 0.038169 -0.012188 -0.027601
v -0.038186 0.010834 -0.027607
v -0.038186 -0.010834 -0.027607
v 0.038186 0.010834 -0.027607
v 0.038186 -0.010834 -0.027607
v -0.038259 0.002708 -0.027624
v -0.038276 0.001354 -0.027630
v -0.038276 -0.001354 -0.027630
v -0.038259 -0.002708 -0.027624
v 0.038276 0.001354 -0.027630
v 0.038259 0.002708 -0.027624
v 0.038259 -0.002708 -0.027624
v 0.038276 -0.001354 -0.027630
v -0.038293 0.000000 -0.027636
v 0.038293 0.000000 -0.027636
v -0.038223 0.006771 -0.027616
v -0.038223 -0.006771 -0.027616
v 0.038223 0.006771 -0.027616
v 0.038223 -0.006771 -0.027616
v -0.041673 0.013547 -0.030715
v -0.041673 -0.013547 -0.030715
v 0.041673 0.013547 -0.030715
v 0.041673 -0.013547 -0.030715
v -0.037583 0.016173 -0.027361
v -0.037583 -0.016173 -0.027361
v 0.037583 0.016173 -0.027361
v 0.037583 -0.016173 -0.027361
v -0.006008 0.011858 -0.004606
v -0.006008 -0.011858 -0.004606
v 0.006008 0.011858 -0.004606
v 0.006008 -0.011858 -0.004606
v -0.007009 0.012878 -0.005462
v 0.000000 0.012840 -0.000929
v -0.007009 -0.012878 -0.005462
v 0.000000 -0.012840 -0.000929
v 0.007009 0.012878 -0.005462
v 0.007009 -0.012878 -0.005462
v -0.025334 0.016413 -0.018281
v -0.027392 0.016554 -0.019731
v -0.025334 -0.016413 -0.018281
v -0.027392 -0.016554 -0.019731
v 0.025334 0.016413 -0.018281
v 0.027392 0.016554 -0.019731
v 0.025334 -0.016413 -0.018281
v 0.027392 -0.016554 -0.019731
v -0.029410 0.016905 -0.021141
v -0.028922 0.017458 -0.020884
v -0.029410 -0.016905 -0.021141
v -0.028922 -0.017458 -0.020884
v 0.029410 0.016905 -0.021141
v 0.028922 0.017458 -0.020884
v 0.029410 -0.016905 -0.021141
v 0.028922 -0.017458 -0.020884
v -0.031419 0.016971 -0.022606
v -0.031419 -0.016971 -0.022606
v 0.031419 0.016971 -0.022606
v 0.031419 -0.016971 -0.022606
v -0.032897 0.017848 -0.023886
v -0.033384 0.017111 -0.024170
v -0.032897 -0.017848 -0.023886
v -0.033384 -0.017111 -0.024170
v 0.032897 0.017848 -0.023886
v 0.033384 0.017111 -0.024170
v 0.032897 -0.017848 -0.023886
v 0.033384 -0.017111 -0.024170
v -0.020045 0.027302 -0.018999
v -0.021146 0.026087 -0.019194
v -0.020045 -0.027302 -0.018999
v -0.021146 -0.026087 -0.019194
v 0.020045 0.027302 -0.018999
v 0.021146 0.026087 -0.019194
v 0.020045 -0.027302 -0.018999
v 0.021146 -0.026087 -0.019194
v -0.019185 0.028341 -0.018916
v -0.019185 -0.028341 -0.018916
v 0.019185 0.028341 -0.018916
v 0.019185 -0.028341 -0.018916
v -0.019565 0.038201 -0.025349
v -0.019565 -0.038201 -0.025349
v 0.019565 0.038201 -0.025349
v 0.019565 -0.038201 -0.025349
v -0.017766 0.043251 -0.027990
v -0.017766 -0.043251 -0.027990
v 0.017766 0.043251 -0.027990
v 0.017766 -0.043251 -0.027990
v -0.025587 0.017560 -0.018761
v -0.025587 -0.017560 -0.018761
v 0.025587 0.017560 -0.018761
v 0.025587 -0.017560 -0.018761
v -0.039461 0.033690 -0.039089
v -0.039461 -0.033690 -0.039089
v 0.039461 0.033690 -0.039089
v 0.039461 -0.033690 -0.039089
v -0.036943 0.037006 -0.038983
v -0.036943 -0.037006 -0.038983
v 0.036943 0.037006 -0.038983
v 0.036943 -0.037006 -0.038983
v -0.030693 0.043365 -0.039026
v -0.030693 -0.043365 -0.039026
v 0.030693 0.043365 -0.039026
v 0.030693 -0.043365 -0.039026
v -0.027056 0.046117 -0.038767
v -0.027056 -0.046117 -0.038767
v 0.027056 0.046117 -0.038767
v 0.027056 -0.046117 -0.038767
v -0.015510 0.067216 -0.061602
v -0.017258 0.061899 -0.053827
v -0.015510 -0.067216 -0.061602
v -0.017258 -0.061899 -0.053827
v 0.015510 0.067216 -0.061602
v 0.017258 0.061899 -0.053827
v 0.015510 -0.067216 -0.061602
v 0.017258 -0.061899 -0.053827
v -0.023117 0.065286 -0.068379
v -0.021290 0.061199 -0.058018
v -0.023117 -0.065286 -0.068379
v -0.021290 -0.061199 -0.058018
v 0.023117 0.065286 -0.068379
v 0.021290 0.061199 -0.058018
v 0.023117 -0.065286 -0.068379
v 0.021290 -0.061199 -0.058018
v -0.018976 0.066636 -0.065273
v -0.018976 -0.066636 -0.065273
v 0.018976 0.066636 -0.065273
v 0.018976 -0.066636 -0.065273
v -0.013180 0.067295 -0.058546
v -0.015751 0.061821 -0.051625
v -0.013180 -0.067295 -0.058546
v -0.015751 -0.061821 -0.051625
v 0.013180 0.067295 -0.058546
v 0.015751 0.061821 -0.051625
v 0.013180 -0.067295 -0.058546
v 0.015751 -0.061821 -0.051625
v -0.011473 0.067138 -0.055955
v -0.015083 0.061705 -0.050535
v -0.011473 -0.067138 -0.055955
v -0.015083 -0.061705 -0.050535
v 0.011473 0.067138 -0.055955
v 0.015083 0.061705 -0.050535
v 0.011473 -0.067138 -0.055955
v 0.015083 -0.061705 -0.050535
v -0.010408 0.066893 -0.054042
v -0.014326 0.061488 -0.049045
v -0.010408 -0.066893 -0.054042
v -0.014326 -0.061488 -0.049045
v 0.010408 0.066893 -0.054042
v 0.014326 0.061488 -0.049045
v 0.010408 -0.066893 -0.054042
v 0.014326 -0.061488 -0.049045
v -0.013353 0.060866 -0.046550
v -0.009120 0.066289 -0.051129
v -0.013353 -0.060866 -0.046550
v -0.009120 -0.066289 -0.051129
v 0.013353 0.060866 -0.046550
v 0.009120 0.066289 -0.051129
v 0.013353 -0.060866 -0.046550
v 0.009120 -0.066289 -0.051129
v -0.012681 0.060050 -0.044097
v -0.007930 0.065297 -0.047608
v -0.003178 0.070545 -0.051120
v -0.012681 -0.060050 -0.044097
v -0.007930 -0.065297 -0.047608
v -0.003178 -0.070545 -0.051120
v 0.012681 0.060050 -0.044097
v 0.007930 0.065297 -0.047608
v 0.003178 0.070545 -0.051120
v 0.012681 -0.060050 -0.044097
v 0.007930 -0.065297 -0.047608
v 0.003178 -0.070545 -0.051120
v -0.000801 0.066953 -0.041787
v -0.001602 0.068312 -0.044752
v -0.001826 0.068696 -0.045793
v -0.006741 0.063501 -0.042942
v -0.001826 -0.068696 -0.045793
v -0.001602 -0.068312 -0.044752
v -0.000801 -0.066953 -0.041787
v -0.006741 -0.063501 -0.042942
v 0.001826 0.068696 -0.045793
v 0.001602 0.068312 -0.044752
v 0.000801 0.066953 -0.041787
v 0.006741 0.063501 -0.042942
v 0.000801 -0.066953 -0.041787
v 0.001602 -0.068312 -0.044752
v 0.001826 -0.068696 -0.045793
v 0.006741 -0.063501 -0.042942
v -0.001361 0.069537 -0.048060
v -0.000801 0.069345 -0.047522
v -0.001361 -0.069537 -0.048060
v -0.000801 -0.069345 -0.047522
v 0.001361 0.069537 -0.048060
v 0.000801 0.069345 -0.047522
v 0.001361 -0.069537 -0.048060
v 0.000801 -0.069345 -0.047522
v -0.000000 0.068312 -0.044752
v -0.000000 -0.068312 -0.044752
vn -0.0288 0.6785 -0.7340
vn -0.0288 -0.6785 -0.7340
vn 0.0288 0.6785 -0.7340
vn 0.0288 -0.6785 -0.7340
vn -0.0864 0.6785 -0.7295
vn -0.0863 0.6785 -0.7295
vn -0.0863 0.6786 -0.7295
vn -0.0864 -0.6785 -0.7295
vn -0.0863 -0.6785 -0.7295
vn -0.0863 -0.6786 -0.7295
vn 0.0864 0.6785 -0.7295
vn 0.0863 0.6785 -0.7295
vn 0.0863 0.6786 -0.7295
vn 0.0864 -0.6785 -0.7295
vn 0.0863 -0.6785 -0.7295
vn 0.0863 -0.6786 -0.7295
vn -0.1434 0.6786 -0.7204
vn -0.1433 0.6786 -0.7204
vn -0.1433 0.6785 -0.7204
vn -0.1434 -0.6786 -0.7204
vn -0.1433 -0.6786 -0.7204
vn -0.1433 -0.6785 -0.7204
vn 0.1434 0.6786 -0.7204
vn 0.1433 0.6786 -0.7204
vn 0.1433 0.6785 -0.7204
vn 0.1434 -0.6786 -0.7204
vn 0.1433 -0.6786 -0.7204
vn 0.1433 -0.6785 -0.7204
vn -0.1993 0.6786 -0.7070
vn -0.1994 0.6786 -0.7070
vn -0.1993 0.6785 -0.7070
vn -0.1994 0.6785 -0.7070
vn -0.1994 0.6786 -0.7069
vn -0.1995 0.6785 -0.7070
vn -0.1993 -0.6786 -0.7070
vn -0.1994 -0.6786 -0.7070
vn -0.1994 -0.6786 -0.7069
vn -0.1995 -0.6785 -0.7070
vn -0.1993 -0.6785 -0.7070
vn -0.1994 -0.6785 -0.7070
vn 0.1993 0.6786 -0.7070
vn 0.1994 0.6786 -0.7070
vn 0.1994 0.6786 -0.7069
vn 0.1995 0.6785 -0.7070
vn 0.1993 0.6785 -0.7070
vn 0.1994 0.6785 -0.7070
vn 0.1993 -0.6786 -0.7070
vn 0.1994 -0.6786 -0.7070
vn 0.1993 -0.6785 -0.7070
vn 0.1994 -0.6785 -0.7070
vn 0.1994 -0.6786 -0.7069
vn 0.1995 -0.6785 -0.7070
vn -0.2542 0.6785 -0.6892
vn -0.2542 -0.6785 -0.6892
vn 0.2542 0.6785 -0.6892
vn 0.2542 -0.6785 -0.6892
vn -0.3075 0.6785 -0.6671
vn -0.3076 0.6785 -0.6671
vn -0.3075 -0.6785 -0.6671
vn -0.3076 -0.6785 -0.6671
vn 0.3075 0.6785 -0.6671
vn 0.3076 0.6785 -0.6671
vn 0.3075 -0.6785 -0.6671
vn 0.3076 -0.6785 -0.6671
vn -0.3590 0.6785 -0.6409
vn -0.3590 -0.6785 -0.6409
vn 0.3590 0.6785 -0.6409
vn 0.3590 -0.6785 -0.6409
vn -0.4080 0.6785 -0.6108
vn -0.4080 -0.6785 -0.6108
vn 0.4080 0.6785 -0.6108
vn 0.4080 -0.6785 -0.6108
vn -0.4548 0.6785 -0.5768
vn -0.4548 0.6785 -0.5769
vn -0.4549 0.6785 -0.5768
vn -0.4548 -0.6785 -0.5768
vn -0.4548 -0.6785 -0.5769
vn -0.4549 -0.6785 -0.5768
vn 0.4548 0.6785 -0.5768
vn 0.4548 0.6785 -0.5769
vn 0.4549 0.6785 -0.5768
vn 0.4548 -0.6785 -0.5768
vn 0.4548 -0.6785 -0.5769
vn 0.4549 -0.6785 -0.5768
vn -0.4987 0.6785 -0.5394
vn -0.4986 0.6785 -0.5394
vn -0.4987 -0.6785 -0.5394
vn -0.4986 -0.6785 -0.5394
vn 0.4987 0.6785 -0.5394
vn 0.4986 0.6785 -0.5394
vn 0.4987 -0.6785 -0.5394
vn 0.4986 -0.6785 -0.5394
vn -0.5394 0.6785 -0.4986
vn -0.5394 0.6785 -0.4987
vn -0.5394 -0.6785 -0.4986
vn -0.5394 -0.6785 -0.4987
vn 0.5394 0.6785 -0.4986
vn 0.5394 0.6785 -0.4987
vn 0.5394 -0.6785 -0.4986
vn 0.5394 -0.6785 -0.4987
vn -0.5768 0.6785 -0.4548
vn -0.5769 0.6785 -0.4548
vn -0.5769 0.6785 -0.4547
vn -0.5768 -0.6785 -0.4548
vn -0.5769 -0.6785 -0.4548
vn -0.5769 -0.6785 -0.4547
vn 0.5768 0.6785 -0.4548
vn 0.5769 0.6785 -0.4548
vn 0.5769 0.6785 -0.4547
vn 0.5768 -0.6785 -0.4548
vn 0.5769 -0.6785 -0.4548
vn 0.5769 -0.6785 -0.4547
vn -0.6108 0.6785 -0.4081
vn -0.6108 -0.6785 -0.4081
vn 0.6108 0.6785 -0.4081
vn 0.6108 -0.6785 -0.4081
vn -0.6409 0.6785 -0.3590
vn -0.6409 -0.6785 -0.3590
vn 0.6409 0.6785 -0.3590
vn 0.6409 -0.6785 -0.3590
vn -0.6671 0.6785 -0.3075
vn -0.6671 -0.6785 -0.3075
vn 0.6671 0.6785 -0.3075
vn 0.6671 -0.6785 -0.3075
vn -0.6892 0.6785 -0.2543
vn -0.6892 -0.6785 -0.2543
vn 0.6892 0.6785 -0.2543
vn 0.6892 -0.6785 -0.2543
vn -0.0266 0.7341 -0.6785
vn -0.0266 -0.7341 -0.6785
vn 0.0266 0.7341 -0.6785
vn 0.0266 -0.7341 -0.6785
vn -0.0797 0.7341 -0.6743
vn -0.0798 0.7341 -0.6744
vn -0.0797 0.7341 -0.6744
vn -0.0798 0.7340 -0.6744
vn -0.0798 0.7341 -0.6743
vn -0.0797 -0.7341 -0.6743
vn -0.0798 -0.7341 -0.6744
vn -0.0798 -0.7341 -0.6743
vn -0.0797 -0.7341 -0.6744
vn -0.0798 -0.7340 -0.6744
vn 0.0797 0.7341 -0.6743
vn 0.0798 0.7341 -0.6744
vn 0.0798 0.7341 -0.6743
vn 0.0797 0.7341 -0.6744
vn 0.0798 0.7340 -0.6744
vn 0.0797 -0.7341 -0.6743
vn 0.0798 -0.7341 -0.6744
vn 0.0797 -0.7341 -0.6744
vn 0.0798 -0.7340 -0.6744
vn 0.0798 -0.7341 -0.6743
vn -0.1325 0.7340 -0.6661
vn -0.1325 0.7340 -0.6660
vn -0.1326 0.7340 -0.6661
vn -0.1324 -0.7340 -0.6661
vn -0.1325 -0.7340 -0.6661
vn -0.1325 -0.7340 -0.6660
vn -0.1326 -0.7340 -0.6661
vn 0.1324 0.7340 -0.6661
vn 0.1325 0.7340 -0.6661
vn 0.1325 0.7340 -0.6660
vn 0.1326 0.7340 -0.6661
vn 0.1325 -0.7340 -0.6661
vn 0.1325 -0.7340 -0.6660
vn 0.1326 -0.7340 -0.6661
vn -0.1845 0.7340 -0.6536
vn -0.1844 0.7340 -0.6536
vn -0.1844 0.7341 -0.6536
vn -0.1843 0.7340 -0.6536
vn -0.1843 0.7341 -0.6536
vn -0.1845 -0.7340 -0.6536
vn -0.1844 -0.7340 -0.6536
vn -0.1843 -0.7340 -0.6536
vn -0.1844 -0.7341 -0.6536
vn -0.1843 -0.7341 -0.6536
vn 0.1845 0.7340 -0.6536
vn 0.1844 0.7340 -0.6536
vn 0.1843 0.7340 -0.6536
vn 0.1844 0.7341 -0.6536
vn 0.1843 0.7341 -0.6536
vn 0.1845 -0.7340 -0.6536
vn 0.1844 -0.7340 -0.6536
vn 0.1844 -0.7341 -0.6536
vn 0.1843 -0.7340 -0.6536
vn 0.1843 -0.7341 -0.6536
vn -0.2350 0.7341 -0.6371
vn -0.2350 -0.7341 -0.6371
vn 0.2350 0.7341 -0.6371
vn 0.2350 -0.7341 -0.6371
vn -0.2843 0.7341 -0.6167
vn -0.2843 -0.7341 -0.6167
vn 0.2843 0.7341 -0.6167
vn 0.2843 -0.7341 -0.6167
vn -0.3318 0.7341 -0.5925
vn -0.3319 0.7341 -0.5925
vn -0.3318 -0.7341 -0.5925
vn -0.3319 -0.7341 -0.5925
vn 0.3318 0.7341 -0.5925
vn 0.3319 0.7341 -0.5925
vn 0.3318 -0.7341 -0.5925
vn 0.3319 -0.7341 -0.5925
vn -0.3772 0.7341 -0.5647
vn -0.3772 -0.7341 -0.5647
vn 0.3772 0.7341 -0.5647
vn 0.3772 -0.7341 -0.5647
vn -0.4204 0.7341 -0.5333
vn -0.4204 0.7340 -0.5333
vn -0.4205 0.7341 -0.5333
vn -0.4205 0.7340 -0.5333
vn -0.4204 -0.7341 -0.5333
vn -0.4205 -0.7341 -0.5333
vn -0.4204 -0.7340 -0.5333
vn -0.4205 -0.7340 -0.5333
vn 0.4204 0.7341 -0.5333
vn 0.4205 0.7341 -0.5333
vn 0.4204 0.7340 -0.5333
vn 0.4205 0.7340 -0.5333
vn 0.4204 -0.7341 -0.5333
vn 0.4204 -0.7340 -0.5333
vn 0.4205 -0.7341 -0.5333
vn 0.4205 -0.7340 -0.5333
vn -0.4610 0.7340 -0.4986
vn -0.4610 0.7341 -0.4987
vn -0.4610 0.7341 -0.4986
vn -0.4610 0.7340 -0.4987
vn -0.4610 -0.7340 -0.4986
vn -0.4610 -0.7341 -0.4987
vn -0.4610 -0.7340 -0.4987
vn -0.4610 -0.7341 -0.4986
vn 0.4610 0.7340 -0.4986
vn 0.4610 0.7341 -0.4987
vn 0.4610 0.7340 -0.4987
vn 0.4610 0.7341 -0.4986
vn 0.4610 -0.7340 -0.4986
vn 0.4610 -0.7341 -0.4987
vn 0.4610 -0.7341 -0.4986
vn 0.4610 -0.7340 -0.4987
vn -0.4987 0.7341 -0.4610
vn -0.4987 -0.7341 -0.4610
vn 0.4987 0.7341 -0.4610
vn 0.4987 -0.7341 -0.4610
vn -0.5333 0.7341 -0.4205
vn -0.5333 -0.7341 -0.4205
vn 0.5333 0.7341 -0.4205
vn 0.5333 -0.7341 -0.4205
vn -0.5646 0.7341 -0.3773
vn -0.5647 0.7341 -0.3772
vn -0.5647 0.7341 -0.3773
vn -0.5647 0.7340 -0.3772
vn -0.5646 -0.7341 -0.3773
vn -0.5647 -0.7341 -0.3772
vn -0.5647 -0.7341 -0.3773
vn -0.5647 -0.7340 -0.3772
vn 0.5646 0.7341 -0.3773
vn 0.5647 0.7341 -0.3772
vn 0.5647 0.7341 -0.3773
vn 0.5647 0.7340 -0.3772
vn 0.5646 -0.7341 -0.3773
vn 0.5647 -0.7341 -0.3772
vn 0.5647 -0.7341 -0.3773
vn 0.5647 -0.7340 -0.3772
vn -0.5925 0.7340 -0.3318
vn -0.5925 0.7341 -0.3318
vn -0.5925 -0.7340 -0.3318
vn -0.5925 -0.7341 -0.3318
vn 0.5925 0.7340 -0.3318
vn 0.5925 0.7341 -0.3318
vn 0.5925 -0.7340 -0.3318
vn 0.5925 -0.7341 -0.3318
vn -0.6167 0.7341 -0.2843
vn -0.6167 -0.7341 -0.2843
vn 0.6167 0.7341 -0.2843
vn 0.6167 -0.7341 -0.2843
vn -0.6371 0.7341 -0.2350
vn -0.6371 -0.7341 -0.2350
vn 0.6371 0.7341 -0.2350
vn 0.6371 -0.7341 -0.2350
vn -0.0243 0.7851 -0.6189
vn -0.0243 -0.7851 -0.6189
vn 0.0243 0.7851 -0.6189
vn 0.0243 -0.7851 -0.6189
vn -0.0727 0.7851 -0.6151
vn -0.0727 -0.7851 -0.6151
vn 0.0727 0.7851 -0.6151
vn 0.0727 -0.7851 -0.6151
vn -0.1208 0.7851 -0.6075
vn -0.1208 -0.7851 -0.6075
vn 0.1208 0.7851 -0.6075
vn 0.1208 -0.7851 -0.6075
vn -0.1681 0.7851 -0.5961
vn -0.1682 0.7851 -0.5961
vn -0.1681 0.7851 -0.5962
vn -0.1682 0.7850 -0.5962
vn -0.1681 -0.7851 -0.5961
vn -0.1682 -0.7851 -0.5961
vn -0.1681 -0.7851 -0.5962
vn -0.1682 -0.7850 -0.5962
vn -0.1683 -0.7850 -0.5962
vn 0.1681 0.7851 -0.5961
vn 0.1682 0.7851 -0.5961
vn 0.1681 0.7851 -0.5962
vn 0.1682 0.7850 -0.5962
vn 0.1683 0.7850 -0.5962
vn 0.1681 -0.7851 -0.5961
vn 0.1682 -0.7851 -0.5961
vn 0.1681 -0.7851 -0.5962
vn 0.1682 -0.7850 -0.5962
vn -0.2146 0.7850 -0.5811
vn -0.2145 0.7851 -0.5811
vn -0.2144 0.7851 -0.5811
vn -0.2145 0.7850 -0.5811
vn -0.2145 -0.7850 -0.5811
vn -0.2144 -0.7851 -0.5811
vn -0.2145 -0.7851 -0.5811
vn 0.2145 0.7850 -0.5811
vn 0.2144 0.7851 -0.5811
vn 0.2145 0.7851 -0.5811
vn 0.2146 -0.7850 -0.5811
vn 0.2145 -0.7851 -0.5811
vn 0.2144 -0.7851 -0.5811
vn 0.2145 -0.7850 -0.5811
vn -0.2592 0.7851 -0.5625
vn -0.2593 0.7851 -0.5625
vn -0.2592 0.7851 -0.5626
vn -0.2593 0.7850 -0.5626
vn -0.2594 0.7850 -0.5625
vn -0.2592 -0.7851 -0.5625
vn -0.2593 -0.7851 -0.5625
vn -0.2592 -0.7851 -0.5626
vn -0.2593 -0.7850 -0.5626
vn -0.2594 -0.7850 -0.5625
vn 0.2592 0.7851 -0.5625
vn 0.2593 0.7851 -0.5625
vn 0.2592 0.7851 -0.5626
vn 0.2593 0.7850 -0.5626
vn 0.2594 0.7850 -0.5625
vn 0.2592 -0.7851 -0.5625
vn 0.2593 -0.7851 -0.5625
vn 0.2592 -0.7851 -0.5626
vn 0.2593 -0.7850 -0.5626
vn 0.2594 -0.7850 -0.5625
vn -0.3027 0.7850 -0.5404
vn -0.3027 0.7851 -0.5404
vn -0.3027 -0.7850 -0.5404
vn -0.3027 -0.7851 -0.5404
vn 0.3027 0.7850 -0.5404
vn 0.3027 0.7851 -0.5404
vn 0.3027 -0.7850 -0.5404
vn 0.3027 -0.7851 -0.5404
vn -0.3442 0.7850 -0.5150
vn -0.3441 0.7851 -0.5150
vn -0.3442 0.7851 -0.5150
vn -0.3440 0.7851 -0.5150
vn -0.3442 -0.7850 -0.5150
vn -0.3441 -0.7851 -0.5150
vn -0.3442 -0.7851 -0.5150
vn -0.3440 -0.7851 -0.5150
vn 0.3442 0.7850 -0.5150
vn 0.3441 0.7851 -0.5150
vn 0.3442 0.7851 -0.5150
vn 0.3440 0.7851 -0.5150
vn 0.3442 -0.7850 -0.5150
vn 0.3441 -0.7851 -0.5150
vn 0.3442 -0.7851 -0.5150
vn 0.3440 -0.7851 -0.5150
vn -0.3834 0.7851 -0.4864
vn -0.3834 -0.7851 -0.4864
vn 0.3834 0.7851 -0.4864
vn 0.3834 -0.7851 -0.4864
vn -0.4204 0.7851 -0.4548
vn -0.4205 0.7851 -0.4548
vn -0.4204 0.7851 -0.4549
vn -0.4204 -0.7851 -0.4548
vn -0.4205 -0.7851 -0.4548
vn -0.4204 -0.7851 -0.4549
vn 0.4204 0.7851 -0.4548
vn 0.4205 0.7851 -0.4548
vn 0.4204 0.7851 -0.4549
vn 0.4204 -0.7851 -0.4548
vn 0.4205 -0.7851 -0.4548
vn 0.4204 -0.7851 -0.4549
vn -0.4549 0.7851 -0.4205
vn -0.4548 0.7851 -0.4205
vn -0.4549 -0.7851 -0.4205
vn -0.4548 -0.7851 -0.4205
vn 0.4549 0.7851 -0.4205
vn 0.4548 0.7851 -0.4205
vn 0.4549 -0.7851 -0.4205
vn 0.4548 -0.7851 -0.4205
vn -0.4865 0.7851 -0.3834
vn -0.4864 0.7851 -0.3835
vn -0.4864 0.7851 -0.3834
vn -0.4865 -0.7851 -0.3834
vn -0.4864 -0.7851 -0.3835
vn -0.4864 -0.7851 -0.3834
vn 0.4865 0.7851 -0.3834
vn 0.4864 0.7851 -0.3835
vn 0.4864 0.7851 -0.3834
vn 0.4865 -0.7851 -0.3834
vn 0.4864 -0.7851 -0.3835
vn 0.4864 -0.7851 -0.3834
vn -0.5150 0.7851 -0.3441
vn -0.5150 -0.7851 -0.3441
vn 0.5150 0.7851 -0.3441
vn 0.5150 -0.7851 -0.3441
vn -0.5404 0.7851 -0.3026
vn -0.5404 0.7851 -0.3027
vn -0.5404 -0.7851 -0.3026
vn -0.5404 -0.7851 -0.3027
vn 0.5404 0.7851 -0.3026
vn 0.5404 0.7851 -0.3027
vn 0.5404 -0.7851 -0.3026
vn 0.5404 -0.7851 -0.3027
vn -0.5625 0.7851 -0.2593
vn -0.5625 -0.7851 -0.2593
vn 0.5625 0.7851 -0.2593
vn 0.5625 -0.7851 -0.2593
vn -0.5811 0.7851 -0.2144
vn -0.5811 -0.7851 -0.2144
vn 0.5811 0.7851 -0.2144
vn 0.5811 -0.7851 -0.2144
vn -0.0218 0.8313 -0.5555
vn -0.0218 -0.8313 -0.5555
vn 0.0218 0.8313 -0.5555
vn 0.0218 -0.8313 -0.5555
vn -0.0654 0.8313 -0.5520
vn -0.0653 0.8313 -0.5520
vn -0.0654 -0.8313 -0.5520
vn -0.0653 -0.8313 -0.5520
vn 0.0654 0.8313 -0.5520
vn 0.0653 0.8313 -0.5520
vn 0.0654 -0.8313 -0.5520
vn 0.0653 -0.8313 -0.5520
vn -0.1084 0.8313 -0.5452
vn -0.1084 -0.8313 -0.5452
vn 0.1084 0.8313 -0.5452
vn 0.1084 -0.8313 -0.5452
vn -0.1509 0.8313 -0.5350
vn -0.1509 -0.8313 -0.5350
vn 0.1509 0.8313 -0.5350
vn 0.1509 -0.8313 -0.5350
vn -0.1924 0.8313 -0.5215
vn -0.1925 0.8313 -0.5215
vn -0.1924 -0.8313 -0.5215
vn -0.1925 -0.8313 -0.5215
vn 0.1924 0.8313 -0.5215
vn 0.1925 0.8313 -0.5215
vn 0.1924 -0.8313 -0.5215
vn 0.1925 -0.8313 -0.5215
vn -0.2327 0.8313 -0.5048
vn -0.2326 0.8313 -0.5048
vn -0.2327 0.8313 -0.5049
vn -0.2326 0.8313 -0.5049
vn -0.2327 -0.8313 -0.5048
vn -0.2327 -0.8313 -0.5049
vn -0.2326 -0.8313 -0.5049
vn -0.2326 -0.8313 -0.5048
vn 0.2327 0.8313 -0.5048
vn 0.2327 0.8313 -0.5049
vn 0.2326 0.8313 -0.5049
vn 0.2326 0.8313 -0.5048
vn 0.2327 -0.8313 -0.5048
vn 0.2326 -0.8313 -0.5048
vn 0.2327 -0.8313 -0.5049
vn 0.2326 -0.8313 -0.5049
vn -0.2717 0.8313 -0.4849
vn -0.2716 0.8313 -0.4849
vn -0.2717 -0.8313 -0.4849
vn -0.2716 -0.8313 -0.4849
vn 0.2717 0.8313 -0.4849
vn 0.2716 0.8313 -0.4849
vn 0.2717 -0.8313 -0.4849
vn 0.2716 -0.8313 -0.4849
vn -0.3087 0.8313 -0.4622
vn -0.3088 0.8313 -0.4622
vn -0.3088 0.8312 -0.4622
vn -0.3088 0.8313 -0.4621
vn -0.3089 0.8313 -0.4621
vn -0.3089 0.8312 -0.4622
vn -0.3087 -0.8313 -0.4622
vn -0.3088 -0.8313 -0.4622
vn -0.3088 -0.8313 -0.4621
vn -0.3089 -0.8313 -0.4621
vn -0.3088 -0.8312 -0.4622
vn -0.3089 -0.8312 -0.4622
vn 0.3087 0.8313 -0.4622
vn 0.3088 0.8313 -0.4622
vn 0.3088 0.8313 -0.4621
vn 0.3089 0.8313 -0.4621
vn 0.3088 0.8312 -0.4622
vn 0.3089 0.8312 -0.4622
vn 0.3087 -0.8313 -0.4622
vn 0.3088 -0.8313 -0.4622
vn 0.3088 -0.8312 -0.4622
vn 0.3088 -0.8313 -0.4621
vn 0.3089 -0.8313 -0.4621
vn 0.3089 -0.8312 -0.4622
vn -0.3442 0.8312 -0.4365
vn -0.3441 0.8313 -0.4365
vn -0.3442 0.8313 -0.4365
vn -0.3442 0.8312 -0.4366
vn -0.3441 0.8313 -0.4366
vn -0.3442 -0.8312 -0.4365
vn -0.3441 -0.8313 -0.4365
vn -0.3442 -0.8312 -0.4366
vn -0.3441 -0.8313 -0.4366
vn -0.3442 -0.8313 -0.4365
vn 0.3442 0.8312 -0.4365
vn 0.3441 0.8313 -0.4365
vn 0.3442 0.8312 -0.4366
vn 0.3441 0.8313 -0.4366
vn 0.3442 0.8313 -0.4365
vn 0.3442 -0.8312 -0.4365
vn 0.3441 -0.8313 -0.4365
vn 0.3442 -0.8313 -0.4365
vn 0.3442 -0.8312 -0.4366
vn 0.3441 -0.8313 -0.4366
vn -0.3773 0.8313 -0.4081
vn -0.3773 0.8313 -0.4082
vn -0.3773 -0.8313 -0.4081
vn -0.3773 -0.8313 -0.4082
vn 0.3773 0.8313 -0.4081
vn 0.3773 0.8313 -0.4082
vn 0.3773 -0.8313 -0.4081
vn 0.3773 -0.8313 -0.4082
vn -0.4081 0.8313 -0.3773
vn -0.4082 0.8313 -0.3773
vn -0.4081 -0.8313 -0.3773
vn -0.4082 -0.8313 -0.3773
vn 0.4081 0.8313 -0.3773
vn 0.4082 0.8313 -0.3773
vn 0.4081 -0.8313 -0.3773
vn 0.4082 -0.8313 -0.3773
vn -0.4365 0.8313 -0.3441
vn -0.4365 -0.8313 -0.3441
vn 0.4365 0.8313 -0.3441
vn 0.4365 -0.8313 -0.3441
vn -0.4622 0.8313 -0.3088
vn -0.4622 -0.8313 -0.3088
vn 0.4622 0.8313 -0.3088
vn 0.4622 -0.8313 -0.3088
vn -0.4850 0.8313 -0.2716
vn -0.4850 -0.8313 -0.2716
vn 0.4850 0.8313 -0.2716
vn 0.4850 -0.8313 -0.2716
vn -0.5048 0.8313 -0.2327
vn -0.5048 -0.8313 -0.2327
vn 0.5048 0.8313 -0.2327
vn 0.5048 -0.8313 -0.2327
vn -0.5215 0.8313 -0.1924
vn -0.5215 -0.8313 -0.1924
vn 0.5215 0.8313 -0.1924
vn 0.5215 -0.8313 -0.1924
vn -0.0193 0.8723 -0.4886
vn -0.0192 0.8723 -0.4886
vn -0.0192 0.8723 -0.4885
vn -0.0193 -0.8723 -0.4886
vn -0.0192 -0.8723 -0.4886
vn -0.0192 -0.8723 -0.4885
vn 0.0193 0.8723 -0.4886
vn 0.0192 0.8723 -0.4886
vn 0.0192 0.8723 -0.4885
vn 0.0193 -0.8723 -0.4886
vn 0.0192 -0.8723 -0.4886
vn 0.0192 -0.8723 -0.4885
vn -0.0575 0.8723 -0.4855
vn -0.0575 -0.8723 -0.4855
vn 0.0575 0.8723 -0.4855
vn 0.0575 -0.8723 -0.4855
vn -0.0955 0.8723 -0.4795
vn -0.0954 0.8723 -0.4795
vn -0.0953 0.8723 -0.4795
vn -0.0955 -0.8723 -0.4795
vn -0.0954 -0.8723 -0.4795
vn -0.0953 -0.8723 -0.4795
vn 0.0955 0.8723 -0.4795
vn 0.0954 0.8723 -0.4795
vn 0.0953 0.8723 -0.4795
vn 0.0955 -0.8723 -0.4795
vn 0.0954 -0.8723 -0.4795
vn 0.0953 -0.8723 -0.4795
vn -0.1327 0.8723 -0.4705
vn -0.1327 0.8724 -0.4705
vn -0.1327 -0.8723 -0.4705
vn -0.1327 -0.8724 -0.4705
vn 0.1327 0.8723 -0.4705
vn 0.1327 0.8724 -0.4705
vn 0.1327 -0.8723 -0.4705
vn 0.1327 -0.8724 -0.4705
vn -0.1692 0.8723 -0.4587
vn -0.1692 -0.8723 -0.4587
vn -0.1692 -0.8724 -0.4587
vn 0.1692 0.8723 -0.4587
vn 0.1692 0.8724 -0.4587
vn 0.1692 -0.8723 -0.4587
vn -0.2046 0.8723 -0.4440
vn -0.2047 0.8723 -0.4440
vn -0.2046 -0.8723 -0.4440
vn -0.2047 -0.8723 -0.4440
vn 0.2046 0.8723 -0.4440
vn 0.2047 0.8723 -0.4440
vn 0.2046 -0.8723 -0.4440
vn 0.2047 -0.8723 -0.4440
vn -0.2389 0.8723 -0.4266
vn -0.2390 0.8723 -0.4266
vn -0.2389 -0.8723 -0.4266
vn -0.2390 -0.8723 -0.4266
vn 0.2389 0.8723 -0.4266
vn 0.2390 0.8723 -0.4266
vn 0.2389 -0.8723 -0.4266
vn 0.2390 -0.8723 -0.4266
vn -0.2717 0.8723 -0.4065
vn -0.2716 0.8723 -0.4065
vn -0.2716 0.8724 -0.4065
vn -0.2716 0.8723 -0.4066
vn -0.2715 0.8724 -0.4065
vn -0.2717 -0.8723 -0.4065
vn -0.2716 -0.8723 -0.4065
vn -0.2716 -0.8723 -0.4066
vn -0.2715 -0.8723 -0.4066
vn -0.2716 -0.8724 -0.4065
vn -0.2715 -0.8723 -0.4065
vn 0.2717 0.8723 -0.4065
vn 0.2716 0.8723 -0.4065
vn 0.2716 0.8723 -0.4066
vn 0.2715 0.8723 -0.4066
vn 0.2716 0.8724 -0.4065
vn 0.2715 0.8723 -0.4065
vn 0.2717 -0.8723 -0.4065
vn 0.2716 -0.8723 -0.4065
vn 0.2716 -0.8724 -0.4065
vn 0.2716 -0.8723 -0.4066
vn 0.2715 -0.8724 -0.4065
vn -0.3026 0.8724 -0.3840
vn -0.3027 0.8723 -0.3839
vn -0.3026 0.8723 -0.3840
vn -0.3027 0.8723 -0.3840
vn -0.3027 0.8724 -0.3839
vn -0.3026 -0.8724 -0.3840
vn -0.3027 -0.8723 -0.3839
vn -0.3027 -0.8724 -0.3839
vn -0.3026 -0.8723 -0.3840
vn -0.3027 -0.8723 -0.3840
vn 0.3026 0.8724 -0.3840
vn 0.3027 0.8723 -0.3839
vn 0.3027 0.8724 -0.3839
vn 0.3026 0.8723 -0.3840
vn 0.3027 0.8723 -0.3840
vn 0.3026 -0.8724 -0.3840
vn 0.3027 -0.8723 -0.3839
vn 0.3026 -0.8723 -0.3840
vn 0.3027 -0.8723 -0.3840
vn 0.3027 -0.8724 -0.3839
vn -0.3319 0.8723 -0.3590
vn -0.3319 -0.8723 -0.3590
vn 0.3319 0.8723 -0.3590
vn 0.3319 -0.8723 -0.3590
vn -0.3590 0.8723 -0.3319
vn -0.3590 -0.8723 -0.3319
vn 0.3590 0.8723 -0.3319
vn 0.3590 -0.8723 -0.3319
vn -0.3840 0.8723 -0.3027
vn -0.3840 -0.8723 -0.3027
vn 0.3840 0.8723 -0.3027
vn 0.3840 -0.8723 -0.3027
vn -0.4065 0.8723 -0.2716
vn -0.4065 -0.8723 -0.2716
vn 0.4065 0.8723 -0.2716
vn 0.4065 -0.8723 -0.2716
vn -0.4266 0.8723 -0.2389
vn -0.4266 -0.8723 -0.2389
vn 0.4266 0.8723 -0.2389
vn 0.4266 -0.8723 -0.2389
vn -0.4440 0.8723 -0.2047
vn -0.4440 -0.8723 -0.2047
vn 0.4440 0.8723 -0.2047
vn 0.4440 -0.8723 -0.2047
vn -0.4587 0.8723 -0.1692
vn -0.4587 -0.8723 -0.1692
vn 0.4587 0.8723 -0.1692
vn 0.4587 -0.8723 -0.1692
vn -0.0164 0.9080 -0.4186
vn -0.0165 0.9080 -0.4186
vn -0.0164 -0.9080 -0.4186
vn -0.0165 -0.9080 -0.4186
vn 0.0164 0.9080 -0.4186
vn 0.0165 0.9080 -0.4186
vn 0.0164 -0.9080 -0.4186
vn 0.0165 -0.9080 -0.4186
vn -0.0494 0.9080 -0.4160
vn -0.0493 0.9080 -0.4160
vn -0.0492 0.9080 -0.4160
vn -0.0494 -0.9080 -0.4160
vn -0.0493 -0.9080 -0.4160
vn -0.0492 -0.9080 -0.4160
vn 0.0494 0.9080 -0.4160
vn 0.0493 0.9080 -0.4160
vn 0.0492 0.9080 -0.4160
vn 0.0494 -0.9080 -0.4160
vn 0.0493 -0.9080 -0.4160
vn 0.0492 -0.9080 -0.4160
vn -0.0818 0.9080 -0.4109
vn -0.0818 -0.9080 -0.4109
vn 0.0818 0.9080 -0.4109
vn 0.0818 -0.9080 -0.4109
vn -0.1136 0.9080 -0.4032
vn -0.1137 0.9080 -0.4032
vn -0.1136 -0.9080 -0.4032
vn -0.1137 -0.9080 -0.4032
vn 0.1136 0.9080 -0.4032
vn 0.1137 0.9080 -0.4032
vn 0.1136 -0.9080 -0.4032
vn 0.1137 -0.9080 -0.4032
vn -0.1450 0.9080 -0.3930
vn -0.1450 0.9080 -0.3931
vn -0.1450 -0.9080 -0.3930
vn -0.1450 -0.9080 -0.3931
vn 0.1450 0.9080 -0.3930
vn 0.1450 0.9080 -0.3931
vn 0.1450 -0.9080 -0.3930
vn 0.1450 -0.9080 -0.3931
vn -0.1754 0.9080 -0.3805
vn -0.1754 0.9080 -0.3804
vn -0.1753 0.9080 -0.3805
vn -0.1754 -0.9080 -0.3805
vn -0.1753 -0.9080 -0.3805
vn -0.1754 -0.9080 -0.3804
vn 0.1754 0.9080 -0.3805
vn 0.1753 0.9080 -0.3805
vn 0.1754 0.9080 -0.3804
vn 0.1754 -0.9080 -0.3805
vn 0.1754 -0.9080 -0.3804
vn 0.1753 -0.9080 -0.3805
vn -0.2047 0.9080 -0.3655
vn -0.2047 -0.9080 -0.3655
vn 0.2047 0.9080 -0.3655
vn 0.2047 -0.9080 -0.3655
vn -0.2327 0.9080 -0.3483
vn -0.2328 0.9080 -0.3483
vn -0.2327 -0.9080 -0.3483
vn -0.2328 -0.9080 -0.3483
vn 0.2327 0.9080 -0.3483
vn 0.2328 0.9080 -0.3483
vn 0.2327 -0.9080 -0.3483
vn 0.2328 -0.9080 -0.3483
vn -0.2594 0.9080 -0.3290
vn -0.2593 0.9080 -0.3290
vn -0.2594 -0.9080 -0.3290
vn -0.2593 -0.9080 -0.3290
vn 0.2594 0.9080 -0.3290
vn 0.2593 0.9080 -0.3290
vn 0.2594 -0.9080 -0.3290
vn 0.2593 -0.9080 -0.3290
vn -0.2844 0.9080 -0.3076
vn -0.2844 -0.9080 -0.3076
vn 0.2844 0.9080 -0.3076
vn 0.2844 -0.9080 -0.3076
vn -0.3076 0.9080 -0.2844
vn -0.3076 -0.9080 -0.2844
vn 0.3076 0.9080 -0.2844
vn 0.3076 -0.9080 -0.2844
vn -0.3290 0.9080 -0.2594
vn -0.3290 -0.9080 -0.2594
vn 0.3290 0.9080 -0.2594
vn 0.3290 -0.9080 -0.2594
vn -0.3483 0.9080 -0.2327
vn -0.3483 -0.9080 -0.2327
vn 0.3483 0.9080 -0.2327
vn 0.3483 -0.9080 -0.2327
vn -0.3655 0.9080 -0.2047
vn -0.3655 -0.9080 -0.2047
vn 0.3655 0.9080 -0.2047
vn 0.3655 -0.9080 -0.2047
vn -0.3804 0.9080 -0.1754
vn -0.3804 -0.9080 -0.1754
vn 0.3804 0.9080 -0.1754
vn 0.3804 -0.9080 -0.1754
vn -0.3930 0.9080 -0.1450
vn -0.3930 -0.9080 -0.1450
vn 0.3930 0.9080 -0.1450
vn 0.3930 -0.9080 -0.1450
vn -0.0136 0.9381 -0.3461
vn -0.0136 -0.9381 -0.3461
vn -0.0135 -0.9381 -0.3461
vn 0.0136 0.9381 -0.3461
vn 0.0135 0.9381 -0.3461
vn 0.0136 -0.9381 -0.3461
vn -0.0407 0.9381 -0.3439
vn -0.0408 0.9381 -0.3439
vn -0.0407 -0.9381 -0.3439
vn -0.0408 -0.9381 -0.3439
vn 0.0407 0.9381 -0.3439
vn 0.0408 0.9381 -0.3439
vn 0.0407 -0.9381 -0.3439
vn 0.0408 -0.9381 -0.3439
vn -0.0676 0.9381 -0.3397
vn -0.0676 -0.9381 -0.3397
vn 0.0676 0.9381 -0.3397
vn 0.0676 -0.9381 -0.3397
vn -0.0940 0.9381 -0.3334
vn -0.0939 0.9381 -0.3334
vn -0.0940 -0.9381 -0.3334
vn -0.0939 -0.9381 -0.3334
vn 0.0940 0.9381 -0.3334
vn 0.0939 0.9381 -0.3334
vn 0.0940 -0.9381 -0.3334
vn 0.0939 -0.9381 -0.3334
vn -0.1199 0.9381 -0.3249
vn -0.1199 -0.9381 -0.3249
vn 0.1199 0.9381 -0.3249
vn 0.1199 -0.9381 -0.3249
vn -0.1450 0.9381 -0.3145
vn -0.1450 -0.9381 -0.3145
vn 0.1450 0.9381 -0.3145
vn 0.1450 -0.9381 -0.3145
vn -0.1692 0.9381 -0.3022
vn -0.1692 -0.9381 -0.3022
vn 0.1692 0.9381 -0.3022
vn 0.1692 -0.9381 -0.3022
vn -0.1924 0.9381 -0.2880
vn -0.1924 -0.9381 -0.2880
vn 0.1924 0.9381 -0.2880
vn 0.1924 -0.9381 -0.2880
vn -0.2144 0.9381 -0.2720
vn -0.2145 -0.9381 -0.2720
vn -0.2144 -0.9381 -0.2720
vn 0.2145 0.9381 -0.2720
vn 0.2144 0.9381 -0.2720
vn 0.2144 -0.9381 -0.2720
vn -0.2351 0.9381 -0.2543
vn -0.2351 -0.9381 -0.2543
vn 0.2351 0.9381 -0.2543
vn 0.2351 -0.9381 -0.2543
vn -0.2543 0.9381 -0.2351
vn -0.2543 -0.9381 -0.2351
vn 0.2543 0.9381 -0.2351
vn 0.2543 -0.9381 -0.2351
vn -0.2720 0.9381 -0.2144
vn -0.2720 -0.9381 -0.2144
vn 0.2720 0.9381 -0.2144
vn 0.2720 -0.9381 -0.2144
vn -0.2880 0.9381 -0.1924
vn -0.2880 -0.9381 -0.1924
vn 0.2880 0.9381 -0.1924
vn 0.2880 -0.9381 -0.1924
vn -0.3022 0.9381 -0.1692
vn -0.3022 -0.9381 -0.1692
vn 0.3022 0.9381 -0.1692
vn 0.3022 -0.9381 -0.1692
vn -0.3145 0.9381 -0.1450
vn -0.3145 -0.9381 -0.1450
vn 0.3145 0.9381 -0.1450
vn 0.3145 -0.9381 -0.1450
vn -0.3250 0.9381 -0.1199
vn -0.3249 0.9381 -0.1199
vn -0.3250 -0.9381 -0.1199
vn -0.3249 -0.9381 -0.1199
vn 0.3250 0.9381 -0.1199
vn 0.3249 0.9381 -0.1199
vn 0.3250 -0.9381 -0.1199
vn 0.3249 -0.9381 -0.1199
vn -0.3418 0.9373 -0.0680
vn -0.3418 -0.9373 -0.0680
vn 0.3418 0.9373 -0.0680
vn 0.3418 -0.9373 -0.0680
vn -0.0405 0.9387 0.3424
vn -0.0405 -0.9387 0.3424
vn 0.0405 0.9387 0.3424
vn 0.0405 -0.9387 0.3424
vn -0.0107 0.9624 -0.2714
vn -0.0106 0.9624 -0.2714
vn -0.0107 -0.9624 -0.2714
vn 0.0107 0.9624 -0.2714
vn 0.0107 -0.9624 -0.2714
vn 0.0106 -0.9624 -0.2714
vn -0.0319 0.9624 -0.2697
vn -0.0319 -0.9624 -0.2697
vn 0.0319 0.9624 -0.2697
vn 0.0319 -0.9624 -0.2697
vn -0.0530 0.9624 -0.2664
vn -0.0530 -0.9624 -0.2664
vn 0.0530 0.9624 -0.2664
vn 0.0530 -0.9624 -0.2664
vn -0.0737 0.9624 -0.2614
vn -0.0738 0.9624 -0.2614
vn -0.0737 -0.9624 -0.2614
vn 0.0737 0.9624 -0.2614
vn 0.0737 -0.9624 -0.2614
vn 0.0738 -0.9624 -0.2614
vn -0.0940 0.9624 -0.2548
vn -0.0940 -0.9624 -0.2548
vn 0.0940 0.9624 -0.2548
vn 0.0940 -0.9624 -0.2548
vn -0.1137 0.9624 -0.2467
vn -0.1137 -0.9624 -0.2467
vn 0.1137 0.9624 -0.2467
vn 0.1137 -0.9624 -0.2467
vn -0.1327 0.9624 -0.2370
vn -0.1327 -0.9624 -0.2370
vn 0.1327 0.9624 -0.2370
vn 0.1327 -0.9624 -0.2370
vn -0.1509 0.9624 -0.2258
vn -0.1509 0.9624 -0.2259
vn -0.1509 -0.9624 -0.2258
vn -0.1509 -0.9624 -0.2259
vn 0.1509 0.9624 -0.2258
vn 0.1509 0.9624 -0.2259
vn 0.1509 -0.9624 -0.2258
vn 0.1509 -0.9624 -0.2259
vn -0.1682 0.9624 -0.2133
vn -0.1682 -0.9624 -0.2133
vn 0.1682 0.9624 -0.2133
vn 0.1682 -0.9624 -0.2133
vn -0.1844 0.9624 -0.1995
vn -0.1844 -0.9624 -0.1995
vn 0.1844 0.9624 -0.1995
vn 0.1844 -0.9624 -0.1995
vn -0.1995 0.9624 -0.1844
vn -0.1994 0.9624 -0.1844
vn -0.1995 -0.9624 -0.1844
vn 0.1995 0.9624 -0.1844
vn 0.1995 -0.9624 -0.1844
vn 0.1994 -0.9624 -0.1844
vn -0.2133 0.9624 -0.1681
vn -0.2133 0.9624 -0.1682
vn -0.2133 -0.9624 -0.1681
vn -0.2133 -0.9624 -0.1682
vn 0.2133 0.9624 -0.1681
vn 0.2133 0.9624 -0.1682
vn 0.2133 -0.9624 -0.1681
vn 0.2133 -0.9624 -0.1682
vn -0.2258 0.9624 -0.1509
vn -0.2258 -0.9624 -0.1509
vn 0.2258 0.9624 -0.1509
vn 0.2258 -0.9624 -0.1509
vn -0.2370 0.9624 -0.1327
vn -0.2370 -0.9624 -0.1327
vn 0.2370 0.9624 -0.1327
vn 0.2370 -0.9624 -0.1327
vn -0.2467 0.9624 -0.1137
vn -0.2467 -0.9624 -0.1137
vn 0.2467 0.9624 -0.1137
vn 0.2467 -0.9624 -0.1137
vn -0.2548 0.9624 -0.0940
vn -0.2548 -0.9624 -0.0940
vn 0.2548 0.9624 -0.0940
vn 0.2548 -0.9624 -0.0940
vn -0.2614 0.9624 -0.0737
vn -0.2614 -0.9624 -0.0737
vn 0.2614 0.9624 -0.0737
vn 0.2614 -0.9624 -0.0737
vn -0.2710 0.9620 -0.0345
vn -0.2707 0.9621 -0.0339
vn -0.2712 0.9619 -0.0334
vn -0.2711 0.9620 -0.0321
vn -0.2704 0.9621 -0.0352
vn -0.2694 0.9624 -0.0349
vn -0.2697 0.9624 -0.0319
vn -0.2710 -0.9620 -0.0345
vn -0.2707 -0.9621 -0.0339
vn -0.2704 -0.9621 -0.0352
vn -0.2695 -0.9624 -0.0349
vn -0.2712 -0.9619 -0.0334
vn -0.2710 -0.9620 -0.0321
vn -0.2697 -0.9624 -0.0319
vn 0.2710 0.9620 -0.0345
vn 0.2707 0.9621 -0.0339
vn 0.2704 0.9621 -0.0352
vn 0.2695 0.9624 -0.0349
vn 0.2712 0.9619 -0.0334
vn 0.2710 0.9620 -0.0321
vn 0.2697 0.9624 -0.0319
vn 0.2710 -0.9620 -0.0345
vn 0.2707 -0.9621 -0.0339
vn 0.2712 -0.9619 -0.0334
vn 0.2711 -0.9620 -0.0321
vn 0.2704 -0.9621 -0.0352
vn 0.2694 -0.9624 -0.0349
vn 0.2697 -0.9624 -0.0319
vn -0.2714 0.9624 -0.0107
vn -0.2714 -0.9624 -0.0107
vn 0.2714 0.9624 -0.0107
vn 0.2714 -0.9624 -0.0107
vn -0.0737 0.9624 0.2614
vn -0.0737 -0.9624 0.2614
vn 0.0737 0.9624 0.2614
vn 0.0737 -0.9624 0.2614
vn -0.0529 0.9624 0.2664
vn -0.0530 0.9624 0.2664
vn -0.0529 -0.9624 0.2664
vn -0.0530 -0.9624 0.2664
vn 0.0529 0.9624 0.2664
vn 0.0530 0.9624 0.2664
vn 0.0529 -0.9624 0.2664
vn 0.0530 -0.9624 0.2664
vn -0.0106 0.9624 0.2714
vn -0.0107 0.9624 0.2714
vn -0.0106 -0.9624 0.2714
vn -0.0107 -0.9624 0.2714
vn 0.0106 0.9624 0.2714
vn 0.0107 0.9624 0.2714
vn 0.0106 -0.9624 0.2714
vn 0.0107 -0.9624 0.2714
vn -0.0076 0.9810 -0.1939
vn -0.0076 -0.9810 -0.1939
vn 0.0076 0.9810 -0.1939
vn 0.0076 -0.9810 -0.1939
vn -0.0114 0.9811 -0.1930
vn -0.0163 0.9810 -0.1934
vn -0.0115 0.9809 -0.1943
vn -0.0164 0.9807 -0.1949
vn -0.0162 0.9813 -0.1919
vn -0.0228 0.9811 -0.1922
vn -0.0230 0.9808 -0.1939
vn -0.0114 -0.9811 -0.1930
vn -0.0163 -0.9810 -0.1934
vn -0.0162 -0.9813 -0.1919
vn -0.0228 -0.9811 -0.1922
vn -0.0115 -0.9809 -0.1943
vn -0.0164 -0.9807 -0.1949
vn -0.0230 -0.9808 -0.1939
vn 0.0114 0.9811 -0.1930
vn 0.0163 0.9810 -0.1934
vn 0.0162 0.9813 -0.1919
vn 0.0228 0.9811 -0.1922
vn 0.0115 0.9809 -0.1943
vn 0.0164 0.9807 -0.1949
vn 0.0230 0.9808 -0.1939
vn 0.0114 -0.9811 -0.1930
vn 0.0163 -0.9810 -0.1934
vn 0.0115 -0.9809 -0.1943
vn 0.0164 -0.9807 -0.1949
vn 0.0162 -0.9813 -0.1919
vn 0.0228 -0.9811 -0.1922
vn 0.0230 -0.9808 -0.1939
vn -0.0381 0.9808 -0.1915
vn -0.0381 -0.9808 -0.1915
vn 0.0381 0.9808 -0.1915
vn 0.0381 -0.9808 -0.1915
vn -0.0530 0.9808 -0.1879
vn -0.0530 -0.9808 -0.1879
vn 0.0530 0.9808 -0.1879
vn 0.0530 -0.9808 -0.1879
vn -0.0675 0.9808 -0.1832
vn -0.0676 0.9808 -0.1832
vn -0.0676 -0.9808 -0.1832
vn 0.0676 0.9808 -0.1832
vn 0.0675 -0.9808 -0.1832
vn 0.0676 -0.9808 -0.1832
vn -0.0818 0.9808 -0.1773
vn -0.0817 0.9808 -0.1773
vn -0.0818 -0.9808 -0.1773
vn -0.0817 -0.9808 -0.1773
vn 0.0818 0.9808 -0.1773
vn 0.0817 0.9808 -0.1773
vn 0.0818 -0.9808 -0.1773
vn 0.0817 -0.9808 -0.1773
vn -0.0954 0.9808 -0.1703
vn -0.0954 0.9808 -0.1704
vn -0.0954 -0.9808 -0.1703
vn -0.0954 -0.9808 -0.1704
vn 0.0954 0.9808 -0.1703
vn 0.0954 0.9808 -0.1704
vn 0.0954 -0.9808 -0.1703
vn 0.0954 -0.9808 -0.1704
vn -0.1085 0.9808 -0.1623
vn -0.1085 -0.9808 -0.1623
vn -0.1084 -0.9808 -0.1623
vn 0.1085 0.9808 -0.1623
vn 0.1084 0.9808 -0.1623
vn 0.1085 -0.9808 -0.1623
vn -0.1209 0.9808 -0.1533
vn -0.1209 -0.9808 -0.1533
vn 0.1209 0.9808 -0.1533
vn 0.1209 -0.9808 -0.1533
vn -0.1325 0.9808 -0.1434
vn -0.1326 0.9808 -0.1434
vn -0.1325 -0.9808 -0.1434
vn -0.1326 -0.9808 -0.1434
vn 0.1325 0.9808 -0.1434
vn 0.1326 0.9808 -0.1434
vn 0.1325 -0.9808 -0.1434
vn 0.1326 -0.9808 -0.1434
vn -0.1433 0.9808 -0.1325
vn -0.1434 0.9808 -0.1325
vn -0.1433 -0.9808 -0.1325
vn -0.1434 -0.9808 -0.1325
vn 0.1433 0.9808 -0.1325
vn 0.1434 0.9808 -0.1325
vn 0.1433 -0.9808 -0.1325
vn 0.1434 -0.9808 -0.1325
vn -0.1533 0.9808 -0.1209
vn -0.1533 -0.9808 -0.1209
vn 0.1533 0.9808 -0.1209
vn 0.1533 -0.9808 -0.1209
vn -0.1623 0.9808 -0.1085
vn -0.1623 -0.9808 -0.1085
vn -0.1624 -0.9808 -0.1085
vn 0.1623 0.9808 -0.1085
vn 0.1624 0.9808 -0.1085
vn 0.1623 -0.9808 -0.1085
vn -0.1704 0.9808 -0.0954
vn -0.1703 0.9808 -0.0954
vn -0.1704 -0.9808 -0.0954
vn -0.1703 -0.9808 -0.0954
vn 0.1704 0.9808 -0.0954
vn 0.1703 0.9808 -0.0954
vn 0.1704 -0.9808 -0.0954
vn 0.1703 -0.9808 -0.0954
vn -0.1773 0.9808 -0.0818
vn -0.1773 0.9808 -0.0817
vn -0.1773 -0.9808 -0.0818
vn -0.1773 -0.9808 -0.0817
vn 0.1773 0.9808 -0.0818
vn 0.1773 0.9808 -0.0817
vn 0.1773 -0.9808 -0.0818
vn 0.1773 -0.9808 -0.0817
vn -0.1832 0.9808 -0.0676
vn -0.1832 -0.9808 -0.0676
vn 0.1832 0.9808 -0.0676
vn 0.1832 -0.9808 -0.0676
vn -0.1879 0.9808 -0.0530
vn -0.1879 -0.9808 -0.0530
vn 0.1879 0.9808 -0.0530
vn 0.1879 -0.9808 -0.0530
vn -0.1915 0.9808 -0.0381
vn -0.1915 -0.9808 -0.0381
vn 0.1915 0.9808 -0.0381
vn 0.1915 -0.9808 -0.0381
vn -0.1939 0.9808 -0.0230
vn -0.1939 0.9808 -0.0229
vn -0.1939 -0.9808 -0.0230
vn -0.1939 -0.9808 -0.0229
vn 0.1939 0.9808 -0.0230
vn 0.1939 0.9808 -0.0229
vn 0.1939 -0.9808 -0.0230
vn 0.1939 -0.9808 -0.0229
vn -0.1951 0.9808 -0.0076
vn -0.1951 0.9808 -0.0077
vn -0.1951 -0.9808 -0.0076
vn -0.1951 -0.9808 -0.0077
vn 0.1951 0.9808 -0.0076
vn 0.1951 0.9808 -0.0077
vn 0.1951 -0.9808 -0.0076
vn 0.1951 -0.9808 -0.0077
vn -0.1951 0.9808 0.0077
vn -0.1951 0.9808 0.0076
vn -0.1951 -0.9808 0.0077
vn -0.1951 -0.9808 0.0076
vn 0.1951 0.9808 0.0077
vn 0.1951 0.9808 0.0076
vn 0.1951 -0.9808 0.0077
vn 0.1951 -0.9808 0.0076
vn -0.1939 0.9808 0.0229
vn -0.1939 0.9808 0.0230
vn -0.1939 -0.9808 0.0229
vn -0.1939 -0.9808 0.0230
vn 0.1939 0.9808 0.0229
vn 0.1939 0.9808 0.0230
vn 0.1939 -0.9808 0.0229
vn 0.1939 -0.9808 0.0230
vn -0.1915 0.9808 0.0381
vn -0.1915 -0.9808 0.0381
vn 0.1915 0.9808 0.0381
vn 0.1915 -0.9808 0.0381
vn -0.1743 0.9807 0.0888
vn -0.1774 0.9802 0.0881
vn -0.1753 0.9807 0.0867
vn -0.1813 0.9799 0.0836
vn -0.1758 0.9803 0.0900
vn -0.1799 0.9796 0.0899
vn -0.1866 0.9787 0.0860
vn -0.1743 -0.9807 0.0888
vn -0.1774 -0.9802 0.0881
vn -0.1758 -0.9803 0.0900
vn -0.1799 -0.9796 0.0899
vn -0.1753 -0.9807 0.0867
vn -0.1813 -0.9799 0.0836
vn -0.1866 -0.9787 0.0860
vn 0.1743 0.9807 0.0888
vn 0.1774 0.9802 0.0881
vn 0.1758 0.9803 0.0900
vn 0.1799 0.9796 0.0899
vn 0.1753 0.9807 0.0867
vn 0.1813 0.9799 0.0836
vn 0.1866 0.9787 0.0860
vn 0.1743 -0.9807 0.0888
vn 0.1774 -0.9802 0.0881
vn 0.1753 -0.9807 0.0867
vn 0.1813 -0.9799 0.0836
vn 0.1758 -0.9803 0.0900
vn 0.1799 -0.9796 0.0899
vn 0.1866 -0.9787 0.0860
vn -0.1704 0.9808 0.0954
vn -0.1703 0.9808 0.0954
vn -0.1704 -0.9808 0.0954
vn -0.1703 -0.9808 0.0954
vn 0.1704 0.9808 0.0954
vn 0.1703 0.9808 0.0954
vn 0.1704 -0.9808 0.0954
vn 0.1703 -0.9808 0.0954
vn -0.1549 0.9805 0.1206
vn -0.1617 0.9795 0.1200
vn -0.1572 0.9806 0.1168
vn -0.1699 0.9789 0.1135
vn -0.1581 0.9797 0.1229
vn -0.1664 0.9783 0.1233
vn -0.1777 0.9769 0.1187
vn -0.1549 -0.9805 0.1206
vn -0.1617 -0.9795 0.1200
vn -0.1581 -0.9797 0.1229
vn -0.1664 -0.9783 0.1233
vn -0.1572 -0.9806 0.1168
vn -0.1699 -0.9789 0.1135
vn -0.1777 -0.9769 0.1187
vn 0.1549 0.9805 0.1206
vn 0.1617 0.9795 0.1200
vn 0.1581 0.9797 0.1229
vn 0.1664 0.9783 0.1233
vn 0.1572 0.9806 0.1168
vn 0.1699 0.9789 0.1135
vn 0.1777 0.9769 0.1187
vn 0.1549 -0.9805 0.1206
vn 0.1617 -0.9795 0.1200
vn 0.1572 -0.9806 0.1168
vn 0.1699 -0.9789 0.1135
vn 0.1581 -0.9797 0.1229
vn 0.1664 -0.9783 0.1233
vn 0.1777 -0.9769 0.1187
vn -0.1598 0.9791 0.1260
vn -0.1598 -0.9791 0.1260
vn 0.1598 0.9791 0.1260
vn 0.1598 -0.9791 0.1260
vn -0.1434 0.9789 0.1457
vn -0.1480 0.9781 0.1463
vn -0.1448 0.9789 0.1441
vn -0.1557 0.9773 0.1439
vn -0.1456 0.9783 0.1471
vn -0.1508 0.9774 0.1483
vn -0.1602 0.9759 0.1481
vn -0.1435 -0.9789 0.1457
vn -0.1480 -0.9781 0.1463
vn -0.1456 -0.9783 0.1471
vn -0.1508 -0.9774 0.1483
vn -0.1448 -0.9789 0.1441
vn -0.1557 -0.9773 0.1439
vn -0.1602 -0.9759 0.1481
vn 0.1435 0.9789 0.1457
vn 0.1480 0.9781 0.1463
vn 0.1456 0.9783 0.1471
vn 0.1508 0.9774 0.1483
vn 0.1448 0.9789 0.1441
vn 0.1557 0.9773 0.1439
vn 0.1602 0.9759 0.1481
vn 0.1434 -0.9789 0.1457
vn 0.1480 -0.9781 0.1463
vn 0.1448 -0.9789 0.1441
vn 0.1557 -0.9773 0.1439
vn 0.1456 -0.9783 0.1471
vn 0.1508 -0.9774 0.1483
vn 0.1602 -0.9759 0.1481
vn -0.1374 0.9793 0.1486
vn -0.1373 0.9793 0.1486
vn -0.1374 -0.9793 0.1486
vn -0.1373 -0.9793 0.1486
vn 0.1374 0.9793 0.1486
vn 0.1373 0.9793 0.1486
vn 0.1374 -0.9793 0.1486
vn 0.1373 -0.9793 0.1486
vn -0.1209 0.9808 0.1533
vn -0.1209 -0.9808 0.1533
vn 0.1209 0.9808 0.1533
vn 0.1209 -0.9808 0.1533
vn -0.1085 0.9808 0.1623
vn -0.1085 -0.9808 0.1623
vn 0.1085 0.9808 0.1623
vn 0.1085 -0.9808 0.1623
vn -0.0954 0.9808 0.1704
vn -0.0954 0.9808 0.1703
vn -0.0954 -0.9808 0.1704
vn -0.0954 -0.9808 0.1703
vn 0.0954 0.9808 0.1704
vn 0.0954 0.9808 0.1703
vn 0.0954 -0.9808 0.1704
vn 0.0954 -0.9808 0.1703
vn -0.0817 0.9808 0.1773
vn -0.0818 0.9807 0.1773
vn -0.0817 -0.9808 0.1773
vn -0.0818 -0.9807 0.1773
vn 0.0817 0.9808 0.1773
vn 0.0818 0.9807 0.1773
vn 0.0817 -0.9808 0.1773
vn 0.0818 -0.9808 0.1773
vn -0.0677 0.9808 0.1832
vn -0.0676 0.9808 0.1832
vn -0.0677 -0.9808 0.1832
vn -0.0676 -0.9808 0.1832
vn 0.0677 0.9808 0.1832
vn 0.0676 0.9808 0.1832
vn 0.0677 -0.9808 0.1832
vn 0.0676 -0.9808 0.1832
vn -0.0530 0.9808 0.1879
vn -0.0530 -0.9808 0.1879
vn 0.0530 0.9808 0.1879
vn 0.0530 -0.9808 0.1879
vn -0.0381 0.9808 0.1915
vn -0.0381 -0.9808 0.1915
vn 0.0381 0.9808 0.1915
vn 0.0381 -0.9808 0.1915
vn -0.0154 0.9807 0.1951
vn -0.0185 0.9809 0.1936
vn -0.0153 0.9808 0.1942
vn -0.0184 0.9811 0.1926
vn -0.0186 0.9807 0.1946
vn -0.0228 0.9810 0.1927
vn -0.0227 0.9812 0.1916
vn -0.0154 -0.9807 0.1951
vn -0.0185 -0.9809 0.1936
vn -0.0186 -0.9807 0.1946
vn -0.0228 -0.9810 0.1927
vn -0.0153 -0.9808 0.1942
vn -0.0184 -0.9811 0.1926
vn -0.0227 -0.9812 0.1916
vn 0.0154 0.9807 0.1951
vn 0.0185 0.9809 0.1936
vn 0.0186 0.9807 0.1946
vn 0.0228 0.9810 0.1927
vn 0.0153 0.9808 0.1942
vn 0.0184 0.9811 0.1926
vn 0.0227 0.9812 0.1916
vn 0.0154 -0.9807 0.1951
vn 0.0185 -0.9809 0.1936
vn 0.0153 -0.9808 0.1942
vn 0.0184 -0.9811 0.1926
vn 0.0186 -0.9807 0.1946
vn 0.0228 -0.9810 0.1927
vn 0.0227 -0.9812 0.1916
vn -0.0077 0.9808 0.1951
vn -0.0077 -0.9808 0.1951
vn 0.0077 0.9808 0.1951
vn 0.0077 -0.9808 0.1951
vn -0.0069 0.9931 -0.1168
vn -0.0069 -0.9931 -0.1168
vn 0.0069 0.9931 -0.1168
vn 0.0069 -0.9931 -0.1168
vn -0.0077 0.9932 -0.1166
vn -0.0138 0.9931 -0.1161
vn -0.0077 0.9930 -0.1178
vn -0.0139 0.9930 -0.1175
vn -0.0136 0.9933 -0.1147
vn -0.0226 0.9933 -0.1136
vn -0.0230 0.9931 -0.1154
vn -0.0077 -0.9932 -0.1166
vn -0.0138 -0.9931 -0.1161
vn -0.0136 -0.9933 -0.1147
vn -0.0226 -0.9933 -0.1136
vn -0.0077 -0.9930 -0.1178
vn -0.0139 -0.9930 -0.1175
vn -0.0230 -0.9931 -0.1154
vn 0.0077 0.9932 -0.1166
vn 0.0138 0.9931 -0.1161
vn 0.0136 0.9933 -0.1147
vn 0.0226 0.9933 -0.1136
vn 0.0077 0.9930 -0.1178
vn 0.0139 0.9930 -0.1175
vn 0.0230 0.9931 -0.1154
vn 0.0077 -0.9932 -0.1166
vn 0.0138 -0.9931 -0.1161
vn 0.0077 -0.9930 -0.1178
vn 0.0139 -0.9930 -0.1175
vn 0.0136 -0.9933 -0.1147
vn 0.0226 -0.9933 -0.1136
vn 0.0230 -0.9931 -0.1154
vn -0.0319 0.9931 -0.1132
vn -0.0319 -0.9931 -0.1132
vn 0.0319 0.9931 -0.1132
vn 0.0319 -0.9931 -0.1132
vn -0.0407 0.9931 -0.1103
vn -0.0407 0.9931 -0.1104
vn -0.0407 -0.9931 -0.1104
vn 0.0407 0.9931 -0.1104
vn 0.0407 -0.9931 -0.1103
vn 0.0407 -0.9931 -0.1104
vn -0.0493 0.9931 -0.1068
vn -0.0492 0.9931 -0.1068
vn -0.0493 -0.9931 -0.1068
vn -0.0492 -0.9931 -0.1068
vn 0.0493 0.9931 -0.1068
vn 0.0492 0.9931 -0.1068
vn 0.0493 -0.9931 -0.1068
vn 0.0492 -0.9931 -0.1068
vn -0.0574 0.9931 -0.1026
vn -0.0575 0.9931 -0.1026
vn -0.0574 -0.9931 -0.1026
vn -0.0575 -0.9931 -0.1026
vn 0.0574 0.9931 -0.1026
vn 0.0575 0.9931 -0.1026
vn 0.0574 -0.9931 -0.1026
vn 0.0575 -0.9931 -0.1026
vn -0.0654 0.9931 -0.0978
vn -0.0653 0.9931 -0.0978
vn -0.0654 -0.9931 -0.0978
vn -0.0653 -0.9931 -0.0978
vn 0.0654 0.9931 -0.0978
vn 0.0653 0.9931 -0.0978
vn 0.0654 -0.9931 -0.0978
vn 0.0653 -0.9931 -0.0978
vn -0.0729 0.9931 -0.0924
vn -0.0728 0.9931 -0.0924
vn -0.0729 -0.9931 -0.0924
vn -0.0728 -0.9931 -0.0924
vn 0.0729 0.9931 -0.0924
vn 0.0728 0.9931 -0.0924
vn 0.0729 -0.9931 -0.0924
vn 0.0728 -0.9931 -0.0924
vn -0.0798 0.9931 -0.0864
vn -0.0799 0.9931 -0.0864
vn -0.0798 -0.9931 -0.0864
vn -0.0799 -0.9931 -0.0864
vn 0.0798 0.9931 -0.0864
vn 0.0799 0.9931 -0.0864
vn 0.0798 -0.9931 -0.0864
vn 0.0799 -0.9931 -0.0864
vn -0.0864 0.9931 -0.0798
vn -0.0864 -0.9931 -0.0798
vn 0.0864 0.9931 -0.0798
vn 0.0864 -0.9931 -0.0798
vn -0.0924 0.9931 -0.0728
vn -0.0924 -0.9931 -0.0728
vn 0.0924 0.9931 -0.0728
vn 0.0924 -0.9931 -0.0728
vn -0.0978 0.9931 -0.0654
vn -0.0978 0.9931 -0.0653
vn -0.0978 -0.9931 -0.0654
vn -0.0978 -0.9931 -0.0653
vn 0.0978 0.9931 -0.0654
vn 0.0978 0.9931 -0.0653
vn 0.0978 -0.9931 -0.0654
vn 0.0978 -0.9931 -0.0653
vn -0.1026 0.9931 -0.0575
vn -0.1026 -0.9931 -0.0575
vn 0.1026 0.9931 -0.0575
vn 0.1026 -0.9931 -0.0575
vn -0.1068 0.9931 -0.0492
vn -0.1068 0.9931 -0.0493
vn -0.1068 -0.9931 -0.0492
vn -0.1068 -0.9931 -0.0493
vn 0.1068 0.9931 -0.0492
vn 0.1068 0.9931 -0.0493
vn 0.1068 -0.9931 -0.0492
vn 0.1068 -0.9931 -0.0493
vn -0.1104 0.9931 -0.0407
vn -0.1103 0.9931 -0.0407
vn -0.1104 -0.9931 -0.0407
vn -0.1103 -0.9931 -0.0407
vn 0.1104 0.9931 -0.0407
vn 0.1103 0.9931 -0.0407
vn 0.1104 -0.9931 -0.0407
vn 0.1103 -0.9931 -0.0407
vn -0.1132 0.9931 -0.0319
vn -0.1132 -0.9931 -0.0319
vn 0.1132 0.9931 -0.0319
vn 0.1132 -0.9931 -0.0319
vn -0.1154 0.9931 -0.0230
vn -0.1154 0.9931 -0.0229
vn -0.1154 -0.9931 -0.0230
vn -0.1154 -0.9931 -0.0229
vn -0.1153 -0.9931 -0.0229
vn 0.1154 0.9931 -0.0230
vn 0.1154 0.9931 -0.0229
vn 0.1153 0.9931 -0.0229
vn 0.1154 -0.9931 -0.0230
vn 0.1154 -0.9931 -0.0229
vn -0.1168 0.9931 -0.0138
vn -0.1168 -0.9931 -0.0138
vn 0.1168 0.9931 -0.0138
vn 0.1168 -0.9931 -0.0138
vn -0.1175 0.9931 -0.0046
vn -0.1175 -0.9931 -0.0046
vn 0.1175 0.9931 -0.0046
vn 0.1175 -0.9931 -0.0046
vn -0.1175 0.9931 0.0046
vn -0.1175 -0.9931 0.0046
vn 0.1175 0.9931 0.0046
vn 0.1175 -0.9931 0.0046
vn -0.1168 0.9931 0.0138
vn -0.1168 -0.9931 0.0138
vn 0.1168 0.9931 0.0138
vn 0.1168 -0.9931 0.0138
vn -0.1154 0.9931 0.0230
vn -0.1154 0.9931 0.0229
vn -0.1154 -0.9931 0.0230
vn -0.1154 -0.9931 0.0229
vn 0.1154 0.9931 0.0230
vn 0.1154 0.9931 0.0229
vn 0.1154 -0.9931 0.0230
vn 0.1154 -0.9931 0.0229
vn -0.1132 0.9931 0.0319
vn -0.1126 0.9930 0.0356
vn -0.1139 0.9930 0.0321
vn -0.1129 0.9930 0.0357
vn -0.1123 0.9930 0.0355
vn -0.1123 0.9930 0.0365
vn -0.1125 0.9930 0.0365
vn -0.1132 -0.9931 0.0319
vn -0.1126 -0.9930 0.0356
vn -0.1123 -0.9930 0.0355
vn -0.1123 -0.9930 0.0365
vn -0.1139 -0.9930 0.0321
vn -0.1129 -0.9930 0.0357
vn -0.1125 -0.9930 0.0365
vn 0.1132 0.9931 0.0319
vn 0.1126 0.9930 0.0356
vn 0.1123 0.9930 0.0355
vn 0.1123 0.9930 0.0365
vn 0.1139 0.9930 0.0321
vn 0.1129 0.9930 0.0357
vn 0.1125 0.9930 0.0365
vn 0.1132 -0.9931 0.0319
vn 0.1126 -0.9930 0.0356
vn 0.1139 -0.9930 0.0321
vn 0.1129 -0.9930 0.0357
vn 0.1123 -0.9930 0.0355
vn 0.1123 -0.9930 0.0365
vn 0.1125 -0.9930 0.0365
vn -0.1104 0.9931 0.0407
vn -0.1103 0.9931 0.0407
vn -0.1103 -0.9931 0.0407
vn -0.1104 -0.9931 0.0407
vn 0.1103 0.9931 0.0407
vn 0.1104 0.9931 0.0407
vn 0.1104 -0.9931 0.0407
vn 0.1103 -0.9931 0.0407
vn -0.1068 0.9931 0.0492
vn -0.1068 -0.9931 0.0492
vn 0.1068 0.9931 0.0492
vn 0.1068 -0.9931 0.0492
vn -0.1026 0.9931 0.0575
vn -0.1026 -0.9931 0.0575
vn 0.1026 0.9931 0.0575
vn 0.1026 -0.9931 0.0575
vn -0.0978 0.9931 0.0653
vn -0.0978 -0.9931 0.0653
vn 0.0978 0.9931 0.0653
vn 0.0978 -0.9931 0.0653
vn -0.0924 0.9931 0.0728
vn -0.0923 0.9931 0.0728
vn -0.0924 -0.9931 0.0728
vn -0.0923 -0.9931 0.0728
vn 0.0924 0.9931 0.0728
vn 0.0923 0.9931 0.0728
vn 0.0924 -0.9931 0.0728
vn 0.0923 -0.9931 0.0728
vn -0.0864 0.9931 0.0798
vn -0.0864 -0.9931 0.0798
vn 0.0864 0.9931 0.0798
vn 0.0864 -0.9931 0.0798
vn -0.0798 0.9931 0.0864
vn -0.0799 0.9931 0.0864
vn -0.0798 -0.9931 0.0864
vn -0.0799 -0.9931 0.0864
vn 0.0798 0.9931 0.0864
vn 0.0799 0.9931 0.0864
vn 0.0798 -0.9931 0.0864
vn 0.0799 -0.9931 0.0864
vn -0.0728 0.9931 0.0924
vn -0.0728 -0.9931 0.0924
vn 0.0728 0.9931 0.0924
vn 0.0728 -0.9931 0.0924
vn -0.0653 0.9931 0.0978
vn -0.0653 -0.9931 0.0978
vn 0.0653 0.9931 0.0978
vn 0.0653 -0.9931 0.0978
vn -0.0575 0.9931 0.1026
vn -0.0575 -0.9931 0.1026
vn 0.0575 0.9931 0.1026
vn 0.0575 -0.9931 0.1026
vn -0.0493 0.9931 0.1068
vn -0.0492 0.9931 0.1068
vn -0.0493 -0.9931 0.1068
vn -0.0492 -0.9931 0.1068
vn 0.0493 0.9931 0.1068
vn 0.0492 0.9931 0.1068
vn 0.0493 -0.9931 0.1068
vn 0.0492 -0.9931 0.1068
vn -0.0407 0.9931 0.1104
vn -0.0407 0.9931 0.1103
vn -0.0407 -0.9931 0.1104
vn -0.0407 -0.9931 0.1103
vn 0.0407 0.9931 0.1104
vn 0.0407 0.9931 0.1103
vn 0.0407 -0.9931 0.1104
vn 0.0407 -0.9931 0.1103
vn -0.0319 0.9931 0.1132
vn -0.0319 -0.9931 0.1132
vn 0.0319 0.9931 0.1132
vn 0.0319 -0.9931 0.1132
vn -0.0139 0.9930 0.1175
vn -0.0174 0.9931 0.1158
vn -0.0138 0.9931 0.1168
vn -0.0173 0.9932 0.1150
vn -0.0175 0.9930 0.1167
vn -0.0227 0.9932 0.1143
vn -0.0225 0.9933 0.1133
vn -0.0139 -0.9930 0.1175
vn -0.0174 -0.9931 0.1158
vn -0.0175 -0.9930 0.1167
vn -0.0227 -0.9932 0.1143
vn -0.0138 -0.9931 0.1168
vn -0.0173 -0.9932 0.1150
vn -0.0225 -0.9933 0.1133
vn 0.0139 0.9930 0.1175
vn 0.0174 0.9931 0.1158
vn 0.0175 0.9930 0.1167
vn 0.0227 0.9932 0.1143
vn 0.0138 0.9931 0.1168
vn 0.0173 0.9932 0.1150
vn 0.0225 0.9933 0.1133
vn 0.0139 -0.9930 0.1175
vn 0.0174 -0.9931 0.1158
vn 0.0138 -0.9931 0.1168
vn 0.0173 -0.9932 0.1150
vn 0.0175 -0.9930 0.1167
vn 0.0227 -0.9932 0.1143
vn 0.0225 -0.9933 0.1133
vn -0.0092 0.9930 0.1175
vn -0.0093 0.9930 0.1175
vn -0.0093 -0.9930 0.1175
vn -0.0092 -0.9930 0.1175
vn 0.0093 0.9930 0.1175
vn 0.0092 0.9930 0.1175
vn 0.0092 -0.9930 0.1175
vn 0.0093 -0.9930 0.1175
vn -0.0026 0.9992 -0.0397
vn -0.0026 -0.9992 -0.0397
vn 0.0026 0.9992 -0.0397
vn 0.0026 -0.9992 -0.0397
vn -0.0107 0.9992 -0.0378
vn -0.0106 0.9992 -0.0378
vn -0.0107 -0.9992 -0.0378
vn 0.0107 0.9992 -0.0378
vn 0.0107 -0.9992 -0.0378
vn 0.0106 -0.9992 -0.0378
vn -0.0136 0.9992 -0.0369
vn -0.0136 -0.9992 -0.0369
vn 0.0136 0.9992 -0.0369
vn 0.0136 -0.9992 -0.0369
vn -0.0164 0.9992 -0.0357
vn -0.0164 -0.9992 -0.0357
vn -0.0165 -0.9992 -0.0357
vn 0.0164 0.9992 -0.0357
vn 0.0165 0.9992 -0.0357
vn 0.0164 -0.9992 -0.0357
vn -0.0192 0.9992 -0.0343
vn -0.0192 -0.9992 -0.0343
vn 0.0192 0.9992 -0.0343
vn 0.0192 -0.9992 -0.0343
vn -0.0218 0.9992 -0.0327
vn -0.0219 0.9992 -0.0327
vn -0.0218 -0.9992 -0.0327
vn 0.0218 0.9992 -0.0327
vn 0.0218 -0.9992 -0.0327
vn 0.0219 -0.9992 -0.0327
vn -0.0243 0.9992 -0.0309
vn -0.0243 0.9992 -0.0308
vn -0.0243 -0.9992 -0.0308
vn -0.0243 -0.9992 -0.0309
vn 0.0243 0.9992 -0.0308
vn 0.0243 0.9992 -0.0309
vn 0.0243 -0.9992 -0.0309
vn 0.0243 -0.9992 -0.0308
vn -0.0267 0.9992 -0.0289
vn -0.0266 -0.9992 -0.0289
vn -0.0267 -0.9992 -0.0289
vn 0.0266 0.9992 -0.0289
vn 0.0267 0.9992 -0.0289
vn 0.0267 -0.9992 -0.0289
vn -0.0289 0.9992 -0.0267
vn -0.0288 0.9992 -0.0267
vn -0.0289 -0.9992 -0.0267
vn -0.0288 -0.9992 -0.0267
vn 0.0289 0.9992 -0.0267
vn 0.0288 0.9992 -0.0267
vn 0.0289 -0.9992 -0.0267
vn 0.0288 -0.9992 -0.0267
vn -0.0308 0.9992 -0.0243
vn -0.0309 0.9992 -0.0243
vn -0.0309 -0.9992 -0.0243
vn -0.0308 -0.9992 -0.0243
vn 0.0309 0.9992 -0.0243
vn 0.0308 0.9992 -0.0243
vn 0.0308 -0.9992 -0.0243
vn 0.0309 -0.9992 -0.0243
vn -0.0327 0.9992 -0.0218
vn -0.0326 0.9992 -0.0218
vn -0.0327 -0.9992 -0.0218
vn 0.0327 0.9992 -0.0218
vn 0.0327 -0.9992 -0.0218
vn 0.0326 -0.9992 -0.0218
vn -0.0343 0.9992 -0.0192
vn -0.0343 -0.9992 -0.0192
vn 0.0343 0.9992 -0.0192
vn 0.0343 -0.9992 -0.0192
vn -0.0357 0.9992 -0.0164
vn -0.0357 -0.9992 -0.0164
vn 0.0357 0.9992 -0.0164
vn 0.0357 -0.9992 -0.0164
vn -0.0369 0.9992 -0.0136
vn -0.0369 -0.9992 -0.0136
vn 0.0369 0.9992 -0.0136
vn 0.0369 -0.9992 -0.0136
vn -0.0378 0.9992 -0.0107
vn -0.0378 -0.9992 -0.0107
vn 0.0378 0.9992 -0.0107
vn 0.0378 -0.9992 -0.0107
vn -0.0385 0.9992 -0.0077
vn -0.0385 -0.9992 -0.0077
vn 0.0385 0.9992 -0.0077
vn 0.0385 -0.9992 -0.0077
vn -0.0390 0.9992 -0.0046
vn -0.0390 -0.9992 -0.0046
vn 0.0390 0.9992 -0.0046
vn 0.0390 -0.9992 -0.0046
vn -0.0393 0.9992 -0.0015
vn -0.0393 -0.9992 -0.0015
vn 0.0393 0.9992 -0.0015
vn 0.0393 -0.9992 -0.0015
vn -0.0393 0.9992 0.0015
vn -0.0393 -0.9992 0.0015
vn 0.0393 0.9992 0.0015
vn 0.0393 -0.9992 0.0015
vn -0.0390 0.9992 0.0046
vn -0.0390 -0.9992 0.0046
vn 0.0390 0.9992 0.0046
vn 0.0390 -0.9992 0.0046
vn -0.0385 0.9992 0.0077
vn -0.0385 -0.9992 0.0077
vn 0.0385 0.9992 0.0077
vn 0.0385 -0.9992 0.0077
vn -0.0378 0.9992 0.0107
vn -0.0378 -0.9992 0.0107
vn 0.0378 0.9992 0.0107
vn 0.0378 -0.9992 0.0107
vn -0.0368 0.9992 0.0136
vn -0.0369 0.9992 0.0136
vn -0.0369 -0.9992 0.0136
vn -0.0368 -0.9992 0.0136
vn 0.0369 0.9992 0.0136
vn 0.0368 0.9992 0.0136
vn 0.0368 -0.9992 0.0136
vn 0.0369 -0.9992 0.0136
vn -0.0357 0.9992 0.0164
vn -0.0357 -0.9992 0.0164
vn 0.0357 0.9992 0.0164
vn 0.0357 -0.9992 0.0164
vn -0.0343 0.9992 0.0192
vn -0.0343 -0.9992 0.0192
vn 0.0343 0.9992 0.0192
vn 0.0343 -0.9992 0.0192
vn -0.0327 0.9992 0.0218
vn -0.0327 -0.9992 0.0218
vn -0.0326 -0.9992 0.0218
vn 0.0327 0.9992 0.0218
vn 0.0326 0.9992 0.0218
vn 0.0327 -0.9992 0.0218
vn -0.0308 0.9992 0.0243
vn -0.0309 0.9992 0.0243
vn -0.0308 -0.9992 0.0243
vn -0.0309 -0.9992 0.0243
vn 0.0308 0.9992 0.0243
vn 0.0309 0.9992 0.0243
vn 0.0308 -0.9992 0.0243
vn 0.0309 -0.9992 0.0243
vn -0.0289 0.9992 0.0267
vn -0.0288 0.9992 0.0267
vn -0.0289 -0.9992 0.0267
vn -0.0288 -0.9992 0.0267
vn 0.0289 0.9992 0.0267
vn 0.0288 0.9992 0.0267
vn 0.0289 -0.9992 0.0267
vn 0.0288 -0.9992 0.0267
vn -0.0267 0.9992 0.0289
vn -0.0267 0.9992 0.0288
vn -0.0267 -0.9992 0.0289
vn -0.0267 -0.9992 0.0288
vn 0.0267 0.9992 0.0289
vn 0.0267 0.9992 0.0288
vn 0.0267 -0.9992 0.0289
vn 0.0267 -0.9992 0.0288
vn -0.0243 0.9992 0.0309
vn -0.0243 0.9992 0.0308
vn -0.0243 -0.9992 0.0308
vn -0.0243 -0.9992 0.0309
vn 0.0243 0.9992 0.0308
vn 0.0243 0.9992 0.0309
vn 0.0243 -0.9992 0.0309
vn 0.0243 -0.9992 0.0308
vn -0.0218 0.9992 0.0327
vn -0.0219 0.9992 0.0327
vn -0.0218 -0.9992 0.0327
vn 0.0218 0.9992 0.0327
vn 0.0218 -0.9992 0.0327
vn 0.0219 -0.9992 0.0327
vn -0.0192 0.9992 0.0343
vn -0.0192 -0.9992 0.0343
vn 0.0192 0.9992 0.0343
vn 0.0192 -0.9992 0.0343
vn -0.0164 0.9992 0.0357
vn -0.0164 -0.9992 0.0357
vn -0.0165 -0.9992 0.0357
vn 0.0164 0.9992 0.0357
vn 0.0165 0.9992 0.0357
vn 0.0164 -0.9992 0.0357
vn -0.0136 0.9992 0.0369
vn -0.0136 -0.9992 0.0369
vn 0.0136 0.9992 0.0369
vn 0.0136 -0.9992 0.0369
vn -0.0107 0.9992 0.0378
vn -0.0106 0.9992 0.0378
vn -0.0106 -0.9992 0.0378
vn -0.0107 -0.9992 0.0378
vn 0.0106 0.9992 0.0378
vn 0.0107 0.9992 0.0378
vn 0.0107 -0.9992 0.0378
vn 0.0106 -0.9992 0.0378
vn -0.0046 0.9992 0.0393
vn -0.0047 0.9992 0.0393
vn -0.0047 -0.9992 0.0393
vn -0.0046 -0.9992 0.0393
vn 0.0047 0.9992 0.0393
vn 0.0046 0.9992 0.0393
vn 0.0046 -0.9992 0.0393
vn 0.0047 -0.9992 0.0393
vn -0.5119 0.2703 0.8154
vn -0.5139 0.2682 0.8148
vn -0.5125 0.2706 0.8149
vn -0.5145 0.2685 0.8143
vn -0.5133 0.2679 0.8153
vn -0.5155 0.2655 0.8147
vn -0.5162 0.2659 0.8142
vn -0.5119 -0.2703 0.8154
vn -0.5139 -0.2682 0.8148
vn -0.5133 -0.2679 0.8153
vn -0.5155 -0.2655 0.8147
vn -0.5125 -0.2706 0.8149
vn -0.5146 -0.2685 0.8143
vn -0.5162 -0.2659 0.8142
vn 0.5119 0.2703 0.8154
vn 0.5139 0.2682 0.8148
vn 0.5133 0.2679 0.8153
vn 0.5155 0.2655 0.8147
vn 0.5125 0.2706 0.8149
vn 0.5146 0.2685 0.8143
vn 0.5162 0.2659 0.8142
vn 0.5119 -0.2703 0.8154
vn 0.5139 -0.2682 0.8148
vn 0.5125 -0.2706 0.8149
vn 0.5145 -0.2685 0.8143
vn 0.5133 -0.2679 0.8153
vn 0.5155 -0.2655 0.8147
vn 0.5162 -0.2659 0.8142
vn -0.4917 0.3048 0.8157
vn -0.4956 0.3012 0.8147
vn -0.4927 0.3054 0.8148
vn -0.4966 0.3018 0.8138
vn -0.4945 0.3006 0.8156
vn -0.4989 0.2962 0.8145
vn -0.5001 0.2969 0.8135
vn -0.4917 -0.3048 0.8157
vn -0.4956 -0.3012 0.8147
vn -0.4945 -0.3006 0.8156
vn -0.4989 -0.2962 0.8145
vn -0.4927 -0.3054 0.8148
vn -0.4966 -0.3018 0.8138
vn -0.5001 -0.2969 0.8135
vn 0.4917 0.3048 0.8157
vn 0.4956 0.3012 0.8147
vn 0.4945 0.3006 0.8156
vn 0.4989 0.2962 0.8145
vn 0.4927 0.3054 0.8148
vn 0.4966 0.3018 0.8138
vn 0.5001 0.2969 0.8135
vn 0.4917 -0.3048 0.8157
vn 0.4956 -0.3012 0.8147
vn 0.4927 -0.3054 0.8148
vn 0.4966 -0.3018 0.8138
vn 0.4945 -0.3006 0.8156
vn 0.4989 -0.2962 0.8145
vn 0.5001 -0.2969 0.8135
vn -0.4680 0.3416 0.8150
vn -0.4833 0.3287 0.8114
vn -0.4719 0.3440 0.8118
vn -0.4875 0.3311 0.8079
vn -0.4792 0.3264 0.8148
vn -0.4959 0.3115 0.8106
vn -0.5004 0.3139 0.8069
vn -0.4680 -0.3416 0.8150
vn -0.4833 -0.3287 0.8114
vn -0.4792 -0.3264 0.8148
vn -0.4959 -0.3115 0.8106
vn -0.4719 -0.3440 0.8118
vn -0.4875 -0.3311 0.8079
vn -0.5004 -0.3139 0.8069
vn 0.4680 0.3416 0.8150
vn 0.4833 0.3287 0.8114
vn 0.4792 0.3264 0.8148
vn 0.4959 0.3115 0.8106
vn 0.4719 0.3440 0.8118
vn 0.4875 0.3311 0.8079
vn 0.5004 0.3139 0.8069
vn 0.4680 -0.3416 0.8150
vn 0.4833 -0.3287 0.8114
vn 0.4719 -0.3440 0.8118
vn 0.4875 -0.3311 0.8079
vn 0.4792 -0.3264 0.8148
vn 0.4959 -0.3115 0.8106
vn 0.5004 -0.3139 0.8069
vn -0.4682 0.3560 0.8087
vn -0.4897 0.3403 0.8028
vn -0.4736 0.3604 0.8036
vn -0.4959 0.3447 0.7971
vn -0.4837 0.3361 0.8081
vn -0.5071 0.3178 0.8012
vn -0.5140 0.3219 0.7951
vn -0.4682 -0.3560 0.8088
vn -0.4897 -0.3403 0.8028
vn -0.4837 -0.3361 0.8081
vn -0.5071 -0.3178 0.8012
vn -0.4736 -0.3604 0.8036
vn -0.4959 -0.3447 0.7971
vn -0.5140 -0.3219 0.7951
vn 0.4682 0.3560 0.8088
vn 0.4897 0.3403 0.8028
vn 0.4837 0.3361 0.8081
vn 0.5071 0.3178 0.8012
vn 0.4736 0.3604 0.8036
vn 0.4959 0.3447 0.7971
vn 0.5140 0.3219 0.7951
vn 0.4682 -0.3560 0.8087
vn 0.4897 -0.3403 0.8028
vn 0.4736 -0.3604 0.8036
vn 0.4959 -0.3447 0.7971
vn 0.4837 -0.3361 0.8081
vn 0.5071 -0.3178 0.8012
vn 0.5140 -0.3219 0.7951
vn -0.4951 0.3456 0.7971
vn -0.5212 0.3358 0.7846
vn -0.5046 0.3625 0.7835
vn -0.5255 0.3487 0.7761
vn -0.5157 0.3197 0.7949
vn -0.5317 0.3182 0.7849
vn -0.5345 0.3305 0.7778
vn -0.4951 -0.3456 0.7971
vn -0.5212 -0.3358 0.7846
vn -0.5157 -0.3197 0.7949
vn -0.5317 -0.3182 0.7849
vn -0.5046 -0.3625 0.7835
vn -0.5255 -0.3487 0.7761
vn -0.5345 -0.3305 0.7778
vn 0.4951 0.3456 0.7971
vn 0.5212 0.3358 0.7846
vn 0.5157 0.3197 0.7949
vn 0.5317 0.3182 0.7849
vn 0.5046 0.3625 0.7835
vn 0.5255 0.3487 0.7761
vn 0.5345 0.3305 0.7778
vn 0.4951 -0.3456 0.7971
vn 0.5212 -0.3358 0.7846
vn 0.5046 -0.3625 0.7835
vn 0.5255 -0.3487 0.7761
vn 0.5157 -0.3197 0.7949
vn 0.5317 -0.3182 0.7849
vn 0.5345 -0.3305 0.7778
vn -0.5804 0.2744 0.7667
vn -0.5816 0.2731 0.7663
vn -0.5808 0.2746 0.7664
vn -0.5819 0.2733 0.7659
vn -0.5812 0.2729 0.7666
vn -0.5824 0.2715 0.7662
vn -0.5828 0.2717 0.7658
vn -0.5804 -0.2744 0.7667
vn -0.5816 -0.2731 0.7663
vn -0.5812 -0.2729 0.7667
vn -0.5824 -0.2715 0.7662
vn -0.5808 -0.2746 0.7664
vn -0.5819 -0.2733 0.7659
vn -0.5828 -0.2717 0.7658
vn 0.5804 0.2744 0.7667
vn 0.5816 0.2731 0.7663
vn 0.5812 0.2729 0.7667
vn 0.5824 0.2715 0.7662
vn 0.5808 0.2746 0.7664
vn 0.5819 0.2733 0.7659
vn 0.5828 0.2717 0.7658
vn 0.5804 -0.2744 0.7667
vn 0.5816 -0.2731 0.7663
vn 0.5808 -0.2746 0.7664
vn 0.5819 -0.2733 0.7659
vn 0.5812 -0.2729 0.7666
vn 0.5824 -0.2715 0.7662
vn 0.5828 -0.2717 0.7658
vn -0.5687 0.2972 0.7670
vn -0.5676 0.2983 0.7674
vn -0.5684 0.2970 0.7673
vn -0.5673 0.2981 0.7677
vn -0.5679 0.2985 0.7671
vn -0.5668 0.2997 0.7674
vn -0.5664 0.2995 0.7678
vn -0.5687 -0.2972 0.7670
vn -0.5676 -0.2983 0.7674
vn -0.5679 -0.2985 0.7671
vn -0.5668 -0.2997 0.7674
vn -0.5684 -0.2970 0.7673
vn -0.5673 -0.2981 0.7677
vn -0.5664 -0.2995 0.7678
vn 0.5687 0.2972 0.7670
vn 0.5676 0.2983 0.7674
vn 0.5679 0.2985 0.7671
vn 0.5668 0.2997 0.7674
vn 0.5684 0.2970 0.7673
vn 0.5672 0.2981 0.7677
vn 0.5664 0.2995 0.7678
vn 0.5687 -0.2972 0.7670
vn 0.5676 -0.2983 0.7674
vn 0.5684 -0.2970 0.7673
vn 0.5673 -0.2981 0.7677
vn 0.5679 -0.2985 0.7671
vn 0.5668 -0.2997 0.7674
vn 0.5664 -0.2995 0.7678
vn -0.5524 0.3223 0.7687
vn -0.5469 0.3276 0.7705
vn -0.5509 0.3214 0.7702
vn -0.5453 0.3266 0.7720
vn -0.5485 0.3285 0.7689
vn -0.5424 0.3344 0.7707
vn -0.5407 0.3334 0.7723
vn -0.5524 -0.3223 0.7687
vn -0.5469 -0.3276 0.7705
vn -0.5485 -0.3285 0.7689
vn -0.5424 -0.3344 0.7707
vn -0.5509 -0.3214 0.7702
vn -0.5453 -0.3266 0.7720
vn -0.5407 -0.3334 0.7723
vn 0.5524 0.3223 0.7687
vn 0.5469 0.3276 0.7705
vn 0.5485 0.3285 0.7689
vn 0.5424 0.3344 0.7707
vn 0.5509 0.3214 0.7702
vn 0.5453 0.3266 0.7720
vn 0.5407 0.3334 0.7723
vn 0.5524 -0.3223 0.7687
vn 0.5469 -0.3276 0.7705
vn 0.5509 -0.3214 0.7702
vn 0.5453 -0.3266 0.7720
vn 0.5485 -0.3285 0.7689
vn 0.5424 -0.3344 0.7707
vn 0.5407 -0.3334 0.7723
vn -0.5202 0.3629 0.7731
vn -0.5167 0.3659 0.7740
vn -0.5193 0.3624 0.7740
vn -0.5158 0.3653 0.7749
vn -0.5177 0.3665 0.7731
vn -0.5139 0.3698 0.7741
vn -0.5128 0.3692 0.7750
vn -0.5202 -0.3629 0.7731
vn -0.5167 -0.3659 0.7740
vn -0.5177 -0.3665 0.7731
vn -0.5139 -0.3698 0.7741
vn -0.5193 -0.3624 0.7740
vn -0.5158 -0.3653 0.7749
vn -0.5128 -0.3692 0.7750
vn 0.5202 0.3629 0.7731
vn 0.5167 0.3659 0.7740
vn 0.5177 0.3665 0.7731
vn 0.5139 0.3698 0.7741
vn 0.5193 0.3624 0.7740
vn 0.5158 0.3653 0.7749
vn 0.5128 0.3692 0.7750
vn 0.5202 -0.3629 0.7731
vn 0.5167 -0.3659 0.7740
vn 0.5193 -0.3624 0.7740
vn 0.5158 -0.3653 0.7749
vn 0.5177 -0.3665 0.7731
vn 0.5139 -0.3698 0.7741
vn 0.5128 -0.3692 0.7750
vn -0.4883 0.4008 0.7752
vn -0.4974 0.3940 0.7729
vn -0.4906 0.4026 0.7728
vn -0.4996 0.3958 0.7705
vn -0.4951 0.3922 0.7753
vn -0.5041 0.3854 0.7729
vn -0.5064 0.3872 0.7705
vn -0.4883 -0.4008 0.7752
vn -0.4974 -0.3940 0.7729
vn -0.4951 -0.3922 0.7753
vn -0.5041 -0.3854 0.7729
vn -0.4906 -0.4026 0.7728
vn -0.4996 -0.3958 0.7705
vn -0.5064 -0.3872 0.7705
vn 0.4883 0.4008 0.7752
vn 0.4974 0.3940 0.7729
vn 0.4951 0.3922 0.7753
vn 0.5041 0.3854 0.7729
vn 0.4906 0.4026 0.7728
vn 0.4996 0.3958 0.7705
vn 0.5064 0.3872 0.7705
vn 0.4883 -0.4008 0.7752
vn 0.4974 -0.3940 0.7729
vn 0.4906 -0.4026 0.7728
vn 0.4996 -0.3958 0.7705
vn 0.4951 -0.3922 0.7753
vn 0.5041 -0.3854 0.7729
vn 0.5064 -0.3872 0.7705
vn -0.4867 0.4120 0.7703
vn -0.5062 0.4000 0.7640
vn -0.4924 0.4187 0.7630
vn -0.5103 0.4062 0.7580
vn -0.5016 0.3933 0.7705
vn -0.5170 0.3849 0.7645
vn -0.5062 0.4001 0.7640
vn -0.5204 0.3911 0.7591
vn -0.4867 -0.4120 0.7703
vn -0.5062 -0.4001 0.7640
vn -0.5016 -0.3933 0.7705
vn -0.5170 -0.3849 0.7645
vn -0.4924 -0.4187 0.7630
vn -0.5103 -0.4062 0.7580
vn -0.5062 -0.4000 0.7640
vn -0.5204 -0.3911 0.7591
vn 0.4867 0.4120 0.7703
vn 0.5062 0.4001 0.7640
vn 0.5016 0.3933 0.7705
vn 0.5170 0.3849 0.7645
vn 0.4924 0.4187 0.7630
vn 0.5103 0.4062 0.7580
vn 0.5062 0.4000 0.7640
vn 0.5204 0.3911 0.7591
vn 0.4867 -0.4120 0.7703
vn 0.5062 -0.4000 0.7640
vn 0.4924 -0.4187 0.7630
vn 0.5103 -0.4062 0.7580
vn 0.5016 -0.3933 0.7705
vn 0.5170 -0.3849 0.7645
vn 0.5062 -0.4001 0.7640
vn 0.5204 -0.3911 0.7591
vn -0.5003 0.4209 0.7567
vn -0.5185 0.4083 0.7513
vn -0.5057 0.4281 0.7490
vn -0.5234 0.4150 0.7442
vn -0.5135 0.4015 0.7584
vn -0.5292 0.3912 0.7530
vn -0.5337 0.3974 0.7464
vn -0.5003 -0.4209 0.7567
vn -0.5185 -0.4083 0.7513
vn -0.5135 -0.4015 0.7584
vn -0.5292 -0.3912 0.7530
vn -0.5057 -0.4281 0.7490
vn -0.5234 -0.4150 0.7442
vn -0.5337 -0.3974 0.7464
vn 0.5003 0.4209 0.7567
vn 0.5185 0.4083 0.7513
vn 0.5135 0.4015 0.7584
vn 0.5292 0.3912 0.7530
vn 0.5057 0.4281 0.7490
vn 0.5234 0.4150 0.7442
vn 0.5337 0.3974 0.7464
vn 0.5003 -0.4209 0.7567
vn 0.5185 -0.4083 0.7513
vn 0.5057 -0.4281 0.7490
vn 0.5234 -0.4150 0.7442
vn 0.5135 -0.4015 0.7584
vn 0.5292 -0.3912 0.7530
vn 0.5337 -0.3974 0.7464
vn -0.5131 0.4318 0.7418
vn -0.5270 0.4214 0.7381
vn -0.5171 0.4380 0.7353
vn -0.5306 0.4273 0.7320
vn -0.5232 0.4153 0.7442
vn -0.5358 0.4060 0.7403
vn -0.5393 0.4118 0.7346
vn -0.5131 -0.4318 0.7418
vn -0.5270 -0.4214 0.7381
vn -0.5232 -0.4153 0.7442
vn -0.5358 -0.4060 0.7403
vn -0.5171 -0.4380 0.7353
vn -0.5306 -0.4273 0.7320
vn -0.5393 -0.4118 0.7346
vn 0.5131 0.4318 0.7418
vn 0.5270 0.4214 0.7381
vn 0.5232 0.4153 0.7442
vn 0.5358 0.4060 0.7403
vn 0.5171 0.4380 0.7353
vn 0.5306 0.4273 0.7320
vn 0.5393 0.4118 0.7346
vn 0.5131 -0.4318 0.7418
vn 0.5270 -0.4214 0.7381
vn 0.5171 -0.4380 0.7353
vn 0.5306 -0.4273 0.7320
vn 0.5232 -0.4153 0.7442
vn 0.5358 -0.4060 0.7403
vn 0.5393 -0.4118 0.7346
vn -0.5215 0.4432 0.7291
vn -0.5310 0.4356 0.7268
vn -0.5242 0.4482 0.7241
vn -0.5323 0.4405 0.7229
vn -0.5293 0.4296 0.7316
vn -0.5365 0.4251 0.7290
vn -0.5373 0.4305 0.7252
vn -0.5215 -0.4432 0.7291
vn -0.5310 -0.4356 0.7268
vn -0.5293 -0.4296 0.7316
vn -0.5365 -0.4251 0.7290
vn -0.5242 -0.4482 0.7241
vn -0.5323 -0.4405 0.7229
vn -0.5373 -0.4305 0.7252
vn 0.5215 0.4432 0.7291
vn 0.5310 0.4356 0.7268
vn 0.5293 0.4296 0.7316
vn 0.5365 0.4251 0.7290
vn 0.5242 0.4482 0.7241
vn 0.5323 0.4405 0.7229
vn 0.5373 0.4305 0.7252
vn 0.5215 -0.4432 0.7291
vn 0.5310 -0.4356 0.7268
vn 0.5242 -0.4482 0.7241
vn 0.5323 -0.4405 0.7229
vn 0.5293 -0.4296 0.7316
vn 0.5365 -0.4251 0.7290
vn 0.5373 -0.4305 0.7252
vn -0.6215 0.2380 0.7464
vn -0.6638 0.1967 0.7216
vn -0.6413 0.2460 0.7268
vn -0.6750 0.2071 0.7081
vn -0.6493 0.1835 0.7381
vn -0.6802 0.1572 0.7160
vn -0.6890 0.1702 0.7044
vn -0.6215 -0.2380 0.7464
vn -0.6638 -0.1967 0.7216
vn -0.6493 -0.1835 0.7381
vn -0.6802 -0.1572 0.7160
vn -0.6413 -0.2460 0.7268
vn -0.6750 -0.2071 0.7081
vn -0.6890 -0.1702 0.7044
vn 0.6215 0.2380 0.7464
vn 0.6638 0.1967 0.7216
vn 0.6493 0.1835 0.7381
vn 0.6802 0.1572 0.7160
vn 0.6413 0.2460 0.7268
vn 0.6750 0.2071 0.7081
vn 0.6890 0.1702 0.7044
vn 0.6215 -0.2380 0.7464
vn 0.6638 -0.1967 0.7216
vn 0.6413 -0.2460 0.7268
vn 0.6750 -0.2071 0.7081
vn 0.6493 -0.1835 0.7381
vn 0.6802 -0.1572 0.7160
vn 0.6890 -0.1702 0.7044
vn -0.6462 0.2747 0.7120
vn -0.6457 0.2753 0.7122
vn -0.6460 0.2746 0.7122
vn -0.6455 0.2753 0.7124
vn -0.6459 0.2754 0.7120
vn -0.6454 0.2761 0.7122
vn -0.6452 0.2760 0.7125
vn -0.6462 -0.2747 0.7120
vn -0.6457 -0.2753 0.7122
vn -0.6459 -0.2754 0.7120
vn -0.6454 -0.2761 0.7122
vn -0.6460 -0.2746 0.7122
vn -0.6455 -0.2753 0.7124
vn -0.6452 -0.2760 0.7125
vn 0.6462 0.2747 0.7120
vn 0.6457 0.2753 0.7122
vn 0.6459 0.2754 0.7120
vn 0.6454 0.2761 0.7122
vn 0.6460 0.2746 0.7122
vn 0.6455 0.2753 0.7124
vn 0.6452 0.2760 0.7125
vn 0.6462 -0.2747 0.7120
vn 0.6457 -0.2753 0.7122
vn 0.6460 -0.2746 0.7122
vn 0.6455 -0.2753 0.7124
vn 0.6459 -0.2754 0.7120
vn 0.6454 -0.2761 0.7122
vn 0.6452 -0.2760 0.7125
vn -0.6342 0.2981 0.7134
vn -0.6335 0.2989 0.7137
vn -0.6340 0.2980 0.7136
vn -0.6332 0.2988 0.7140
vn -0.6337 0.2991 0.7134
vn -0.6329 0.3000 0.7137
vn -0.6327 0.2999 0.7140
vn -0.6342 -0.2981 0.7134
vn -0.6335 -0.2989 0.7137
vn -0.6337 -0.2991 0.7134
vn -0.6329 -0.3000 0.7137
vn -0.6340 -0.2980 0.7136
vn -0.6332 -0.2988 0.7140
vn -0.6327 -0.2999 0.7140
vn 0.6342 0.2981 0.7134
vn 0.6335 0.2989 0.7137
vn 0.6337 0.2991 0.7134
vn 0.6329 0.3000 0.7137
vn 0.6340 0.2980 0.7136
vn 0.6332 0.2988 0.7140
vn 0.6327 0.2999 0.7140
vn 0.6342 -0.2981 0.7134
vn 0.6335 -0.2989 0.7137
vn 0.6340 -0.2980 0.7136
vn 0.6332 -0.2988 0.7140
vn 0.6337 -0.2991 0.7134
vn 0.6329 -0.3000 0.7137
vn 0.6327 -0.2999 0.7140
vn -0.6209 0.3213 0.7150
vn -0.6198 0.3225 0.7154
vn -0.6206 0.3211 0.7154
vn -0.6194 0.3223 0.7158
vn -0.6202 0.3227 0.7150
vn -0.6189 0.3240 0.7155
vn -0.6186 0.3238 0.7159
vn -0.6209 -0.3213 0.7150
vn -0.6198 -0.3225 0.7154
vn -0.6202 -0.3227 0.7150
vn -0.6189 -0.3240 0.7155
vn -0.6206 -0.3211 0.7154
vn -0.6194 -0.3223 0.7158
vn -0.6186 -0.3238 0.7159
vn 0.6209 0.3213 0.7150
vn 0.6198 0.3225 0.7154
vn 0.6202 0.3227 0.7150
vn 0.6189 0.3240 0.7155
vn 0.6206 0.3211 0.7154
vn 0.6194 0.3223 0.7158
vn 0.6186 0.3238 0.7159
vn 0.6209 -0.3213 0.7150
vn 0.6198 -0.3225 0.7154
vn 0.6206 -0.3211 0.7154
vn 0.6194 -0.3223 0.7158
vn 0.6202 -0.3227 0.7150
vn 0.6189 -0.3240 0.7155
vn 0.6186 -0.3238 0.7159
vn -0.6062 0.3444 0.7169
vn -0.6032 0.3472 0.7180
vn -0.6053 0.3439 0.7179
vn -0.6023 0.3467 0.7190
vn -0.6041 0.3477 0.7170
vn -0.6009 0.3509 0.7182
vn -0.6000 0.3503 0.7192
vn -0.6062 -0.3444 0.7169
vn -0.6032 -0.3472 0.7180
vn -0.6041 -0.3477 0.7170
vn -0.6009 -0.3509 0.7182
vn -0.6053 -0.3439 0.7179
vn -0.6023 -0.3467 0.7190
vn -0.6000 -0.3503 0.7192
vn 0.6062 0.3444 0.7169
vn 0.6032 0.3472 0.7180
vn 0.6041 0.3477 0.7170
vn 0.6009 0.3509 0.7182
vn 0.6053 0.3439 0.7179
vn 0.6023 0.3467 0.7190
vn 0.6000 0.3503 0.7192
vn 0.6062 -0.3444 0.7169
vn 0.6032 -0.3472 0.7180
vn 0.6053 -0.3439 0.7179
vn 0.6023 -0.3467 0.7190
vn 0.6041 -0.3477 0.7170
vn 0.6009 -0.3509 0.7182
vn 0.6000 -0.3503 0.7192
vn -0.5887 0.3673 0.7200
vn -0.5763 0.3782 0.7244
vn -0.5854 0.3652 0.7238
vn -0.5729 0.3760 0.7283
vn -0.5798 0.3804 0.7205
vn -0.5663 0.3923 0.7248
vn -0.5764 0.3782 0.7244
vn -0.5627 0.3900 0.7289
vn -0.5887 -0.3673 0.7200
vn -0.5764 -0.3782 0.7244
vn -0.5798 -0.3804 0.7205
vn -0.5663 -0.3923 0.7248
vn -0.5854 -0.3652 0.7238
vn -0.5729 -0.3760 0.7283
vn -0.5627 -0.3900 0.7289
vn 0.5887 0.3673 0.7200
vn 0.5764 0.3782 0.7244
vn 0.5798 0.3804 0.7205
vn 0.5663 0.3923 0.7248
vn 0.5854 0.3652 0.7238
vn 0.5729 0.3760 0.7283
vn 0.5627 0.3900 0.7289
vn 0.5887 -0.3673 0.7200
vn 0.5763 -0.3782 0.7244
vn 0.5854 -0.3652 0.7238
vn 0.5729 -0.3760 0.7283
vn 0.5798 -0.3804 0.7205
vn 0.5663 -0.3923 0.7248
vn 0.5764 -0.3782 0.7244
vn 0.5627 -0.3900 0.7289
vn -0.5599 0.3937 0.7290
vn -0.5405 0.4092 0.7351
vn -0.5549 0.3903 0.7347
vn -0.5354 0.4056 0.7408
vn -0.5455 0.4128 0.7294
vn -0.5252 0.4285 0.7352
vn -0.5405 0.4092 0.7352
vn -0.5202 0.4247 0.7409
vn -0.5599 -0.3937 0.7290
vn -0.5405 -0.4092 0.7352
vn -0.5455 -0.4128 0.7294
vn -0.5252 -0.4285 0.7352
vn -0.5549 -0.3903 0.7347
vn -0.5355 -0.4056 0.7408
vn -0.5202 -0.4247 0.7409
vn 0.5599 0.3937 0.7290
vn 0.5405 0.4092 0.7352
vn 0.5455 0.4128 0.7294
vn 0.5252 0.4285 0.7352
vn 0.5549 0.3903 0.7347
vn 0.5355 0.4056 0.7408
vn 0.5202 0.4247 0.7409
vn 0.5599 -0.3937 0.7290
vn 0.5405 -0.4092 0.7351
vn 0.5549 -0.3903 0.7347
vn 0.5354 -0.4056 0.7408
vn 0.5455 -0.4128 0.7294
vn 0.5252 -0.4285 0.7352
vn 0.5405 -0.4092 0.7352
vn 0.5202 -0.4247 0.7409
vn -0.5002 0.4490 0.7404
vn -0.5064 0.4447 0.7388
vn -0.5018 0.4504 0.7385
vn -0.5078 0.4461 0.7370
vn -0.5050 0.4432 0.7406
vn -0.5103 0.4398 0.7390
vn -0.5115 0.4412 0.7374
vn -0.5002 -0.4490 0.7404
vn -0.5064 -0.4447 0.7388
vn -0.5050 -0.4432 0.7406
vn -0.5103 -0.4398 0.7390
vn -0.5018 -0.4504 0.7384
vn -0.5078 -0.4461 0.7370
vn -0.5115 -0.4412 0.7374
vn 0.5002 0.4490 0.7404
vn 0.5064 0.4447 0.7388
vn 0.5050 0.4432 0.7406
vn 0.5103 0.4398 0.7390
vn 0.5018 0.4504 0.7384
vn 0.5078 0.4461 0.7370
vn 0.5115 0.4412 0.7374
vn 0.5002 -0.4490 0.7404
vn 0.5064 -0.4447 0.7388
vn 0.5018 -0.4504 0.7385
vn 0.5078 -0.4461 0.7370
vn 0.5050 -0.4432 0.7406
vn 0.5103 -0.4398 0.7390
vn 0.5115 -0.4412 0.7374
vn -0.4899 0.4689 0.7349
vn -0.5065 0.4579 0.7306
vn -0.4944 0.4739 0.7287
vn -0.5104 0.4628 0.7248
vn -0.5025 0.4529 0.7365
vn -0.5171 0.4435 0.7320
vn -0.5207 0.4483 0.7266
vn -0.4899 -0.4689 0.7349
vn -0.5065 -0.4579 0.7306
vn -0.5025 -0.4529 0.7365
vn -0.5171 -0.4435 0.7320
vn -0.4944 -0.4739 0.7287
vn -0.5104 -0.4628 0.7248
vn -0.5207 -0.4483 0.7266
vn 0.4899 0.4689 0.7349
vn 0.5065 0.4579 0.7306
vn 0.5025 0.4529 0.7365
vn 0.5171 0.4435 0.7320
vn 0.4944 0.4739 0.7287
vn 0.5104 0.4628 0.7248
vn 0.5207 0.4483 0.7266
vn 0.4899 -0.4689 0.7349
vn 0.5065 -0.4579 0.7306
vn 0.4944 -0.4739 0.7287
vn 0.5104 -0.4628 0.7248
vn 0.5025 -0.4529 0.7365
vn 0.5171 -0.4435 0.7320
vn 0.5207 -0.4483 0.7266
vn -0.5008 0.4758 0.7230
vn -0.5156 0.4657 0.7192
vn -0.5047 0.4811 0.7168
vn -0.5191 0.4708 0.7134
vn -0.5121 0.4604 0.7251
vn -0.5256 0.4513 0.7212
vn -0.5288 0.4564 0.7156
vn -0.5008 -0.4758 0.7230
vn -0.5156 -0.4657 0.7192
vn -0.5121 -0.4604 0.7251
vn -0.5256 -0.4513 0.7212
vn -0.5047 -0.4811 0.7169
vn -0.5191 -0.4708 0.7134
vn -0.5288 -0.4564 0.7156
vn 0.5008 0.4758 0.7230
vn 0.5156 0.4657 0.7192
vn 0.5121 0.4604 0.7251
vn 0.5256 0.4513 0.7212
vn 0.5047 0.4811 0.7169
vn 0.5191 0.4708 0.7134
vn 0.5288 0.4564 0.7156
vn 0.5008 -0.4758 0.7230
vn 0.5156 -0.4657 0.7192
vn 0.5047 -0.4811 0.7168
vn 0.5191 -0.4708 0.7134
vn 0.5121 -0.4604 0.7251
vn 0.5256 -0.4513 0.7212
vn 0.5288 -0.4564 0.7156
vn -0.5086 0.4858 0.7109
vn -0.5222 0.4758 0.7078
vn -0.5121 0.4906 0.7050
vn -0.5250 0.4807 0.7023
vn -0.5191 0.4707 0.7134
vn -0.5314 0.4620 0.7101
vn -0.5340 0.4670 0.7049
vn -0.5086 -0.4858 0.7109
vn -0.5222 -0.4758 0.7078
vn -0.5191 -0.4707 0.7134
vn -0.5314 -0.4620 0.7101
vn -0.5121 -0.4906 0.7050
vn -0.5250 -0.4807 0.7023
vn -0.5340 -0.4670 0.7049
vn 0.5086 0.4858 0.7109
vn 0.5222 0.4758 0.7078
vn 0.5191 0.4707 0.7134
vn 0.5314 0.4620 0.7101
vn 0.5121 0.4906 0.7050
vn 0.5250 0.4807 0.7023
vn 0.5340 0.4670 0.7049
vn 0.5086 -0.4858 0.7109
vn 0.5222 -0.4758 0.7078
vn 0.5121 -0.4906 0.7050
vn 0.5250 -0.4807 0.7023
vn 0.5191 -0.4707 0.7134
vn 0.5314 -0.4620 0.7101
vn 0.5340 -0.4670 0.7049
vn -0.5158 0.4945 0.6996
vn -0.5293 0.4832 0.6974
vn -0.5191 0.4983 0.6944
vn -0.5333 0.4867 0.6919
vn -0.5255 0.4799 0.7025
vn -0.5392 0.4679 0.7002
vn -0.5436 0.4709 0.6948
vn -0.5158 -0.4945 0.6996
vn -0.5293 -0.4832 0.6974
vn -0.5255 -0.4799 0.7025
vn -0.5392 -0.4679 0.7002
vn -0.5191 -0.4983 0.6944
vn -0.5333 -0.4867 0.6919
vn -0.5436 -0.4709 0.6948
vn 0.5158 0.4945 0.6996
vn 0.5293 0.4832 0.6974
vn 0.5255 0.4799 0.7025
vn 0.5392 0.4679 0.7002
vn 0.5191 0.4983 0.6944
vn 0.5333 0.4867 0.6919
vn 0.5436 0.4709 0.6948
vn 0.5158 -0.4945 0.6996
vn 0.5293 -0.4832 0.6974
vn 0.5191 -0.4983 0.6944
vn 0.5333 -0.4867 0.6919
vn 0.5255 -0.4799 0.7025
vn 0.5392 -0.4679 0.7002
vn 0.5436 -0.4709 0.6948
vn -0.5218 0.5037 0.6884
vn -0.5332 0.4948 0.6863
vn -0.5245 0.5073 0.6838
vn -0.5370 0.4980 0.6809
vn -0.5298 0.4919 0.6909
vn -0.5425 0.4810 0.6887
vn -0.5473 0.4832 0.6833
vn -0.5218 -0.5037 0.6884
vn -0.5332 -0.4948 0.6863
vn -0.5298 -0.4919 0.6909
vn -0.5425 -0.4810 0.6887
vn -0.5245 -0.5073 0.6838
vn -0.5370 -0.4980 0.6809
vn -0.5473 -0.4832 0.6833
vn 0.5218 0.5037 0.6884
vn 0.5332 0.4948 0.6863
vn 0.5298 0.4919 0.6909
vn 0.5425 0.4810 0.6887
vn 0.5245 0.5073 0.6838
vn 0.5370 0.4980 0.6809
vn 0.5473 0.4832 0.6833
vn 0.5218 -0.5037 0.6884
vn 0.5332 -0.4948 0.6863
vn 0.5245 -0.5073 0.6838
vn 0.5370 -0.4980 0.6809
vn 0.5298 -0.4919 0.6909
vn 0.5425 -0.4810 0.6887
vn 0.5473 -0.4832 0.6833
vn -0.7154 0.2146 0.6649
vn -0.7249 0.2039 0.6580
vn -0.7200 0.2161 0.6595
vn -0.7280 0.2054 0.6541
vn -0.7215 0.2021 0.6623
vn -0.7282 0.1955 0.6569
vn -0.7307 0.1972 0.6536
vn -0.7154 -0.2146 0.6649
vn -0.7249 -0.2039 0.6580
vn -0.7215 -0.2021 0.6623
vn -0.7282 -0.1955 0.6569
vn -0.7200 -0.2161 0.6595
vn -0.7280 -0.2054 0.6541
vn -0.7307 -0.1972 0.6536
vn 0.7154 0.2146 0.6649
vn 0.7249 0.2039 0.6580
vn 0.7215 0.2021 0.6623
vn 0.7282 0.1955 0.6569
vn 0.7200 0.2161 0.6595
vn 0.7280 0.2054 0.6541
vn 0.7307 0.1972 0.6536
vn 0.7154 -0.2146 0.6649
vn 0.7249 -0.2039 0.6580
vn 0.7200 -0.2161 0.6595
vn 0.7280 -0.2054 0.6541
vn 0.7215 -0.2021 0.6623
vn 0.7282 -0.1955 0.6569
vn 0.7307 -0.1972 0.6536
vn -0.7150 0.2431 0.6555
vn -0.7140 0.2446 0.6560
vn -0.7146 0.2430 0.6560
vn -0.7135 0.2445 0.6566
vn -0.7144 0.2448 0.6555
vn -0.7133 0.2465 0.6561
vn -0.7140 0.2447 0.6560
vn -0.7129 0.2463 0.6566
vn -0.7150 -0.2431 0.6555
vn -0.7140 -0.2446 0.6560
vn -0.7144 -0.2448 0.6555
vn -0.7133 -0.2465 0.6561
vn -0.7146 -0.2430 0.6560
vn -0.7135 -0.2445 0.6566
vn -0.7140 -0.2447 0.6560
vn -0.7129 -0.2463 0.6566
vn 0.7150 0.2431 0.6555
vn 0.7140 0.2446 0.6560
vn 0.7144 0.2448 0.6555
vn 0.7133 0.2465 0.6561
vn 0.7146 0.2430 0.6560
vn 0.7135 0.2445 0.6566
vn 0.7140 0.2447 0.6560
vn 0.7129 0.2463 0.6566
vn 0.7150 -0.2431 0.6555
vn 0.7140 -0.2446 0.6560
vn 0.7146 -0.2430 0.6560
vn 0.7135 -0.2445 0.6566
vn 0.7144 -0.2448 0.6555
vn 0.7133 -0.2465 0.6561
vn 0.7140 -0.2447 0.6560
vn 0.7129 -0.2463 0.6566
vn -0.7039 0.2689 0.6574
vn -0.7033 0.2697 0.6578
vn -0.7037 0.2688 0.6577
vn -0.7030 0.2696 0.6581
vn -0.7035 0.2698 0.6575
vn -0.7028 0.2708 0.6578
vn -0.7026 0.2707 0.6581
vn -0.7039 -0.2689 0.6574
vn -0.7033 -0.2697 0.6578
vn -0.7035 -0.2698 0.6575
vn -0.7028 -0.2708 0.6578
vn -0.7037 -0.2688 0.6577
vn -0.7030 -0.2696 0.6581
vn -0.7026 -0.2707 0.6581
vn 0.7039 0.2689 0.6574
vn 0.7033 0.2697 0.6578
vn 0.7035 0.2698 0.6575
vn 0.7028 0.2708 0.6578
vn 0.7037 0.2688 0.6577
vn 0.7030 0.2696 0.6581
vn 0.7026 0.2707 0.6581
vn 0.7039 -0.2689 0.6574
vn 0.7033 -0.2697 0.6578
vn 0.7037 -0.2688 0.6577
vn 0.7030 -0.2696 0.6581
vn 0.7035 -0.2698 0.6575
vn 0.7028 -0.2708 0.6578
vn 0.7026 -0.2707 0.6581
vn -0.6918 0.2950 0.6591
vn -0.6917 0.2951 0.6591
vn -0.6918 -0.2950 0.6591
vn -0.6917 -0.2951 0.6591
vn 0.6918 0.2950 0.6591
vn 0.6917 0.2951 0.6591
vn 0.6918 -0.2950 0.6591
vn 0.6917 -0.2951 0.6591
vn -0.6788 0.3214 0.6602
vn -0.6792 0.3209 0.6600
vn -0.6790 0.3215 0.6601
vn -0.6794 0.3210 0.6599
vn -0.6791 0.3209 0.6602
vn -0.6795 0.3204 0.6600
vn -0.6797 0.3204 0.6598
vn -0.6788 -0.3214 0.6602
vn -0.6792 -0.3209 0.6600
vn -0.6791 -0.3209 0.6602
vn -0.6795 -0.3204 0.6600
vn -0.6790 -0.3215 0.6601
vn -0.6794 -0.3210 0.6599
vn -0.6797 -0.3204 0.6598
vn 0.6788 0.3214 0.6602
vn 0.6792 0.3209 0.6600
vn 0.6791 0.3209 0.6602
vn 0.6795 0.3204 0.6600
vn 0.6790 0.3215 0.6601
vn 0.6794 0.3210 0.6599
vn 0.6797 0.3204 0.6598
vn 0.6788 -0.3214 0.6602
vn 0.6792 -0.3209 0.6600
vn 0.6790 -0.3215 0.6601
vn 0.6794 -0.3210 0.6599
vn 0.6791 -0.3209 0.6602
vn 0.6795 -0.3204 0.6600
vn 0.6797 -0.3204 0.6598
vn -0.6650 0.3476 0.6610
vn -0.6658 0.3468 0.6607
vn -0.6652 0.3478 0.6607
vn -0.6660 0.3469 0.6603
vn -0.6655 0.3466 0.6610
vn -0.6664 0.3457 0.6606
vn -0.6666 0.3459 0.6603
vn -0.6650 -0.3476 0.6610
vn -0.6658 -0.3468 0.6607
vn -0.6655 -0.3466 0.6610
vn -0.6664 -0.3457 0.6606
vn -0.6652 -0.3478 0.6607
vn -0.6660 -0.3469 0.6603
vn -0.6666 -0.3459 0.6603
vn 0.6650 0.3476 0.6610
vn 0.6658 0.3468 0.6607
vn 0.6655 0.3466 0.6610
vn 0.6664 0.3457 0.6606
vn 0.6652 0.3478 0.6607
vn 0.6660 0.3469 0.6603
vn 0.6666 0.3459 0.6603
vn 0.6650 -0.3476 0.6610
vn 0.6658 -0.3468 0.6607
vn 0.6652 -0.3478 0.6607
vn 0.6660 -0.3469 0.6603
vn 0.6655 -0.3466 0.6610
vn 0.6664 -0.3457 0.6606
vn 0.6666 -0.3459 0.6603
vn -0.6504 0.3733 0.6615
vn -0.6513 0.3724 0.6611
vn -0.6507 0.3735 0.6612
vn -0.6516 0.3725 0.6608
vn -0.6511 0.3722 0.6615
vn -0.6521 0.3712 0.6611
vn -0.6524 0.3714 0.6607
vn -0.6504 -0.3733 0.6615
vn -0.6513 -0.3724 0.6611
vn -0.6511 -0.3722 0.6615
vn -0.6521 -0.3712 0.6611
vn -0.6507 -0.3735 0.6612
vn -0.6516 -0.3725 0.6608
vn -0.6524 -0.3714 0.6607
vn 0.6504 0.3733 0.6615
vn 0.6513 0.3724 0.6611
vn 0.6511 0.3722 0.6615
vn 0.6521 0.3712 0.6611
vn 0.6507 0.3735 0.6612
vn 0.6516 0.3725 0.6608
vn 0.6524 0.3714 0.6607
vn 0.6504 -0.3733 0.6615
vn 0.6513 -0.3724 0.6611
vn 0.6507 -0.3735 0.6612
vn 0.6516 -0.3725 0.6608
vn 0.6511 -0.3722 0.6615
vn 0.6521 -0.3712 0.6611
vn 0.6524 -0.3714 0.6607
vn -0.6339 0.3998 0.6620
vn -0.6352 0.3987 0.6615
vn -0.6343 0.4001 0.6616
vn -0.6355 0.3989 0.6610
vn -0.6348 0.3985 0.6620
vn -0.6361 0.3973 0.6614
vn -0.6365 0.3975 0.6610
vn -0.6339 -0.3998 0.6620
vn -0.6352 -0.3987 0.6615
vn -0.6348 -0.3985 0.6620
vn -0.6361 -0.3973 0.6614
vn -0.6343 -0.4001 0.6616
vn -0.6355 -0.3989 0.6610
vn -0.6365 -0.3975 0.6610
vn 0.6339 0.3998 0.6620
vn 0.6352 0.3987 0.6615
vn 0.6348 0.3985 0.6620
vn 0.6361 0.3973 0.6614
vn 0.6343 0.4001 0.6616
vn 0.6355 0.3989 0.6610
vn 0.6365 0.3975 0.6610
vn 0.6339 -0.3998 0.6620
vn 0.6352 -0.3987 0.6615
vn 0.6343 -0.4001 0.6616
vn 0.6355 -0.3989 0.6610
vn 0.6348 -0.3985 0.6620
vn 0.6361 -0.3973 0.6614
vn 0.6365 -0.3975 0.6610
vn -0.6170 0.4251 0.6623
vn -0.6146 0.4271 0.6632
vn -0.6164 0.4246 0.6631
vn -0.6140 0.4267 0.6641
vn -0.6152 0.4275 0.6623
vn -0.6126 0.4297 0.6633
vn -0.6120 0.4293 0.6642
vn -0.6170 -0.4251 0.6623
vn -0.6146 -0.4271 0.6632
vn -0.6152 -0.4275 0.6623
vn -0.6126 -0.4297 0.6633
vn -0.6164 -0.4246 0.6631
vn -0.6140 -0.4267 0.6641
vn -0.6120 -0.4293 0.6642
vn 0.6170 0.4251 0.6623
vn 0.6146 0.4271 0.6632
vn 0.6152 0.4275 0.6623
vn 0.6126 0.4297 0.6633
vn 0.6164 0.4246 0.6631
vn 0.6140 0.4267 0.6641
vn 0.6120 0.4293 0.6642
vn 0.6170 -0.4251 0.6623
vn 0.6146 -0.4271 0.6632
vn 0.6164 -0.4246 0.6631
vn 0.6140 -0.4267 0.6641
vn 0.6152 -0.4275 0.6623
vn 0.6126 -0.4297 0.6633
vn 0.6120 -0.4293 0.6642
vn -0.6029 0.4411 0.6648
vn -0.5734 0.4635 0.6756
vn -0.5957 0.4356 0.6748
vn -0.5662 0.4578 0.6854
vn -0.5805 0.4691 0.6655
vn -0.5501 0.4910 0.6756
vn -0.5430 0.4851 0.6854
vn -0.6029 -0.4411 0.6648
vn -0.5734 -0.4635 0.6756
vn -0.5805 -0.4691 0.6655
vn -0.5501 -0.4910 0.6756
vn -0.5957 -0.4356 0.6748
vn -0.5662 -0.4578 0.6855
vn -0.5430 -0.4851 0.6854
vn 0.6029 0.4411 0.6648
vn 0.5734 0.4635 0.6756
vn 0.5805 0.4691 0.6655
vn 0.5501 0.4910 0.6756
vn 0.5957 0.4356 0.6748
vn 0.5662 0.4578 0.6855
vn 0.5430 0.4851 0.6854
vn 0.6029 -0.4411 0.6648
vn 0.5734 -0.4635 0.6756
vn 0.5957 -0.4356 0.6748
vn 0.5662 -0.4578 0.6854
vn 0.5805 -0.4691 0.6655
vn 0.5501 -0.4910 0.6756
vn 0.5430 -0.4851 0.6854
vn -0.5580 0.4677 0.6855
vn -0.5343 0.4838 0.6931
vn -0.5520 0.4624 0.6939
vn -0.5293 0.4787 0.7005
vn -0.5395 0.4891 0.6853
vn -0.5187 0.5021 0.6920
vn -0.5143 0.4970 0.6989
vn -0.5580 -0.4677 0.6855
vn -0.5343 -0.4838 0.6931
vn -0.5395 -0.4891 0.6853
vn -0.5187 -0.5021 0.6920
vn -0.5520 -0.4624 0.6939
vn -0.5293 -0.4787 0.7005
vn -0.5143 -0.4970 0.6989
vn 0.5580 0.4677 0.6855
vn 0.5343 0.4838 0.6931
vn 0.5395 0.4891 0.6853
vn 0.5187 0.5021 0.6920
vn 0.5520 0.4624 0.6939
vn 0.5293 0.4787 0.7005
vn 0.5143 0.4970 0.6989
vn 0.5580 -0.4677 0.6855
vn 0.5343 -0.4838 0.6931
vn 0.5520 -0.4624 0.6939
vn 0.5293 -0.4787 0.7005
vn 0.5395 -0.4891 0.6853
vn 0.5187 -0.5021 0.6920
vn 0.5143 -0.4970 0.6989
vn -0.5005 0.5133 0.6972
vn -0.5105 0.5070 0.6945
vn -0.5029 0.5162 0.6933
vn -0.5127 0.5098 0.6909
vn -0.5083 0.5042 0.6982
vn -0.5174 0.4985 0.6955
vn -0.5194 0.5013 0.6920
vn -0.5004 -0.5133 0.6972
vn -0.5105 -0.5070 0.6945
vn -0.5083 -0.5042 0.6982
vn -0.5174 -0.4985 0.6955
vn -0.5029 -0.5162 0.6933
vn -0.5127 -0.5098 0.6909
vn -0.5194 -0.5013 0.6920
vn 0.5004 0.5133 0.6972
vn 0.5105 0.5070 0.6945
vn 0.5083 0.5042 0.6982
vn 0.5174 0.4985 0.6955
vn 0.5029 0.5162 0.6933
vn 0.5127 0.5098 0.6909
vn 0.5194 0.5013 0.6920
vn 0.5005 -0.5133 0.6972
vn 0.5105 -0.5070 0.6945
vn 0.5029 -0.5162 0.6933
vn 0.5127 -0.5098 0.6909
vn 0.5083 -0.5042 0.6982
vn 0.5174 -0.4985 0.6955
vn 0.5194 -0.5013 0.6920
vn -0.5016 0.5233 0.6889
vn -0.5135 0.5156 0.6859
vn -0.5045 0.5267 0.6842
vn -0.5160 0.5190 0.6814
vn -0.5108 0.5121 0.6906
vn -0.5220 0.5049 0.6875
vn -0.5244 0.5083 0.6831
vn -0.5016 -0.5233 0.6889
vn -0.5135 -0.5156 0.6859
vn -0.5108 -0.5121 0.6906
vn -0.5220 -0.5049 0.6875
vn -0.5045 -0.5267 0.6842
vn -0.5160 -0.5190 0.6814
vn -0.5244 -0.5083 0.6831
vn 0.5016 0.5233 0.6889
vn 0.5135 0.5156 0.6859
vn 0.5108 0.5121 0.6906
vn 0.5220 0.5049 0.6875
vn 0.5045 0.5267 0.6842
vn 0.5160 0.5190 0.6814
vn 0.5244 0.5083 0.6831
vn 0.5016 -0.5233 0.6889
vn 0.5135 -0.5156 0.6859
vn 0.5045 -0.5267 0.6842
vn 0.5160 -0.5190 0.6814
vn 0.5108 -0.5121 0.6906
vn 0.5220 -0.5049 0.6875
vn 0.5244 -0.5083 0.6831
vn -0.5048 0.5331 0.6790
vn -0.5188 0.5235 0.6759
vn -0.5080 0.5369 0.6736
vn -0.5221 0.5273 0.6704
vn -0.5155 0.5197 0.6813
vn -0.5294 0.5100 0.6780
vn -0.5327 0.5138 0.6725
vn -0.5048 -0.5331 0.6790
vn -0.5188 -0.5235 0.6759
vn -0.5155 -0.5197 0.6813
vn -0.5294 -0.5100 0.6780
vn -0.5080 -0.5369 0.6736
vn -0.5221 -0.5273 0.6704
vn -0.5327 -0.5138 0.6725
vn 0.5048 0.5331 0.6790
vn 0.5188 0.5235 0.6759
vn 0.5155 0.5197 0.6813
vn 0.5294 0.5100 0.6780
vn 0.5080 0.5369 0.6736
vn 0.5221 0.5273 0.6704
vn 0.5327 0.5138 0.6725
vn 0.5048 -0.5331 0.6790
vn 0.5188 -0.5235 0.6759
vn 0.5080 -0.5369 0.6736
vn 0.5221 -0.5273 0.6704
vn 0.5155 -0.5197 0.6813
vn 0.5294 -0.5100 0.6780
vn 0.5327 -0.5138 0.6725
vn -0.5079 0.5448 0.6673
vn -0.5225 0.5353 0.6637
vn -0.5110 0.5492 0.6613
vn -0.5257 0.5398 0.6575
vn -0.5192 0.5308 0.6698
vn -0.5342 0.5206 0.6660
vn -0.5375 0.5252 0.6597
vn -0.5079 -0.5448 0.6673
vn -0.5225 -0.5353 0.6637
vn -0.5192 -0.5308 0.6698
vn -0.5342 -0.5206 0.6660
vn -0.5110 -0.5492 0.6613
vn -0.5257 -0.5398 0.6575
vn -0.5375 -0.5252 0.6597
vn 0.5079 0.5448 0.6673
vn 0.5225 0.5353 0.6637
vn 0.5192 0.5308 0.6698
vn 0.5342 0.5206 0.6660
vn 0.5110 0.5492 0.6613
vn 0.5257 0.5398 0.6575
vn 0.5375 0.5252 0.6597
vn 0.5079 -0.5448 0.6673
vn 0.5225 -0.5353 0.6637
vn 0.5110 -0.5492 0.6613
vn 0.5257 -0.5398 0.6575
vn 0.5192 -0.5308 0.6698
vn 0.5342 -0.5206 0.6660
vn 0.5375 -0.5252 0.6597
vn -0.5184 0.5485 0.6561
vn -0.5266 0.5434 0.6537
vn -0.5198 0.5518 0.6522
vn -0.5276 0.5467 0.6501
vn -0.5256 0.5399 0.6575
vn -0.5330 0.5356 0.6551
vn -0.5337 0.5390 0.6516
vn -0.5184 -0.5485 0.6561
vn -0.5266 -0.5434 0.6537
vn -0.5256 -0.5399 0.6575
vn -0.5330 -0.5356 0.6551
vn -0.5198 -0.5518 0.6522
vn -0.5276 -0.5467 0.6501
vn -0.5337 -0.5390 0.6516
vn 0.5184 0.5485 0.6561
vn 0.5266 0.5434 0.6537
vn 0.5256 0.5399 0.6575
vn 0.5330 0.5356 0.6551
vn 0.5198 0.5518 0.6522
vn 0.5276 0.5467 0.6501
vn 0.5337 0.5390 0.6516
vn 0.5184 -0.5485 0.6561
vn 0.5266 -0.5434 0.6537
vn 0.5198 -0.5518 0.6522
vn 0.5276 -0.5467 0.6501
vn 0.5256 -0.5399 0.6575
vn 0.5330 -0.5356 0.6551
vn 0.5337 -0.5390 0.6516
vn -0.5235 0.5519 0.6491
vn -0.5295 0.5484 0.6472
vn -0.5244 0.5550 0.6457
vn -0.5301 0.5514 0.6442
vn -0.5289 0.5452 0.6504
vn -0.5341 0.5425 0.6485
vn -0.5345 0.5455 0.6456
vn -0.5235 -0.5519 0.6491
vn -0.5295 -0.5484 0.6472
vn -0.5289 -0.5452 0.6504
vn -0.5341 -0.5425 0.6485
vn -0.5244 -0.5550 0.6457
vn -0.5301 -0.5514 0.6442
vn -0.5345 -0.5455 0.6456
vn 0.5235 0.5519 0.6491
vn 0.5295 0.5484 0.6472
vn 0.5289 0.5452 0.6504
vn 0.5341 0.5425 0.6485
vn 0.5244 0.5550 0.6457
vn 0.5301 0.5514 0.6442
vn 0.5345 0.5455 0.6456
vn 0.5235 -0.5519 0.6491
vn 0.5295 -0.5484 0.6472
vn 0.5244 -0.5550 0.6457
vn 0.5301 -0.5514 0.6442
vn 0.5289 -0.5452 0.6504
vn 0.5341 -0.5425 0.6485
vn 0.5345 -0.5455 0.6456
vn -0.7264 0.1630 0.6676
vn -0.7828 0.1323 0.6081
vn -0.7647 0.1723 0.6210
vn -0.7922 0.1412 0.5937
vn -0.7689 0.1194 0.6282
vn -0.7896 0.1162 0.6026
vn -0.7957 0.1245 0.5927
vn -0.7264 -0.1630 0.6676
vn -0.7828 -0.1323 0.6081
vn -0.7689 -0.1194 0.6282
vn -0.7896 -0.1162 0.6026
vn -0.7647 -0.1723 0.6210
vn -0.7922 -0.1412 0.5937
vn -0.7957 -0.1245 0.5927
vn 0.7264 0.1630 0.6676
vn 0.7828 0.1323 0.6081
vn 0.7689 0.1194 0.6282
vn 0.7896 0.1162 0.6026
vn 0.7647 0.1723 0.6210
vn 0.7922 0.1412 0.5937
vn 0.7957 0.1245 0.5927
vn 0.7264 -0.1630 0.6676
vn 0.7828 -0.1323 0.6081
vn 0.7647 -0.1723 0.6210
vn 0.7922 -0.1412 0.5937
vn 0.7689 -0.1194 0.6282
vn 0.7896 -0.1162 0.6026
vn 0.7957 -0.1245 0.5927
vn -0.7769 0.2029 0.5960
vn -0.7761 0.2043 0.5966
vn -0.7765 0.2028 0.5965
vn -0.7758 0.2042 0.5971
vn -0.7765 0.2044 0.5961
vn -0.7757 0.2058 0.5966
vn -0.7753 0.2057 0.5971
vn -0.7769 -0.2029 0.5960
vn -0.7761 -0.2043 0.5966
vn -0.7765 -0.2044 0.5961
vn -0.7757 -0.2058 0.5966
vn -0.7765 -0.2028 0.5965
vn -0.7758 -0.2042 0.5971
vn -0.7753 -0.2057 0.5971
vn 0.7769 0.2029 0.5960
vn 0.7761 0.2043 0.5966
vn 0.7765 0.2044 0.5961
vn 0.7757 0.2058 0.5966
vn 0.7765 0.2028 0.5965
vn 0.7758 0.2042 0.5971
vn 0.7753 0.2057 0.5971
vn 0.7769 -0.2029 0.5960
vn 0.7761 -0.2043 0.5966
vn 0.7765 -0.2028 0.5965
vn 0.7758 -0.2042 0.5971
vn 0.7765 -0.2044 0.5961
vn 0.7757 -0.2058 0.5966
vn 0.7753 -0.2057 0.5971
vn -0.7682 0.2289 0.5978
vn -0.7675 0.2300 0.5983
vn -0.7679 0.2288 0.5983
vn -0.7672 0.2299 0.5987
vn -0.7679 0.2301 0.5979
vn -0.7671 0.2313 0.5983
vn -0.7668 0.2312 0.5988
vn -0.7682 -0.2289 0.5978
vn -0.7675 -0.2300 0.5983
vn -0.7679 -0.2301 0.5979
vn -0.7671 -0.2313 0.5983
vn -0.7679 -0.2288 0.5983
vn -0.7672 -0.2299 0.5987
vn -0.7668 -0.2312 0.5988
vn 0.7682 0.2289 0.5978
vn 0.7675 0.2300 0.5983
vn 0.7679 0.2301 0.5979
vn 0.7671 0.2313 0.5983
vn 0.7679 0.2288 0.5983
vn 0.7672 0.2299 0.5987
vn 0.7668 0.2312 0.5988
vn 0.7682 -0.2289 0.5978
vn 0.7675 -0.2300 0.5983
vn 0.7679 -0.2288 0.5983
vn 0.7672 -0.2299 0.5987
vn 0.7679 -0.2301 0.5979
vn 0.7671 -0.2313 0.5983
vn 0.7668 -0.2312 0.5988
vn -0.7584 0.2553 0.5996
vn -0.7575 0.2567 0.6002
vn -0.7581 0.2552 0.6002
vn -0.7572 0.2565 0.6008
vn -0.7579 0.2568 0.5997
vn -0.7569 0.2583 0.6003
vn -0.7566 0.2581 0.6008
vn -0.7584 -0.2553 0.5996
vn -0.7575 -0.2567 0.6002
vn -0.7579 -0.2568 0.5997
vn -0.7569 -0.2583 0.6003
vn -0.7581 -0.2552 0.6002
vn -0.7572 -0.2565 0.6008
vn -0.7566 -0.2581 0.6008
vn 0.7584 0.2553 0.5996
vn 0.7575 0.2567 0.6002
vn 0.7579 0.2568 0.5997
vn 0.7569 0.2583 0.6003
vn 0.7581 0.2552 0.6002
vn 0.7572 0.2565 0.6008
vn 0.7566 0.2581 0.6008
vn 0.7584 -0.2553 0.5996
vn 0.7575 -0.2567 0.6002
vn 0.7581 -0.2552 0.6002
vn 0.7572 -0.2565 0.6008
vn 0.7579 -0.2568 0.5997
vn 0.7569 -0.2583 0.6003
vn 0.7566 -0.2581 0.6008
vn -0.7471 0.2823 0.6018
vn -0.7460 0.2838 0.6024
vn -0.7467 0.2822 0.6023
vn -0.7456 0.2836 0.6030
vn -0.7464 0.2839 0.6018
vn -0.7453 0.2855 0.6025
vn -0.7449 0.2853 0.6031
vn -0.7471 -0.2823 0.6018
vn -0.7460 -0.2838 0.6024
vn -0.7464 -0.2839 0.6018
vn -0.7453 -0.2855 0.6025
vn -0.7467 -0.2822 0.6023
vn -0.7456 -0.2836 0.6030
vn -0.7449 -0.2853 0.6031
vn 0.7471 0.2823 0.6018
vn 0.7460 0.2838 0.6024
vn 0.7464 0.2839 0.6018
vn 0.7453 0.2855 0.6025
vn 0.7467 0.2822 0.6023
vn 0.7456 0.2836 0.6030
vn 0.7449 0.2853 0.6031
vn 0.7471 -0.2823 0.6018
vn 0.7460 -0.2838 0.6024
vn 0.7467 -0.2822 0.6023
vn 0.7456 -0.2836 0.6030
vn 0.7464 -0.2839 0.6018
vn 0.7453 -0.2855 0.6025
vn 0.7449 -0.2853 0.6031
vn -0.7339 0.3106 0.6042
vn -0.7330 0.3117 0.6046
vn -0.7335 0.3104 0.6046
vn -0.7327 0.3115 0.6051
vn -0.7333 0.3118 0.6042
vn -0.7324 0.3130 0.6047
vn -0.7321 0.3128 0.6052
vn -0.7339 -0.3106 0.6042
vn -0.7330 -0.3117 0.6047
vn -0.7333 -0.3118 0.6042
vn -0.7324 -0.3130 0.6047
vn -0.7336 -0.3104 0.6046
vn -0.7327 -0.3115 0.6051
vn -0.7330 -0.3117 0.6046
vn -0.7321 -0.3128 0.6052
vn 0.7339 0.3106 0.6042
vn 0.7330 0.3117 0.6047
vn 0.7333 0.3118 0.6042
vn 0.7324 0.3130 0.6047
vn 0.7335 0.3104 0.6046
vn 0.7327 0.3115 0.6051
vn 0.7330 0.3117 0.6046
vn 0.7321 0.3128 0.6052
vn 0.7339 -0.3106 0.6042
vn 0.7330 -0.3117 0.6046
vn 0.7335 -0.3104 0.6046
vn 0.7327 -0.3115 0.6051
vn 0.7333 -0.3118 0.6042
vn 0.7324 -0.3130 0.6047
vn 0.7321 -0.3128 0.6052
vn -0.7187 0.3402 0.6064
vn -0.7185 0.3404 0.6065
vn -0.7187 0.3401 0.6065
vn -0.7185 0.3404 0.6066
vn -0.7186 0.3405 0.6064
vn -0.7184 0.3407 0.6065
vn -0.7183 0.3407 0.6066
vn -0.7187 -0.3402 0.6064
vn -0.7185 -0.3404 0.6065
vn -0.7186 -0.3405 0.6064
vn -0.7184 -0.3407 0.6065
vn -0.7187 -0.3401 0.6065
vn -0.7184 -0.3404 0.6066
vn -0.7183 -0.3407 0.6066
vn 0.7187 0.3402 0.6064
vn 0.7185 0.3404 0.6065
vn 0.7186 0.3405 0.6064
vn 0.7184 0.3407 0.6065
vn 0.7187 0.3401 0.6065
vn 0.7184 0.3404 0.6066
vn 0.7183 0.3407 0.6066
vn 0.7187 -0.3402 0.6064
vn 0.7185 -0.3404 0.6065
vn 0.7187 -0.3401 0.6065
vn 0.7185 -0.3404 0.6066
vn 0.7186 -0.3405 0.6064
vn 0.7184 -0.3407 0.6065
vn 0.7183 -0.3407 0.6066
vn -0.7030 0.3692 0.6079
vn -0.7033 0.3688 0.6078
vn -0.7031 0.3692 0.6078
vn -0.7034 0.3688 0.6076
vn -0.7032 0.3687 0.6079
vn -0.7036 0.3683 0.6077
vn -0.7037 0.3684 0.6076
vn -0.7030 -0.3692 0.6079
vn -0.7033 -0.3688 0.6078
vn -0.7032 -0.3687 0.6079
vn -0.7036 -0.3683 0.6077
vn -0.7031 -0.3692 0.6078
vn -0.7034 -0.3688 0.6076
vn -0.7037 -0.3684 0.6076
vn 0.7030 0.3692 0.6079
vn 0.7033 0.3688 0.6078
vn 0.7032 0.3687 0.6079
vn 0.7036 0.3683 0.6077
vn 0.7031 0.3692 0.6078
vn 0.7034 0.3688 0.6076
vn 0.7037 0.3684 0.6076
vn 0.7030 -0.3692 0.6079
vn 0.7033 -0.3688 0.6078
vn 0.7031 -0.3692 0.6078
vn 0.7034 -0.3688 0.6076
vn 0.7032 -0.3687 0.6079
vn 0.7036 -0.3683 0.6077
vn 0.7037 -0.3684 0.6076
vn -0.6868 0.3969 0.6089
vn -0.6876 0.3961 0.6086
vn -0.6870 0.3970 0.6086
vn -0.6878 0.3963 0.6082
vn -0.6873 0.3960 0.6089
vn -0.6881 0.3953 0.6085
vn -0.6875 0.3961 0.6086
vn -0.6883 0.3954 0.6082
vn -0.6868 -0.3969 0.6089
vn -0.6876 -0.3961 0.6086
vn -0.6873 -0.3960 0.6089
vn -0.6881 -0.3953 0.6085
vn -0.6870 -0.3970 0.6086
vn -0.6878 -0.3963 0.6082
vn -0.6875 -0.3961 0.6086
vn -0.6883 -0.3954 0.6082
vn 0.6868 0.3969 0.6089
vn 0.6876 0.3961 0.6086
vn 0.6873 0.3960 0.6089
vn 0.6881 0.3953 0.6085
vn 0.6870 0.3970 0.6086
vn 0.6878 0.3963 0.6082
vn 0.6875 0.3961 0.6086
vn 0.6883 0.3954 0.6082
vn 0.6868 -0.3969 0.6089
vn 0.6876 -0.3961 0.6086
vn 0.6870 -0.3970 0.6086
vn 0.6878 -0.3963 0.6082
vn 0.6873 -0.3960 0.6089
vn 0.6881 -0.3953 0.6085
vn 0.6875 -0.3961 0.6086
vn 0.6883 -0.3954 0.6082
vn -0.6683 0.4263 0.6096
vn -0.6698 0.4249 0.6090
vn -0.6687 0.4265 0.6090
vn -0.6702 0.4252 0.6084
vn -0.6694 0.4247 0.6096
vn -0.6709 0.4232 0.6089
vn -0.6713 0.4235 0.6083
vn -0.6683 -0.4263 0.6096
vn -0.6698 -0.4249 0.6090
vn -0.6694 -0.4247 0.6096
vn -0.6709 -0.4232 0.6089
vn -0.6687 -0.4265 0.6091
vn -0.6702 -0.4252 0.6084
vn -0.6713 -0.4235 0.6083
vn 0.6683 0.4263 0.6096
vn 0.6698 0.4249 0.6090
vn 0.6694 0.4247 0.6096
vn 0.6709 0.4232 0.6089
vn 0.6687 0.4265 0.6091
vn 0.6702 0.4252 0.6084
vn 0.6713 0.4235 0.6083
vn 0.6683 -0.4263 0.6096
vn 0.6698 -0.4249 0.6090
vn 0.6687 -0.4265 0.6090
vn 0.6702 -0.4252 0.6084
vn 0.6694 -0.4247 0.6096
vn 0.6709 -0.4232 0.6089
vn 0.6713 -0.4235 0.6083
vn -0.6530 0.4495 0.6095
vn -0.6529 0.4495 0.6096
vn -0.6530 0.4495 0.6096
vn -0.6530 0.4496 0.6095
vn -0.6529 0.4496 0.6096
vn -0.6528 0.4496 0.6096
vn -0.6530 -0.4495 0.6095
vn -0.6529 -0.4495 0.6096
vn -0.6530 -0.4496 0.6095
vn -0.6529 -0.4496 0.6096
vn -0.6530 -0.4495 0.6096
vn -0.6528 -0.4496 0.6096
vn 0.6530 0.4495 0.6095
vn 0.6529 0.4495 0.6096
vn 0.6530 0.4496 0.6095
vn 0.6529 0.4496 0.6096
vn 0.6530 0.4495 0.6096
vn 0.6528 0.4496 0.6096
vn 0.6530 -0.4495 0.6095
vn 0.6529 -0.4495 0.6096
vn 0.6530 -0.4495 0.6096
vn 0.6530 -0.4496 0.6095
vn 0.6529 -0.4496 0.6096
vn 0.6528 -0.4496 0.6096
vn -0.6406 0.4658 0.6105
vn -0.6394 0.4667 0.6110
vn -0.6403 0.4655 0.6110
vn -0.6391 0.4665 0.6115
vn -0.6397 0.4669 0.6106
vn -0.6384 0.4679 0.6111
vn -0.6381 0.4677 0.6116
vn -0.6406 -0.4658 0.6105
vn -0.6394 -0.4667 0.6110
vn -0.6397 -0.4669 0.6106
vn -0.6384 -0.4679 0.6111
vn -0.6403 -0.4655 0.6110
vn -0.6391 -0.4665 0.6115
vn -0.6381 -0.4677 0.6116
vn 0.6406 0.4658 0.6105
vn 0.6394 0.4667 0.6110
vn 0.6397 0.4669 0.6106
vn 0.6384 0.4679 0.6111
vn 0.6403 0.4655 0.6110
vn 0.6391 0.4665 0.6115
vn 0.6381 0.4677 0.6116
vn 0.6406 -0.4658 0.6105
vn 0.6394 -0.4667 0.6110
vn 0.6403 -0.4655 0.6110
vn 0.6391 -0.4665 0.6115
vn 0.6397 -0.4669 0.6106
vn 0.6384 -0.4679 0.6111
vn 0.6381 -0.4677 0.6116
vn -0.6262 0.4823 0.6126
vn -0.6123 0.4923 0.6186
vn -0.6231 0.4797 0.6178
vn -0.6091 0.4895 0.6240
vn -0.6155 0.4951 0.6133
vn -0.6009 0.5054 0.6193
vn -0.5977 0.5025 0.6247
vn -0.6262 -0.4823 0.6126
vn -0.6123 -0.4923 0.6186
vn -0.6155 -0.4951 0.6133
vn -0.6009 -0.5054 0.6193
vn -0.6231 -0.4797 0.6178
vn -0.6091 -0.4895 0.6240
vn -0.5977 -0.5025 0.6247
vn 0.6262 0.4823 0.6126
vn 0.6123 0.4923 0.6186
vn 0.6155 0.4951 0.6133
vn 0.6009 0.5054 0.6193
vn 0.6231 0.4797 0.6178
vn 0.6091 0.4895 0.6240
vn 0.5977 0.5025 0.6247
vn 0.6262 -0.4823 0.6126
vn 0.6123 -0.4923 0.6186
vn 0.6231 -0.4797 0.6178
vn 0.6091 -0.4895 0.6240
vn 0.6155 -0.4951 0.6133
vn 0.6009 -0.5054 0.6193
vn 0.5977 -0.5025 0.6247
vn -0.6000 0.4999 0.6246
vn -0.5618 0.5247 0.6396
vn -0.5910 0.4920 0.6392
vn -0.5540 0.5168 0.6528
vn -0.5697 0.5328 0.6257
vn -0.5345 0.5533 0.6389
vn -0.5277 0.5452 0.6514
vn -0.6001 -0.4999 0.6246
vn -0.5618 -0.5247 0.6396
vn -0.5697 -0.5328 0.6257
vn -0.5345 -0.5533 0.6389
vn -0.5910 -0.4920 0.6392
vn -0.5540 -0.5168 0.6528
vn -0.5277 -0.5452 0.6514
vn 0.6001 0.4999 0.6246
vn 0.5618 0.5247 0.6396
vn 0.5697 0.5328 0.6257
vn 0.5345 0.5533 0.6389
vn 0.5910 0.4920 0.6392
vn 0.5540 0.5168 0.6528
vn 0.5277 0.5452 0.6514
vn 0.6000 -0.4999 0.6246
vn 0.5618 -0.5247 0.6396
vn 0.5910 -0.4920 0.6392
vn 0.5540 -0.5168 0.6528
vn 0.5697 -0.5328 0.6257
vn 0.5345 -0.5533 0.6389
vn 0.5277 -0.5452 0.6514
vn -0.5361 0.5363 0.6520
vn -0.5276 0.5416 0.6545
vn -0.5339 0.5346 0.6551
vn -0.5258 0.5399 0.6572
vn -0.5294 0.5434 0.6515
vn -0.5218 0.5478 0.6539
vn -0.5275 0.5416 0.6545
vn -0.5203 0.5460 0.6566
vn -0.5361 -0.5363 0.6520
vn -0.5276 -0.5416 0.6545
vn -0.5294 -0.5434 0.6515
vn -0.5218 -0.5478 0.6539
vn -0.5339 -0.5346 0.6551
vn -0.5258 -0.5399 0.6572
vn -0.5275 -0.5416 0.6545
vn -0.5203 -0.5460 0.6566
vn 0.5361 0.5363 0.6520
vn 0.5276 0.5416 0.6545
vn 0.5294 0.5434 0.6515
vn 0.5218 0.5478 0.6539
vn 0.5339 0.5346 0.6551
vn 0.5258 0.5399 0.6572
vn 0.5275 0.5416 0.6545
vn 0.5203 0.5460 0.6566
vn 0.5361 -0.5363 0.6520
vn 0.5276 -0.5416 0.6545
vn 0.5339 -0.5346 0.6551
vn 0.5258 -0.5399 0.6572
vn 0.5294 -0.5434 0.6515
vn 0.5218 -0.5478 0.6539
vn 0.5275 -0.5416 0.6545
vn 0.5203 -0.5460 0.6566
vn -0.5027 0.5652 0.6541
vn -0.5127 0.5590 0.6517
vn -0.5050 0.5673 0.6505
vn -0.5148 0.5611 0.6482
vn -0.5105 0.5568 0.6553
vn -0.5201 0.5509 0.6527
vn -0.5221 0.5531 0.6493
vn -0.5027 -0.5652 0.6541
vn -0.5127 -0.5590 0.6517
vn -0.5105 -0.5568 0.6553
vn -0.5201 -0.5509 0.6527
vn -0.5050 -0.5673 0.6505
vn -0.5148 -0.5611 0.6482
vn -0.5221 -0.5531 0.6493
vn 0.5027 0.5652 0.6541
vn 0.5127 0.5590 0.6517
vn 0.5105 0.5568 0.6553
vn 0.5201 0.5509 0.6527
vn 0.5050 0.5673 0.6505
vn 0.5148 0.5611 0.6482
vn 0.5221 0.5531 0.6493
vn 0.5027 -0.5652 0.6541
vn 0.5127 -0.5590 0.6517
vn 0.5050 -0.5673 0.6505
vn 0.5148 -0.5611 0.6482
vn 0.5105 -0.5568 0.6553
vn 0.5201 -0.5509 0.6527
vn 0.5221 -0.5531 0.6493
vn -0.4897 0.5878 0.6439
vn -0.5065 0.5786 0.6392
vn -0.4934 0.5920 0.6373
vn -0.5101 0.5831 0.6323
vn -0.5029 0.5740 0.6463
vn -0.5211 0.5635 0.6411
vn -0.5245 0.5684 0.6338
vn -0.4897 -0.5878 0.6439
vn -0.5065 -0.5786 0.6392
vn -0.5029 -0.5740 0.6463
vn -0.5211 -0.5635 0.6411
vn -0.4934 -0.5920 0.6373
vn -0.5101 -0.5831 0.6323
vn -0.5245 -0.5684 0.6338
vn 0.4897 0.5878 0.6439
vn 0.5065 0.5786 0.6392
vn 0.5029 0.5740 0.6463
vn 0.5211 0.5635 0.6411
vn 0.4934 0.5920 0.6373
vn 0.5101 0.5831 0.6323
vn 0.5245 0.5684 0.6338
vn 0.4897 -0.5878 0.6439
vn 0.5065 -0.5786 0.6392
vn 0.4934 -0.5920 0.6373
vn 0.5101 -0.5831 0.6323
vn 0.5029 -0.5740 0.6463
vn 0.5211 -0.5635 0.6411
vn 0.5245 -0.5684 0.6338
vn -0.5080 0.5851 0.6321
vn -0.5194 0.5778 0.6296
vn -0.5097 0.5880 0.6280
vn -0.5206 0.5805 0.6260
vn -0.5181 0.5750 0.6332
vn -0.5269 0.5697 0.6307
vn -0.5194 0.5778 0.6295
vn -0.5279 0.5723 0.6275
vn -0.5080 -0.5851 0.6321
vn -0.5194 -0.5778 0.6295
vn -0.5181 -0.5750 0.6332
vn -0.5269 -0.5697 0.6307
vn -0.5097 -0.5880 0.6280
vn -0.5206 -0.5805 0.6260
vn -0.5279 -0.5723 0.6275
vn 0.5080 0.5851 0.6321
vn 0.5194 0.5778 0.6295
vn 0.5181 0.5750 0.6332
vn 0.5269 0.5697 0.6307
vn 0.5097 0.5880 0.6280
vn 0.5206 0.5805 0.6260
vn 0.5279 0.5723 0.6275
vn 0.5080 -0.5851 0.6321
vn 0.5194 -0.5778 0.6296
vn 0.5097 -0.5880 0.6280
vn 0.5206 -0.5805 0.6260
vn 0.5181 -0.5750 0.6332
vn 0.5269 -0.5697 0.6307
vn 0.5194 -0.5778 0.6295
vn 0.5279 -0.5723 0.6275
vn -0.5072 0.5954 0.6231
vn -0.5197 0.5881 0.6197
vn -0.5090 0.6000 0.6172
vn -0.5211 0.5927 0.6142
vn -0.5182 0.5833 0.6255
vn -0.5298 0.5766 0.6220
vn -0.5310 0.5814 0.6165
vn -0.5072 -0.5954 0.6231
vn -0.5197 -0.5881 0.6197
vn -0.5182 -0.5833 0.6255
vn -0.5298 -0.5766 0.6220
vn -0.5090 -0.6000 0.6172
vn -0.5211 -0.5927 0.6142
vn -0.5310 -0.5814 0.6165
vn 0.5072 0.5954 0.6231
vn 0.5197 0.5881 0.6197
vn 0.5182 0.5833 0.6255
vn 0.5298 0.5766 0.6220
vn 0.5090 0.6000 0.6172
vn 0.5211 0.5927 0.6142
vn 0.5310 0.5814 0.6165
vn 0.5072 -0.5954 0.6231
vn 0.5197 -0.5881 0.6197
vn 0.5090 -0.6000 0.6172
vn 0.5211 -0.5927 0.6142
vn 0.5182 -0.5833 0.6255
vn 0.5298 -0.5766 0.6220
vn 0.5310 -0.5814 0.6165
vn -0.5252 0.5880 0.6151
vn -0.5305 0.5848 0.6136
vn -0.5251 0.5917 0.6117
vn -0.5308 0.5878 0.6106
vn -0.5303 0.5821 0.6163
vn -0.5342 0.5801 0.6149
vn -0.5346 0.5824 0.6124
vn -0.5252 -0.5880 0.6151
vn -0.5305 -0.5848 0.6136
vn -0.5303 -0.5821 0.6163
vn -0.5342 -0.5801 0.6149
vn -0.5251 -0.5917 0.6117
vn -0.5308 -0.5878 0.6106
vn -0.5346 -0.5824 0.6124
vn 0.5252 0.5880 0.6151
vn 0.5305 0.5848 0.6136
vn 0.5303 0.5821 0.6163
vn 0.5342 0.5801 0.6149
vn 0.5251 0.5917 0.6117
vn 0.5308 0.5878 0.6106
vn 0.5346 0.5824 0.6124
vn 0.5252 -0.5880 0.6151
vn 0.5305 -0.5848 0.6136
vn 0.5251 -0.5917 0.6117
vn 0.5308 -0.5878 0.6106
vn 0.5303 -0.5821 0.6163
vn 0.5342 -0.5801 0.6149
vn 0.5346 -0.5824 0.6124
vn -0.4401 0.6105 -0.6585
vn -0.4401 0.6104 -0.6586
vn -0.4400 0.6105 -0.6585
vn -0.4400 0.6104 -0.6586
vn -0.4400 0.6105 -0.6586
vn -0.4400 0.6104 -0.6587
vn -0.4401 -0.6105 -0.6585
vn -0.4401 -0.6104 -0.6586
vn -0.4400 -0.6105 -0.6585
vn -0.4400 -0.6104 -0.6586
vn -0.4400 -0.6105 -0.6586
vn -0.4400 -0.6104 -0.6587
vn 0.4401 0.6105 -0.6585
vn 0.4401 0.6104 -0.6586
vn 0.4400 0.6105 -0.6585
vn 0.4400 0.6104 -0.6586
vn 0.4400 0.6105 -0.6586
vn 0.4400 0.6104 -0.6587
vn 0.4401 -0.6105 -0.6585
vn 0.4401 -0.6104 -0.6586
vn 0.4400 -0.6105 -0.6585
vn 0.4400 -0.6104 -0.6586
vn 0.4400 -0.6105 -0.6586
vn 0.4400 -0.6104 -0.6587
vn -0.4899 0.6114 -0.6214
vn -0.4899 0.6115 -0.6214
vn -0.4899 0.6115 -0.6213
vn -0.4898 0.6115 -0.6214
vn -0.4899 -0.6114 -0.6214
vn -0.4899 -0.6115 -0.6214
vn -0.4898 -0.6115 -0.6214
vn -0.4899 -0.6115 -0.6213
vn 0.4899 0.6114 -0.6214
vn 0.4899 0.6115 -0.6214
vn 0.4898 0.6115 -0.6214
vn 0.4899 0.6115 -0.6213
vn 0.4899 -0.6114 -0.6214
vn 0.4899 -0.6115 -0.6214
vn 0.4899 -0.6115 -0.6213
vn 0.4898 -0.6115 -0.6214
vn -0.5364 0.6127 -0.5804
vn -0.5365 0.6126 -0.5804
vn -0.5365 0.6127 -0.5804
vn -0.5364 -0.6127 -0.5804
vn -0.5365 -0.6126 -0.5804
vn -0.5365 -0.6127 -0.5804
vn 0.5364 0.6127 -0.5804
vn 0.5365 0.6126 -0.5804
vn 0.5365 0.6127 -0.5804
vn 0.5364 -0.6127 -0.5804
vn 0.5365 -0.6126 -0.5804
vn 0.5365 -0.6127 -0.5804
vn -0.5797 0.6140 -0.5357
vn -0.5797 0.6139 -0.5358
vn -0.5796 0.6140 -0.5358
vn -0.5796 0.6139 -0.5359
vn -0.5797 0.6138 -0.5359
vn -0.5797 -0.6140 -0.5357
vn -0.5797 -0.6139 -0.5358
vn -0.5797 -0.6138 -0.5359
vn -0.5796 -0.6140 -0.5358
vn -0.5796 -0.6139 -0.5359
vn 0.5797 0.6140 -0.5357
vn 0.5797 0.6139 -0.5358
vn 0.5797 0.6138 -0.5359
vn 0.5796 0.6140 -0.5358
vn 0.5796 0.6139 -0.5359
vn 0.5797 -0.6140 -0.5357
vn 0.5797 -0.6139 -0.5358
vn 0.5796 -0.6140 -0.5358
vn 0.5796 -0.6139 -0.5359
vn 0.5797 -0.6138 -0.5359
vn -0.6191 0.6152 -0.4881
vn -0.6192 0.6152 -0.4881
vn -0.6191 -0.6152 -0.4881
vn 0.6191 0.6152 -0.4881
vn 0.6191 -0.6152 -0.4881
vn 0.6192 -0.6152 -0.4881
vn -0.6546 0.6166 -0.4374
vn -0.6546 0.6166 -0.4373
vn -0.6546 -0.6166 -0.4374
vn -0.6546 -0.6166 -0.4373
vn 0.6546 0.6166 -0.4374
vn 0.6546 0.6166 -0.4373
vn 0.6546 -0.6166 -0.4374
vn 0.6546 -0.6166 -0.4373
vn -0.6858 0.6181 -0.3841
vn -0.6858 -0.6181 -0.3841
vn 0.6858 0.6181 -0.3841
vn 0.6858 -0.6181 -0.3841
vn -0.7128 0.6197 -0.3286
vn -0.7128 -0.6197 -0.3286
vn 0.7128 0.6197 -0.3286
vn 0.7128 -0.6197 -0.3286
vn -0.7352 0.6213 -0.2712
vn -0.7352 -0.6213 -0.2712
vn 0.7352 0.6213 -0.2712
vn 0.7352 -0.6213 -0.2712
vn -0.7482 0.6227 -0.2290
vn -0.7455 0.6292 -0.2197
vn -0.7505 0.6228 -0.2210
vn -0.7477 0.6296 -0.2109
vn -0.7434 0.6289 -0.2278
vn -0.7403 0.6358 -0.2184
vn -0.7424 0.6364 -0.2094
vn -0.7482 -0.6227 -0.2290
vn -0.7455 -0.6292 -0.2197
vn -0.7434 -0.6289 -0.2278
vn -0.7403 -0.6358 -0.2184
vn -0.7505 -0.6228 -0.2210
vn -0.7477 -0.6296 -0.2109
vn -0.7424 -0.6364 -0.2094
vn 0.7482 0.6227 -0.2290
vn 0.7455 0.6292 -0.2197
vn 0.7434 0.6289 -0.2278
vn 0.7403 0.6358 -0.2184
vn 0.7505 0.6228 -0.2210
vn 0.7477 0.6296 -0.2109
vn 0.7424 0.6364 -0.2094
vn 0.7482 -0.6227 -0.2290
vn 0.7455 -0.6292 -0.2197
vn 0.7505 -0.6228 -0.2210
vn 0.7477 -0.6296 -0.2109
vn 0.7434 -0.6289 -0.2278
vn 0.7403 -0.6358 -0.2184
vn 0.7424 -0.6364 -0.2094
vn -0.3873 0.6096 -0.6917
vn -0.3873 0.6096 -0.6916
vn -0.3874 0.6096 -0.6916
vn -0.3873 -0.6096 -0.6917
vn -0.3873 -0.6096 -0.6916
vn -0.3874 -0.6096 -0.6916
vn 0.3873 0.6096 -0.6917
vn 0.3873 0.6096 -0.6916
vn 0.3874 0.6096 -0.6916
vn 0.3873 -0.6096 -0.6917
vn 0.3873 -0.6096 -0.6916
vn 0.3874 -0.6096 -0.6916
vn -0.3321 0.6087 -0.7205
vn -0.3322 0.6087 -0.7205
vn -0.3321 0.6088 -0.7205
vn -0.3321 -0.6087 -0.7205
vn -0.3322 -0.6087 -0.7205
vn -0.3321 -0.6088 -0.7205
vn 0.3321 0.6087 -0.7205
vn 0.3322 0.6087 -0.7205
vn 0.3321 0.6088 -0.7205
vn 0.3321 -0.6087 -0.7205
vn 0.3322 -0.6087 -0.7205
vn 0.3321 -0.6088 -0.7205
vn -0.2748 0.6080 -0.7448
vn -0.2747 0.6080 -0.7449
vn -0.2748 0.6080 -0.7449
vn -0.2748 -0.6080 -0.7448
vn -0.2748 -0.6080 -0.7449
vn -0.2747 -0.6080 -0.7448
vn 0.2748 0.6080 -0.7448
vn 0.2748 0.6080 -0.7449
vn 0.2747 0.6080 -0.7448
vn 0.2748 -0.6080 -0.7448
vn 0.2747 -0.6080 -0.7449
vn 0.2748 -0.6080 -0.7449
vn -0.2156 0.6074 -0.7646
vn -0.2157 0.6074 -0.7645
vn -0.2157 0.6074 -0.7646
vn -0.2156 0.6074 -0.7645
vn -0.2157 0.6075 -0.7645
vn -0.2156 -0.6074 -0.7646
vn -0.2157 -0.6074 -0.7645
vn -0.2156 -0.6074 -0.7645
vn -0.2157 -0.6075 -0.7645
vn -0.2157 -0.6074 -0.7646
vn 0.2156 0.6074 -0.7646
vn 0.2157 0.6074 -0.7645
vn 0.2156 0.6074 -0.7645
vn 0.2157 0.6075 -0.7645
vn 0.2157 0.6074 -0.7646
vn 0.2156 -0.6074 -0.7646
vn 0.2157 -0.6074 -0.7645
vn 0.2157 -0.6074 -0.7646
vn 0.2156 -0.6074 -0.7645
vn 0.2157 -0.6075 -0.7645
vn -0.1552 0.6071 -0.7794
vn -0.1551 0.6070 -0.7794
vn -0.1551 0.6071 -0.7794
vn -0.1550 0.6070 -0.7794
vn -0.1552 0.6070 -0.7794
vn -0.1552 -0.6071 -0.7794
vn -0.1551 -0.6070 -0.7794
vn -0.1552 -0.6070 -0.7794
vn -0.1551 -0.6071 -0.7794
vn -0.1550 -0.6070 -0.7794
vn 0.1552 0.6071 -0.7794
vn 0.1551 0.6070 -0.7794
vn 0.1552 0.6070 -0.7794
vn 0.1551 0.6071 -0.7794
vn 0.1550 0.6070 -0.7794
vn 0.1552 -0.6071 -0.7794
vn 0.1551 -0.6070 -0.7794
vn 0.1551 -0.6071 -0.7794
vn 0.1550 -0.6070 -0.7794
vn 0.1552 -0.6070 -0.7794
vn -0.0933 0.6067 -0.7894
vn -0.0933 0.6068 -0.7894
vn -0.0934 0.6068 -0.7894
vn -0.0933 -0.6067 -0.7894
vn -0.0933 -0.6068 -0.7894
vn -0.0934 -0.6068 -0.7894
vn 0.0933 0.6067 -0.7894
vn 0.0933 0.6068 -0.7894
vn 0.0934 0.6068 -0.7894
vn 0.0933 -0.6067 -0.7894
vn 0.0933 -0.6068 -0.7894
vn 0.0934 -0.6068 -0.7894
vn -0.0312 0.6066 -0.7944
vn -0.0312 0.6067 -0.7944
vn -0.0311 0.6066 -0.7944
vn -0.0312 -0.6066 -0.7944
vn -0.0312 -0.6067 -0.7944
vn -0.0311 -0.6066 -0.7944
vn 0.0312 0.6066 -0.7944
vn 0.0312 0.6067 -0.7944
vn 0.0311 0.6066 -0.7944
vn 0.0312 -0.6066 -0.7944
vn 0.0312 -0.6067 -0.7944
vn 0.0311 -0.6066 -0.7944
vn -0.9382 -0.0000 -0.3461
vn 0.9382 -0.0000 -0.3461
vn -0.9081 -0.0000 -0.4187
vn 0.9081 -0.0000 -0.4187
vn -0.8725 -0.0000 -0.4887
vn 0.8725 -0.0000 -0.4887
vn -0.8315 -0.0000 -0.5556
vn 0.8315 -0.0000 -0.5556
vn -0.7853 -0.0000 -0.6191
vn 0.7853 -0.0000 -0.6191
vn -0.7344 -0.0000 -0.6787
vn 0.7344 -0.0000 -0.6787
vn -0.6787 -0.0000 -0.7344
vn 0.6787 -0.0000 -0.7344
vn -0.6191 -0.0000 -0.7853
vn 0.6191 -0.0000 -0.7853
vn -0.5557 -0.0000 -0.8314
vn 0.5557 -0.0000 -0.8314
vn -0.4886 -0.0000 -0.8725
vn 0.4886 -0.0000 -0.8725
vn -0.4186 -0.0000 -0.9082
vn 0.4186 -0.0000 -0.9082
vn -0.3461 -0.0000 -0.9382
vn 0.3461 -0.0000 -0.9382
vn -0.2714 -0.0000 -0.9625
vn 0.2714 -0.0000 -0.9625
vn -0.1953 -0.0000 -0.9808
vn 0.1953 -0.0000 -0.9808
vn -0.1174 -0.0000 -0.9931
vn 0.1174 -0.0000 -0.9931
vn -0.0393 -0.0000 -0.9992
vn 0.0393 -0.0000 -0.9992
vn -0.5310 0.2968 0.7937
vn -0.5380 0.2356 0.8094
vn -0.5360 0.2819 0.7958
vn -0.5402 0.2326 0.8087
vn -0.5352 0.2394 0.8101
vn -0.5386 0.2104 0.8159
vn -0.5403 0.2102 0.8148
vn -0.5310 -0.2968 0.7937
vn -0.5380 -0.2356 0.8094
vn -0.5352 -0.2394 0.8101
vn -0.5386 -0.2104 0.8159
vn -0.5360 -0.2819 0.7958
vn -0.5402 -0.2326 0.8087
vn -0.5403 -0.2102 0.8148
vn 0.5310 0.2968 0.7937
vn 0.5380 0.2356 0.8094
vn 0.5352 0.2394 0.8101
vn 0.5386 0.2104 0.8159
vn 0.5360 0.2819 0.7958
vn 0.5402 0.2326 0.8087
vn 0.5403 0.2102 0.8148
vn 0.5310 -0.2968 0.7937
vn 0.5380 -0.2356 0.8094
vn 0.5360 -0.2819 0.7958
vn 0.5402 -0.2326 0.8087
vn 0.5352 -0.2394 0.8101
vn 0.5386 -0.2104 0.8159
vn 0.5403 -0.2102 0.8148
vn -0.5362 0.1889 0.8227
vn -0.5371 0.1819 0.8237
vn -0.5369 0.1870 0.8227
vn -0.5374 0.1814 0.8236
vn -0.5367 0.1824 0.8238
vn -0.5372 0.1788 0.8243
vn -0.5375 0.1787 0.8241
vn -0.5362 -0.1889 0.8227
vn -0.5371 -0.1819 0.8237
vn -0.5367 -0.1824 0.8238
vn -0.5372 -0.1788 0.8243
vn -0.5369 -0.1870 0.8227
vn -0.5374 -0.1814 0.8236
vn -0.5375 -0.1787 0.8241
vn 0.5362 0.1889 0.8227
vn 0.5371 0.1819 0.8237
vn 0.5367 0.1824 0.8238
vn 0.5372 0.1788 0.8243
vn 0.5369 0.1870 0.8227
vn 0.5374 0.1814 0.8236
vn 0.5375 0.1787 0.8241
vn 0.5362 -0.1889 0.8227
vn 0.5371 -0.1819 0.8237
vn 0.5369 -0.1870 0.8227
vn 0.5374 -0.1814 0.8236
vn 0.5367 -0.1824 0.8238
vn 0.5372 -0.1788 0.8243
vn 0.5375 -0.1787 0.8241
vn -0.5048 0.2298 0.8321
vn -0.5274 0.1516 0.8360
vn -0.5270 0.1851 0.8295
vn -0.5368 0.1404 0.8319
vn -0.5049 0.1775 0.8447
vn -0.5271 0.1151 0.8420
vn -0.5368 0.1143 0.8359
vn -0.5048 -0.2298 0.8321
vn -0.5274 -0.1516 0.8360
vn -0.5049 -0.1775 0.8447
vn -0.5271 -0.1151 0.8420
vn -0.5270 -0.1851 0.8295
vn -0.5368 -0.1404 0.8319
vn -0.5368 -0.1143 0.8359
vn 0.5048 0.2298 0.8321
vn 0.5274 0.1516 0.8360
vn 0.5049 0.1775 0.8447
vn 0.5271 0.1151 0.8420
vn 0.5270 0.1851 0.8295
vn 0.5368 0.1404 0.8319
vn 0.5368 0.1143 0.8359
vn 0.5048 -0.2298 0.8321
vn 0.5274 -0.1516 0.8360
vn 0.5270 -0.1851 0.8295
vn 0.5368 -0.1404 0.8319
vn 0.5049 -0.1775 0.8447
vn 0.5271 -0.1151 0.8420
vn 0.5368 -0.1143 0.8359
vn -0.5404 0.7462 0.3887
vn -0.5405 0.7462 0.3887
vn -0.5404 -0.7462 0.3887
vn -0.5405 -0.7462 0.3887
vn 0.5404 0.7462 0.3887
vn 0.5405 0.7462 0.3887
vn 0.5404 -0.7462 0.3887
vn 0.5405 -0.7462 0.3887
vn -0.6536 0.7341 -0.1843
vn -0.6536 -0.7341 -0.1843
vn 0.6536 0.7341 -0.1843
vn 0.6536 -0.7341 -0.1843
vn -0.5891 0.0037 0.8080
vn -0.5892 0.0038 0.8080
vn -0.5891 0.0038 0.8080
vn -0.5892 0.0037 0.8080
vn -0.5891 -0.0037 0.8080
vn -0.5892 -0.0038 0.8080
vn -0.5892 -0.0037 0.8080
vn -0.5891 -0.0038 0.8080
vn 0.5891 0.0037 0.8080
vn 0.5892 0.0038 0.8080
vn 0.5892 0.0037 0.8080
vn 0.5891 0.0038 0.8080
vn 0.5891 -0.0037 0.8080
vn 0.5892 -0.0038 0.8080
vn 0.5891 -0.0038 0.8080
vn 0.5892 -0.0037 0.8080
vn -0.5892 0.0038 0.8079
vn -0.5892 0.0037 0.8079
vn -0.5893 0.0038 0.8079
vn -0.5892 -0.0038 0.8079
vn -0.5892 -0.0037 0.8079
vn -0.5893 -0.0038 0.8079
vn 0.5892 0.0038 0.8079
vn 0.5892 0.0037 0.8079
vn 0.5893 0.0038 0.8079
vn 0.5892 -0.0038 0.8079
vn 0.5892 -0.0037 0.8079
vn 0.5893 -0.0038 0.8079
vn -0.5893 0.0037 0.8079
vn -0.5893 -0.0037 0.8079
vn 0.5893 0.0037 0.8079
vn 0.5893 -0.0037 0.8079
vn -0.5894 0.0038 0.8079
vn -0.5894 0.0037 0.8079
vn -0.5894 0.0038 0.8078
vn -0.5894 -0.0038 0.8079
vn -0.5894 -0.0037 0.8079
vn -0.5894 -0.0038 0.8078
vn 0.5894 0.0038 0.8079
vn 0.5894 0.0037 0.8079
vn 0.5894 0.0038 0.8078
vn 0.5894 -0.0038 0.8079
vn 0.5894 -0.0037 0.8079
vn 0.5894 -0.0038 0.8078
vn -0.5894 0.0037 0.8078
vn -0.5895 0.0038 0.8078
vn -0.5894 -0.0037 0.8078
vn -0.5895 -0.0038 0.8078
vn 0.5894 0.0037 0.8078
vn 0.5895 0.0038 0.8078
vn 0.5894 -0.0037 0.8078
vn 0.5895 -0.0038 0.8078
vn -0.5892 0.0039 0.8080
vn -0.5891 0.0039 0.8080
vn -0.5892 0.0040 0.8080
vn -0.5892 -0.0039 0.8080
vn -0.5891 -0.0039 0.8080
vn -0.5892 -0.0040 0.8080
vn 0.5892 0.0039 0.8080
vn 0.5891 0.0039 0.8080
vn 0.5892 0.0040 0.8080
vn 0.5892 -0.0039 0.8080
vn 0.5891 -0.0039 0.8080
vn 0.5892 -0.0040 0.8080
vn -0.5891 0.0040 0.8080
vn -0.5892 0.0041 0.8080
vn -0.5891 0.0041 0.8080
vn -0.5891 -0.0040 0.8080
vn -0.5892 -0.0041 0.8080
vn -0.5891 -0.0041 0.8080
vn 0.5891 0.0040 0.8080
vn 0.5892 0.0041 0.8080
vn 0.5891 0.0041 0.8080
vn 0.5891 -0.0040 0.8080
vn 0.5892 -0.0041 0.8080
vn 0.5891 -0.0041 0.8080
vn -0.5892 0.0042 0.8080
vn -0.5891 0.0042 0.8080
vn -0.5892 0.0043 0.8080
vn -0.5892 -0.0042 0.8080
vn -0.5891 -0.0042 0.8080
vn -0.5892 -0.0043 0.8080
vn 0.5892 0.0042 0.8080
vn 0.5891 0.0042 0.8080
vn 0.5892 0.0043 0.8080
vn 0.5892 -0.0042 0.8080
vn 0.5891 -0.0042 0.8080
vn 0.5892 -0.0043 0.8080
vn -0.5891 0.0043 0.8080
vn -0.5892 0.0044 0.8080
vn -0.5891 -0.0043 0.8080
vn -0.5892 -0.0044 0.8080
vn 0.5891 0.0043 0.8080
vn 0.5892 0.0044 0.8080
vn 0.5891 -0.0043 0.8080
vn 0.5892 -0.0044 0.8080
vn -0.5892 0.0039 0.8079
vn -0.5892 0.0040 0.8079
vn -0.5893 0.0039 0.8079
vn -0.5893 0.0040 0.8079
vn -0.5892 -0.0039 0.8079
vn -0.5893 -0.0039 0.8079
vn -0.5892 -0.0040 0.8079
vn -0.5893 -0.0040 0.8079
vn 0.5892 0.0039 0.8079
vn 0.5893 0.0039 0.8079
vn 0.5892 0.0040 0.8079
vn 0.5893 0.0040 0.8079
vn 0.5892 -0.0039 0.8079
vn 0.5892 -0.0040 0.8079
vn 0.5893 -0.0039 0.8079
vn 0.5893 -0.0040 0.8079
vn -0.5892 0.0041 0.8079
vn -0.5893 0.0041 0.8079
vn -0.5892 -0.0041 0.8079
vn -0.5893 -0.0041 0.8079
vn 0.5892 0.0041 0.8079
vn 0.5893 0.0041 0.8079
vn 0.5892 -0.0041 0.8079
vn 0.5893 -0.0041 0.8079
vn -0.5892 0.0042 0.8079
vn -0.5892 0.0043 0.8079
vn -0.5893 0.0042 0.8079
vn -0.5893 0.0043 0.8079
vn -0.5892 -0.0042 0.8079
vn -0.5893 -0.0042 0.8079
vn -0.5892 -0.0043 0.8079
vn -0.5893 -0.0043 0.8079
vn 0.5892 0.0042 0.8079
vn 0.5893 0.0042 0.8079
vn 0.5892 0.0043 0.8079
vn 0.5893 0.0043 0.8079
vn 0.5892 -0.0042 0.8079
vn 0.5892 -0.0043 0.8079
vn 0.5893 -0.0042 0.8079
vn 0.5893 -0.0043 0.8079
vn -0.5892 0.0044 0.8079
vn -0.5893 0.0044 0.8079
vn -0.5892 -0.0044 0.8079
vn -0.5893 -0.0044 0.8079
vn 0.5892 0.0044 0.8079
vn 0.5893 0.0044 0.8079
vn 0.5892 -0.0044 0.8079
vn 0.5893 -0.0044 0.8079
vn -0.5894 0.0039 0.8079
vn -0.5894 0.0040 0.8079
vn -0.5894 0.0039 0.8078
vn -0.5894 0.0040 0.8078
vn -0.5894 -0.0039 0.8079
vn -0.5894 -0.0039 0.8078
vn -0.5894 -0.0040 0.8079
vn -0.5894 -0.0040 0.8078
vn 0.5894 0.0039 0.8079
vn 0.5894 0.0039 0.8078
vn 0.5894 0.0040 0.8079
vn 0.5894 0.0040 0.8078
vn 0.5894 -0.0039 0.8079
vn 0.5894 -0.0040 0.8079
vn 0.5894 -0.0039 0.8078
vn 0.5894 -0.0040 0.8078
vn -0.5894 0.0041 0.8079
vn -0.5894 0.0041 0.8078
vn -0.5894 -0.0041 0.8079
vn -0.5894 -0.0041 0.8078
vn 0.5894 0.0041 0.8079
vn 0.5894 0.0041 0.8078
vn 0.5894 -0.0041 0.8079
vn 0.5894 -0.0041 0.8078
vn -0.5895 0.0039 0.8078
vn -0.5895 0.0040 0.8078
vn -0.5895 -0.0039 0.8078
vn -0.5895 -0.0040 0.8078
vn 0.5895 0.0039 0.8078
vn 0.5895 0.0040 0.8078
vn 0.5895 -0.0039 0.8078
vn 0.5895 -0.0040 0.8078
vn -0.5895 0.0041 0.8078
vn -0.5895 -0.0041 0.8078
vn 0.5895 0.0041 0.8078
vn 0.5895 -0.0041 0.8078
vn -0.5894 0.0042 0.8079
vn -0.5894 0.0043 0.8079
vn -0.5894 0.0042 0.8078
vn -0.5894 0.0043 0.8078
vn -0.5894 -0.0042 0.8079
vn -0.5894 -0.0042 0.8078
vn -0.5894 -0.0043 0.8079
vn -0.5894 -0.0043 0.8078
vn 0.5894 0.0042 0.8079
vn 0.5894 0.0042 0.8078
vn 0.5894 0.0043 0.8079
vn 0.5894 0.0043 0.8078
vn 0.5894 -0.0042 0.8079
vn 0.5894 -0.0043 0.8079
vn 0.5894 -0.0042 0.8078
vn 0.5894 -0.0043 0.8078
vn -0.5894 0.0044 0.8079
vn -0.5894 0.0044 0.8078
vn -0.5894 -0.0044 0.8079
vn -0.5894 -0.0044 0.8078
vn 0.5894 0.0044 0.8079
vn 0.5894 0.0044 0.8078
vn 0.5894 -0.0044 0.8079
vn 0.5894 -0.0044 0.8078
vn -0.5895 0.0042 0.8078
vn -0.5895 0.0043 0.8078
vn -0.5895 -0.0042 0.8078
vn -0.5895 -0.0043 0.8078
vn 0.5895 0.0042 0.8078
vn 0.5895 0.0043 0.8078
vn 0.5895 -0.0042 0.8078
vn 0.5895 -0.0043 0.8078
vn -0.5895 0.0044 0.8078
vn -0.5895 -0.0044 0.8078
vn 0.5895 0.0044 0.8078
vn 0.5895 -0.0044 0.8078
vn -0.5892 0.0045 0.8079
vn -0.5892 0.0045 0.8080
vn -0.5892 0.0046 0.8079
vn -0.5893 0.0045 0.8079
vn -0.5893 0.0046 0.8079
vn -0.5892 -0.0045 0.8079
vn -0.5893 -0.0045 0.8079
vn -0.5892 -0.0045 0.8080
vn -0.5892 -0.0046 0.8079
vn -0.5893 -0.0046 0.8079
vn 0.5892 0.0045 0.8079
vn 0.5893 0.0045 0.8079
vn 0.5892 0.0045 0.8080
vn 0.5892 0.0046 0.8079
vn 0.5893 0.0046 0.8079
vn 0.5892 -0.0045 0.8079
vn 0.5892 -0.0045 0.8080
vn 0.5892 -0.0046 0.8079
vn 0.5893 -0.0045 0.8079
vn 0.5893 -0.0046 0.8079
vn -0.5893 0.0047 0.8079
vn -0.5893 -0.0047 0.8079
vn 0.5893 0.0047 0.8079
vn 0.5893 -0.0047 0.8079
vn -0.5894 0.0045 0.8079
vn -0.5894 0.0046 0.8079
vn -0.5894 0.0045 0.8078
vn -0.5894 0.0046 0.8078
vn -0.5894 -0.0045 0.8079
vn -0.5894 -0.0045 0.8078
vn -0.5894 -0.0046 0.8079
vn -0.5894 -0.0046 0.8078
vn 0.5894 0.0045 0.8079
vn 0.5894 0.0045 0.8078
vn 0.5894 0.0046 0.8079
vn 0.5894 0.0046 0.8078
vn 0.5894 -0.0045 0.8079
vn 0.5894 -0.0046 0.8079
vn 0.5894 -0.0045 0.8078
vn 0.5894 -0.0046 0.8078
vn -0.5894 0.0047 0.8079
vn -0.5894 0.0047 0.8078
vn -0.5894 -0.0047 0.8079
vn -0.5894 -0.0047 0.8078
vn 0.5894 0.0047 0.8079
vn 0.5894 0.0047 0.8078
vn 0.5894 -0.0047 0.8079
vn 0.5894 -0.0047 0.8078
vn -0.5895 0.0045 0.8078
vn -0.5895 0.0046 0.8078
vn -0.5895 -0.0045 0.8078
vn -0.5895 -0.0046 0.8078
vn 0.5895 0.0045 0.8078
vn 0.5895 0.0046 0.8078
vn 0.5895 -0.0045 0.8078
vn 0.5895 -0.0046 0.8078
vn -0.5895 0.0047 0.8078
vn -0.5895 -0.0047 0.8078
vn 0.5895 0.0047 0.8078
vn 0.5895 -0.0047 0.8078
vn -0.5894 0.0048 0.8079
vn -0.5893 0.0048 0.8079
vn -0.5894 0.0049 0.8079
vn -0.5894 0.0048 0.8078
vn -0.5894 0.0049 0.8078
vn -0.5894 -0.0048 0.8079
vn -0.5894 -0.0048 0.8078
vn -0.5893 -0.0048 0.8079
vn -0.5894 -0.0049 0.8079
vn -0.5894 -0.0049 0.8078
vn 0.5894 0.0048 0.8079
vn 0.5894 0.0048 0.8078
vn 0.5893 0.0048 0.8079
vn 0.5894 0.0049 0.8079
vn 0.5894 0.0049 0.8078
vn 0.5894 -0.0048 0.8079
vn 0.5893 -0.0048 0.8079
vn 0.5894 -0.0049 0.8079
vn 0.5894 -0.0048 0.8078
vn 0.5894 -0.0049 0.8078
vn -0.5895 0.0048 0.8078
vn -0.5895 0.0049 0.8078
vn -0.5895 -0.0048 0.8078
vn -0.5895 -0.0049 0.8078
vn 0.5895 0.0048 0.8078
vn 0.5895 0.0049 0.8078
vn 0.5895 -0.0048 0.8078
vn 0.5895 -0.0049 0.8078
vn -0.5819 0.0207 0.8130
vn -0.5824 0.0039 0.8129
vn -0.5749 0.0205 0.8180
vn -0.5890 0.0210 0.8078
vn -0.5812 0.0397 0.8128
vn -0.5737 0.0393 0.8181
vn -0.5819 -0.0207 0.8130
vn -0.5890 -0.0210 0.8078
vn -0.5812 -0.0397 0.8128
vn -0.5824 -0.0039 0.8129
vn -0.5749 -0.0205 0.8180
vn -0.5737 -0.0393 0.8181
vn 0.5819 0.0207 0.8130
vn 0.5890 0.0210 0.8078
vn 0.5812 0.0397 0.8128
vn 0.5824 0.0039 0.8129
vn 0.5749 0.0205 0.8180
vn 0.5737 0.0393 0.8181
vn 0.5819 -0.0207 0.8130
vn 0.5824 -0.0039 0.8129
vn 0.5749 -0.0205 0.8180
vn 0.5890 -0.0210 0.8078
vn 0.5812 -0.0397 0.8128
vn 0.5737 -0.0393 0.8181
vn -0.5887 0.0400 0.8074
vn -0.5940 0.0268 0.8041
vn -0.5927 0.0402 0.8044
vn -0.5990 0.0270 0.8003
vn -0.5889 0.0266 0.8077
vn -0.5958 0.0044 0.8031
vn -0.6026 0.0045 0.7981
vn -0.5887 -0.0400 0.8074
vn -0.5940 -0.0268 0.8041
vn -0.5889 -0.0266 0.8077
vn -0.5958 -0.0044 0.8031
vn -0.5927 -0.0402 0.8044
vn -0.5990 -0.0270 0.8003
vn -0.6026 -0.0045 0.7981
vn 0.5887 0.0400 0.8074
vn 0.5940 0.0268 0.8041
vn 0.5889 0.0266 0.8077
vn 0.5958 0.0044 0.8031
vn 0.5927 0.0402 0.8044
vn 0.5990 0.0270 0.8003
vn 0.6026 0.0045 0.7981
vn 0.5887 -0.0400 0.8074
vn 0.5940 -0.0268 0.8041
vn 0.5927 -0.0402 0.8044
vn 0.5990 -0.0270 0.8003
vn 0.5889 -0.0266 0.8077
vn 0.5958 -0.0044 0.8031
vn 0.6026 -0.0045 0.7981
vn -0.5893 0.0049 0.8079
vn -0.5677 -0.0312 0.8226
vn -0.5889 -0.0368 0.8073
vn -0.5667 -0.0668 0.8212
vn -0.5680 0.0045 0.8230
vn -0.5515 -0.0270 0.8337
vn -0.5508 -0.0582 0.8326
vn -0.5893 -0.0049 0.8079
vn -0.5677 0.0312 0.8226
vn -0.5680 -0.0045 0.8230
vn -0.5515 0.0270 0.8337
vn -0.5889 0.0368 0.8073
vn -0.5667 0.0668 0.8212
vn -0.5508 0.0582 0.8326
vn 0.5893 0.0049 0.8079
vn 0.5677 -0.0312 0.8226
vn 0.5680 0.0045 0.8230
vn 0.5515 -0.0270 0.8337
vn 0.5889 -0.0368 0.8073
vn 0.5667 -0.0668 0.8212
vn 0.5508 -0.0582 0.8326
vn 0.5893 -0.0049 0.8079
vn 0.5677 0.0312 0.8226
vn 0.5889 0.0368 0.8073
vn 0.5667 0.0668 0.8212
vn 0.5680 -0.0045 0.8230
vn 0.5515 0.0270 0.8337
vn 0.5508 0.0582 0.8326
vn -0.5517 0.0042 0.8340
vn -0.5642 0.0325 0.8250
vn -0.5514 0.0327 0.8336
vn -0.5635 0.0604 0.8239
vn -0.5645 0.0044 0.8254
vn -0.5765 0.0323 0.8165
vn -0.5758 0.0598 0.8154
vn -0.5517 -0.0042 0.8340
vn -0.5642 -0.0325 0.8250
vn -0.5645 -0.0044 0.8254
vn -0.5765 -0.0323 0.8165
vn -0.5514 -0.0327 0.8336
vn -0.5635 -0.0604 0.8239
vn -0.5758 -0.0598 0.8154
vn 0.5517 0.0042 0.8340
vn 0.5642 0.0325 0.8250
vn 0.5645 0.0044 0.8254
vn 0.5765 0.0323 0.8165
vn 0.5514 0.0327 0.8336
vn 0.5635 0.0604 0.8239
vn 0.5758 0.0598 0.8154
vn 0.5517 -0.0042 0.8340
vn 0.5642 -0.0325 0.8250
vn 0.5514 -0.0327 0.8336
vn 0.5635 -0.0604 0.8239
vn 0.5645 -0.0044 0.8254
vn 0.5765 -0.0323 0.8165
vn 0.5758 -0.0598 0.8154
vn -0.8026 0.4521 0.3891
vn -0.8119 0.4346 0.3897
vn -0.8126 0.4343 0.3886
vn -0.8239 0.4122 0.3889
vn -0.8017 0.4528 0.3901
vn -0.8112 0.4350 0.3909
vn -0.8119 0.4347 0.3897
vn -0.8234 0.4120 0.3902
vn -0.8026 -0.4521 0.3891
vn -0.8119 -0.4346 0.3897
vn -0.8017 -0.4528 0.3901
vn -0.8112 -0.4350 0.3909
vn -0.8126 -0.4343 0.3886
vn -0.8239 -0.4122 0.3889
vn -0.8234 -0.4120 0.3902
vn 0.8026 0.4521 0.3891
vn 0.8119 0.4346 0.3897
vn 0.8017 0.4528 0.3901
vn 0.8112 0.4350 0.3909
vn 0.8126 0.4343 0.3886
vn 0.8239 0.4122 0.3889
vn 0.8234 0.4120 0.3902
vn 0.8026 -0.4521 0.3891
vn 0.8119 -0.4346 0.3897
vn 0.8126 -0.4343 0.3886
vn 0.8239 -0.4122 0.3889
vn 0.8017 -0.4528 0.3901
vn 0.8112 -0.4350 0.3909
vn 0.8119 -0.4347 0.3897
vn 0.8234 -0.4120 0.3902
vn -0.8211 0.4165 0.3904
vn -0.8230 0.4124 0.3905
vn -0.8232 0.4123 0.3902
vn -0.8257 0.4071 0.3904
vn -0.8208 0.4167 0.3906
vn -0.8228 0.4125 0.3908
vn -0.8256 0.4071 0.3907
vn -0.8211 -0.4165 0.3904
vn -0.8230 -0.4124 0.3905
vn -0.8208 -0.4167 0.3906
vn -0.8228 -0.4125 0.3908
vn -0.8232 -0.4123 0.3902
vn -0.8257 -0.4071 0.3904
vn -0.8256 -0.4071 0.3907
vn 0.8211 0.4165 0.3904
vn 0.8230 0.4124 0.3905
vn 0.8208 0.4167 0.3906
vn 0.8228 0.4125 0.3908
vn 0.8232 0.4123 0.3902
vn 0.8257 0.4071 0.3904
vn 0.8256 0.4071 0.3907
vn 0.8211 -0.4165 0.3904
vn 0.8230 -0.4124 0.3905
vn 0.8232 -0.4123 0.3902
vn 0.8257 -0.4071 0.3904
vn 0.8208 -0.4167 0.3906
vn 0.8228 -0.4125 0.3908
vn 0.8256 -0.4071 0.3907
vn -0.8244 0.4095 0.3908
vn -0.8303 0.3970 0.3912
vn -0.8307 0.3968 0.3905
vn -0.8368 0.3835 0.3908
vn -0.8238 0.4101 0.3915
vn -0.8298 0.3972 0.3920
vn -0.8365 0.3833 0.3916
vn -0.8244 -0.4095 0.3908
vn -0.8303 -0.3970 0.3912
vn -0.8238 -0.4101 0.3915
vn -0.8298 -0.3972 0.3920
vn -0.8307 -0.3968 0.3905
vn -0.8368 -0.3835 0.3908
vn -0.8365 -0.3833 0.3916
vn 0.8244 0.4095 0.3908
vn 0.8303 0.3970 0.3912
vn 0.8238 0.4101 0.3915
vn 0.8298 0.3972 0.3920
vn 0.8307 0.3968 0.3905
vn 0.8368 0.3835 0.3908
vn 0.8365 0.3833 0.3916
vn 0.8244 -0.4095 0.3908
vn 0.8303 -0.3970 0.3912
vn 0.8307 -0.3968 0.3905
vn 0.8368 -0.3835 0.3908
vn 0.8238 -0.4101 0.3915
vn 0.8298 -0.3972 0.3920
vn 0.8365 -0.3833 0.3916
vn -0.8410 0.3738 0.3912
vn -0.8449 0.3644 0.3916
vn -0.8454 0.3641 0.3909
vn -0.8500 0.3528 0.3911
vn -0.8404 0.3743 0.3919
vn -0.8445 0.3646 0.3923
vn -0.8498 0.3526 0.3919
vn -0.8410 -0.3738 0.3912
vn -0.8449 -0.3644 0.3916
vn -0.8404 -0.3743 0.3919
vn -0.8445 -0.3646 0.3923
vn -0.8454 -0.3641 0.3909
vn -0.8500 -0.3528 0.3911
vn -0.8498 -0.3526 0.3919
vn 0.8410 0.3738 0.3912
vn 0.8449 0.3644 0.3916
vn 0.8404 0.3743 0.3919
vn 0.8445 0.3646 0.3923
vn 0.8454 0.3641 0.3909
vn 0.8500 0.3528 0.3911
vn 0.8498 0.3526 0.3919
vn 0.8410 -0.3738 0.3912
vn 0.8449 -0.3644 0.3916
vn 0.8454 -0.3641 0.3909
vn 0.8500 -0.3528 0.3911
vn 0.8404 -0.3743 0.3919
vn 0.8445 -0.3646 0.3923
vn 0.8498 -0.3526 0.3919
vn -0.8606 0.3265 0.3908
vn -0.8610 0.3256 0.3908
vn -0.8610 0.3256 0.3907
vn -0.8614 0.3246 0.3908
vn -0.8609 0.3256 0.3909
vn -0.8613 0.3246 0.3908
vn -0.8606 -0.3265 0.3908
vn -0.8610 -0.3256 0.3908
vn -0.8606 -0.3266 0.3908
vn -0.8609 -0.3256 0.3909
vn -0.8610 -0.3256 0.3907
vn -0.8614 -0.3246 0.3908
vn -0.8613 -0.3246 0.3908
vn 0.8606 0.3265 0.3908
vn 0.8610 0.3256 0.3908
vn 0.8606 0.3266 0.3908
vn 0.8609 0.3256 0.3909
vn 0.8610 0.3256 0.3907
vn 0.8614 0.3246 0.3908
vn 0.8613 0.3246 0.3908
vn 0.8606 -0.3265 0.3908
vn 0.8610 -0.3256 0.3908
vn 0.8610 -0.3256 0.3907
vn 0.8614 -0.3246 0.3908
vn 0.8609 -0.3256 0.3909
vn 0.8613 -0.3246 0.3908
vn -0.8749 0.2885 0.3889
vn -0.8746 0.2895 0.3889
vn -0.8746 0.2896 0.3890
vn -0.8741 0.2908 0.3890
vn -0.8750 0.2884 0.3888
vn -0.8747 0.2895 0.3888
vn -0.8742 0.2908 0.3889
vn -0.8749 -0.2885 0.3889
vn -0.8746 -0.2895 0.3889
vn -0.8750 -0.2884 0.3888
vn -0.8747 -0.2895 0.3888
vn -0.8746 -0.2896 0.3890
vn -0.8741 -0.2908 0.3890
vn -0.8742 -0.2908 0.3889
vn 0.8749 0.2885 0.3889
vn 0.8746 0.2895 0.3889
vn 0.8750 0.2884 0.3888
vn 0.8747 0.2895 0.3888
vn 0.8746 0.2896 0.3890
vn 0.8741 0.2908 0.3890
vn 0.8742 0.2908 0.3889
vn 0.8749 -0.2885 0.3889
vn 0.8746 -0.2895 0.3889
vn 0.8746 -0.2896 0.3890
vn 0.8741 -0.2908 0.3890
vn 0.8750 -0.2884 0.3888
vn 0.8747 -0.2895 0.3888
vn 0.8742 -0.2908 0.3889
vn -0.8576 0.3347 0.3905
vn -0.8712 0.2956 0.3919
vn -0.8728 0.2946 0.3890
vn -0.8843 0.2571 0.3898
vn -0.8552 0.3373 0.3935
vn -0.8694 0.2968 0.3950
vn -0.8712 0.2957 0.3919
vn -0.8831 0.2568 0.3927
vn -0.8576 -0.3347 0.3905
vn -0.8712 -0.2956 0.3919
vn -0.8552 -0.3373 0.3935
vn -0.8694 -0.2968 0.3950
vn -0.8728 -0.2946 0.3890
vn -0.8843 -0.2571 0.3898
vn -0.8712 -0.2957 0.3919
vn -0.8831 -0.2568 0.3927
vn 0.8576 0.3347 0.3905
vn 0.8712 0.2956 0.3919
vn 0.8552 0.3373 0.3935
vn 0.8694 0.2968 0.3950
vn 0.8728 0.2946 0.3890
vn 0.8843 0.2571 0.3898
vn 0.8712 0.2957 0.3919
vn 0.8831 0.2568 0.3927
vn 0.8576 -0.3347 0.3905
vn 0.8712 -0.2956 0.3919
vn 0.8728 -0.2946 0.3890
vn 0.8843 -0.2571 0.3898
vn 0.8552 -0.3373 0.3935
vn 0.8694 -0.2968 0.3950
vn 0.8712 -0.2957 0.3919
vn 0.8831 -0.2568 0.3927
vn -0.8548 0.3347 0.3966
vn -0.8718 0.2846 0.3986
vn -0.8746 0.2823 0.3942
vn -0.8903 0.2268 0.3948
vn -0.8509 0.3395 0.4009
vn -0.8688 0.2872 0.4035
vn -0.8883 0.2263 0.3996
vn -0.8548 -0.3347 0.3966
vn -0.8718 -0.2846 0.3986
vn -0.8509 -0.3395 0.4009
vn -0.8688 -0.2872 0.4035
vn -0.8746 -0.2823 0.3942
vn -0.8903 -0.2268 0.3948
vn -0.8883 -0.2263 0.3996
vn 0.8548 0.3347 0.3966
vn 0.8718 0.2846 0.3986
vn 0.8509 0.3395 0.4009
vn 0.8688 0.2872 0.4035
vn 0.8746 0.2823 0.3942
vn 0.8903 0.2268 0.3948
vn 0.8883 0.2263 0.3996
vn 0.8548 -0.3347 0.3966
vn 0.8718 -0.2846 0.3986
vn 0.8746 -0.2823 0.3942
vn 0.8903 -0.2268 0.3948
vn 0.8509 -0.3395 0.4009
vn 0.8688 -0.2872 0.4035
vn 0.8883 -0.2263 0.3996
vn -0.8917 0.2144 0.3987
vn -0.8938 0.2053 0.3986
vn -0.8942 0.2050 0.3979
vn -0.8960 0.1972 0.3979
vn -0.8911 0.2152 0.3995
vn -0.8934 0.2057 0.3995
vn -0.8957 0.1971 0.3986
vn -0.8917 -0.2144 0.3987
vn -0.8938 -0.2053 0.3986
vn -0.8911 -0.2152 0.3995
vn -0.8934 -0.2057 0.3995
vn -0.8942 -0.2050 0.3979
vn -0.8960 -0.1972 0.3979
vn -0.8957 -0.1971 0.3986
vn 0.8917 0.2144 0.3987
vn 0.8938 0.2053 0.3986
vn 0.8911 0.2152 0.3995
vn 0.8934 0.2057 0.3995
vn 0.8942 0.2050 0.3979
vn 0.8960 0.1972 0.3979
vn 0.8957 0.1971 0.3986
vn 0.8917 -0.2144 0.3987
vn 0.8938 -0.2053 0.3986
vn 0.8942 -0.2050 0.3979
vn 0.8960 -0.1972 0.3979
vn 0.8911 -0.2152 0.3995
vn 0.8934 -0.2057 0.3995
vn 0.8957 -0.1971 0.3986
vn -0.8961 0.1804 0.4057
vn -0.9036 0.1204 0.4111
vn -0.9120 0.1085 0.3956
vn -0.9183 0.0153 0.3956
vn -0.8859 0.1977 0.4196
vn -0.8924 0.1354 0.4304
vn -0.9088 0.0171 0.4169
vn -0.8961 -0.1804 0.4057
vn -0.9036 -0.1204 0.4111
vn -0.8859 -0.1977 0.4196
vn -0.8924 -0.1354 0.4304
vn -0.9120 -0.1085 0.3956
vn -0.9183 -0.0153 0.3956
vn -0.9088 -0.0171 0.4169
vn 0.8961 0.1804 0.4057
vn 0.9036 0.1204 0.4111
vn 0.8859 0.1977 0.4196
vn 0.8924 0.1354 0.4304
vn 0.9120 0.1085 0.3956
vn 0.9183 0.0153 0.3956
vn 0.9088 0.0171 0.4169
vn 0.8961 -0.1804 0.4057
vn 0.9036 -0.1204 0.4111
vn 0.9120 -0.1085 0.3956
vn 0.9183 -0.0153 0.3956
vn 0.8859 -0.1977 0.4196
vn 0.8924 -0.1354 0.4304
vn 0.9088 -0.0171 0.4169
vn -0.8912 0.1414 0.4309
vn -0.8894 0.1611 0.4278
vn -0.8871 0.1611 0.4325
vn -0.8794 0.2058 0.4294
vn -0.8946 0.1335 0.4264
vn -0.8961 0.1612 0.4136
vn -0.8680 0.2902 0.4028
vn -0.8912 -0.1414 0.4309
vn -0.8894 -0.1611 0.4278
vn -0.8946 -0.1335 0.4264
vn -0.8961 -0.1612 0.4136
vn -0.8871 -0.1611 0.4325
vn -0.8794 -0.2058 0.4294
vn -0.8680 -0.2902 0.4028
vn 0.8912 0.1414 0.4309
vn 0.8894 0.1611 0.4278
vn 0.8946 0.1335 0.4264
vn 0.8961 0.1612 0.4136
vn 0.8871 0.1611 0.4325
vn 0.8794 0.2058 0.4294
vn 0.8680 0.2902 0.4028
vn 0.8912 -0.1414 0.4309
vn 0.8894 -0.1611 0.4278
vn 0.8871 -0.1611 0.4325
vn 0.8794 -0.2058 0.4294
vn 0.8946 -0.1335 0.4264
vn 0.8961 -0.1612 0.4136
vn 0.8680 -0.2902 0.4028
vn -0.5182 0.6472 0.5591
vn -0.5181 0.6478 0.5584
vn -0.5181 0.6472 0.5591
vn -0.5180 0.6479 0.5585
vn -0.5182 0.6478 0.5584
vn -0.5181 0.6485 0.5577
vn -0.5180 0.6485 0.5578
vn -0.5182 -0.6472 0.5591
vn -0.5181 -0.6478 0.5584
vn -0.5182 -0.6478 0.5584
vn -0.5181 -0.6485 0.5577
vn -0.5181 -0.6472 0.5591
vn -0.5180 -0.6479 0.5585
vn -0.5180 -0.6485 0.5578
vn 0.5182 0.6472 0.5591
vn 0.5181 0.6478 0.5584
vn 0.5182 0.6478 0.5584
vn 0.5181 0.6485 0.5577
vn 0.5181 0.6472 0.5591
vn 0.5180 0.6479 0.5585
vn 0.5180 0.6485 0.5578
vn 0.5182 -0.6472 0.5591
vn 0.5181 -0.6478 0.5584
vn 0.5181 -0.6472 0.5591
vn 0.5180 -0.6479 0.5585
vn 0.5182 -0.6478 0.5584
vn 0.5181 -0.6485 0.5577
vn 0.5180 -0.6485 0.5578
vn -0.5212 0.6076 0.5993
vn -0.5197 0.6178 0.5901
vn -0.5198 0.6089 0.5992
vn -0.5185 0.6186 0.5903
vn -0.5211 0.6169 0.5898
vn -0.5197 0.6251 0.5824
vn -0.5185 0.6256 0.5828
vn -0.5212 -0.6076 0.5993
vn -0.5197 -0.6178 0.5901
vn -0.5211 -0.6169 0.5898
vn -0.5197 -0.6251 0.5824
vn -0.5198 -0.6089 0.5992
vn -0.5185 -0.6186 0.5903
vn -0.5185 -0.6256 0.5828
vn 0.5212 0.6076 0.5993
vn 0.5197 0.6178 0.5901
vn 0.5211 0.6169 0.5898
vn 0.5197 0.6251 0.5824
vn 0.5198 0.6089 0.5992
vn 0.5185 0.6186 0.5903
vn 0.5185 0.6256 0.5828
vn 0.5212 -0.6076 0.5993
vn 0.5197 -0.6178 0.5901
vn 0.5198 -0.6089 0.5992
vn 0.5185 -0.6186 0.5903
vn 0.5211 -0.6169 0.5898
vn 0.5197 -0.6251 0.5824
vn 0.5185 -0.6256 0.5828
vn -0.5224 0.5940 0.6117
vn -0.5217 0.5986 0.6079
vn -0.5218 0.5941 0.6121
vn -0.5213 0.5987 0.6082
vn -0.5221 0.5984 0.6077
vn -0.5216 0.6011 0.6055
vn -0.5212 0.6012 0.6057
vn -0.5224 -0.5940 0.6117
vn -0.5217 -0.5986 0.6079
vn -0.5221 -0.5984 0.6077
vn -0.5216 -0.6011 0.6055
vn -0.5218 -0.5941 0.6121
vn -0.5213 -0.5987 0.6082
vn -0.5212 -0.6012 0.6057
vn 0.5224 0.5940 0.6117
vn 0.5217 0.5986 0.6079
vn 0.5221 0.5984 0.6077
vn 0.5216 0.6011 0.6055
vn 0.5218 0.5941 0.6121
vn 0.5213 0.5987 0.6082
vn 0.5212 0.6012 0.6057
vn 0.5224 -0.5940 0.6117
vn 0.5217 -0.5986 0.6079
vn 0.5218 -0.5941 0.6121
vn 0.5213 -0.5987 0.6082
vn 0.5221 -0.5984 0.6077
vn 0.5216 -0.6011 0.6055
vn 0.5212 -0.6012 0.6057
vn -0.5278 0.5534 0.6444
vn -0.5257 0.5648 0.6361
vn -0.5260 0.5547 0.6447
vn -0.5239 0.5659 0.6366
vn -0.5277 0.5636 0.6355
vn -0.5254 0.5762 0.6261
vn -0.5234 0.5770 0.6270
vn -0.5278 -0.5534 0.6444
vn -0.5257 -0.5648 0.6361
vn -0.5277 -0.5636 0.6355
vn -0.5254 -0.5762 0.6261
vn -0.5260 -0.5547 0.6447
vn -0.5239 -0.5659 0.6366
vn -0.5234 -0.5770 0.6270
vn 0.5278 0.5534 0.6444
vn 0.5257 0.5648 0.6361
vn 0.5277 0.5636 0.6355
vn 0.5254 0.5762 0.6261
vn 0.5260 0.5547 0.6447
vn 0.5239 0.5659 0.6366
vn 0.5234 0.5770 0.6270
vn 0.5278 -0.5534 0.6444
vn 0.5257 -0.5648 0.6361
vn 0.5260 -0.5547 0.6447
vn 0.5239 -0.5659 0.6366
vn 0.5277 -0.5636 0.6355
vn 0.5254 -0.5762 0.6261
vn 0.5234 -0.5770 0.6270
vn -0.5276 0.5532 0.6447
vn -0.5277 0.5526 0.6451
vn -0.5277 0.5532 0.6446
vn -0.5278 0.5526 0.6451
vn -0.5276 0.5526 0.6451
vn -0.5277 0.5521 0.6455
vn -0.5278 0.5521 0.6454
vn -0.5276 -0.5532 0.6447
vn -0.5277 -0.5526 0.6451
vn -0.5276 -0.5526 0.6451
vn -0.5277 -0.5521 0.6455
vn -0.5277 -0.5532 0.6446
vn -0.5278 -0.5526 0.6451
vn -0.5278 -0.5521 0.6454
vn 0.5276 0.5532 0.6447
vn 0.5277 0.5526 0.6451
vn 0.5276 0.5526 0.6451
vn 0.5277 0.5521 0.6455
vn 0.5277 0.5532 0.6446
vn 0.5278 0.5526 0.6451
vn 0.5278 0.5521 0.6454
vn 0.5276 -0.5532 0.6447
vn 0.5277 -0.5526 0.6451
vn 0.5277 -0.5532 0.6446
vn 0.5278 -0.5526 0.6451
vn 0.5276 -0.5526 0.6451
vn 0.5277 -0.5521 0.6455
vn 0.5278 -0.5521 0.6454
vn -0.5350 0.4696 0.7024
vn -0.5339 0.4750 0.6995
vn -0.5342 0.4701 0.7026
vn -0.5331 0.4754 0.6999
vn -0.5347 0.4746 0.6992
vn -0.5337 0.4801 0.6962
vn -0.5329 0.4804 0.6966
vn -0.5349 -0.4696 0.7024
vn -0.5339 -0.4750 0.6995
vn -0.5347 -0.4746 0.6992
vn -0.5337 -0.4801 0.6962
vn -0.5342 -0.4701 0.7026
vn -0.5331 -0.4754 0.6999
vn -0.5329 -0.4804 0.6966
vn 0.5349 0.4696 0.7024
vn 0.5339 0.4750 0.6995
vn 0.5347 0.4746 0.6992
vn 0.5337 0.4801 0.6962
vn 0.5342 0.4701 0.7026
vn 0.5331 0.4754 0.6999
vn 0.5329 0.4804 0.6966
vn 0.5350 -0.4696 0.7024
vn 0.5339 -0.4750 0.6995
vn 0.5342 -0.4701 0.7026
vn 0.5331 -0.4754 0.6999
vn 0.5347 -0.4746 0.6992
vn 0.5337 -0.4801 0.6962
vn 0.5329 -0.4804 0.6966
vn -0.5341 0.4599 0.7094
vn -0.5350 0.4551 0.7118
vn -0.5347 0.4597 0.7090
vn -0.5355 0.4550 0.7115
vn -0.5345 0.4553 0.7121
vn -0.5351 0.4518 0.7138
vn -0.5356 0.4516 0.7136
vn -0.5341 -0.4599 0.7094
vn -0.5350 -0.4551 0.7118
vn -0.5345 -0.4553 0.7121
vn -0.5351 -0.4518 0.7138
vn -0.5347 -0.4597 0.7090
vn -0.5355 -0.4550 0.7115
vn -0.5356 -0.4516 0.7136
vn 0.5341 0.4599 0.7094
vn 0.5350 0.4551 0.7118
vn 0.5345 0.4553 0.7121
vn 0.5351 0.4518 0.7138
vn 0.5347 0.4597 0.7090
vn 0.5355 0.4550 0.7115
vn 0.5356 0.4516 0.7136
vn 0.5341 -0.4599 0.7094
vn 0.5350 -0.4551 0.7118
vn 0.5347 -0.4597 0.7090
vn 0.5355 -0.4550 0.7115
vn 0.5345 -0.4553 0.7121
vn 0.5351 -0.4518 0.7138
vn 0.5356 -0.4516 0.7136
vn -0.5347 0.4319 0.7263
vn -0.5356 0.4273 0.7284
vn -0.5353 0.4319 0.7259
vn -0.5361 0.4272 0.7280
vn -0.5350 0.4274 0.7288
vn -0.5358 0.4233 0.7306
vn -0.5364 0.4231 0.7303
vn -0.5347 -0.4319 0.7263
vn -0.5356 -0.4273 0.7284
vn -0.5350 -0.4274 0.7288
vn -0.5358 -0.4233 0.7306
vn -0.5353 -0.4319 0.7259
vn -0.5362 -0.4272 0.7280
vn -0.5364 -0.4231 0.7303
vn 0.5347 0.4319 0.7263
vn 0.5356 0.4273 0.7284
vn 0.5350 0.4274 0.7288
vn 0.5358 0.4233 0.7306
vn 0.5353 0.4319 0.7259
vn 0.5362 0.4272 0.7280
vn 0.5364 0.4231 0.7303
vn 0.5347 -0.4319 0.7263
vn 0.5356 -0.4273 0.7284
vn 0.5353 -0.4319 0.7259
vn 0.5361 -0.4272 0.7280
vn 0.5350 -0.4274 0.7288
vn 0.5358 -0.4233 0.7306
vn 0.5364 -0.4231 0.7303
vn -0.5369 0.3943 0.7459
vn -0.5369 0.3942 0.7459
vn -0.5369 0.3941 0.7459
vn -0.5369 -0.3943 0.7459
vn -0.5369 -0.3942 0.7459
vn -0.5369 -0.3941 0.7459
vn 0.5369 0.3943 0.7459
vn 0.5369 0.3942 0.7459
vn 0.5369 0.3941 0.7459
vn 0.5369 -0.3943 0.7459
vn 0.5369 -0.3942 0.7459
vn 0.5369 -0.3941 0.7459
vn -0.5371 0.3678 0.7591
vn -0.5374 0.3660 0.7598
vn -0.5373 0.3678 0.7589
vn -0.5376 0.3660 0.7597
vn -0.5372 0.3660 0.7599
vn -0.5374 0.3646 0.7604
vn -0.5376 0.3645 0.7603
vn -0.5371 -0.3678 0.7591
vn -0.5374 -0.3660 0.7598
vn -0.5372 -0.3660 0.7599
vn -0.5374 -0.3646 0.7604
vn -0.5373 -0.3678 0.7589
vn -0.5376 -0.3660 0.7597
vn -0.5376 -0.3645 0.7603
vn 0.5371 0.3678 0.7591
vn 0.5374 0.3660 0.7598
vn 0.5372 0.3660 0.7599
vn 0.5374 0.3646 0.7604
vn 0.5373 0.3678 0.7589
vn 0.5376 0.3660 0.7597
vn 0.5376 0.3645 0.7603
vn 0.5371 -0.3678 0.7591
vn 0.5374 -0.3660 0.7598
vn 0.5373 -0.3678 0.7589
vn 0.5376 -0.3660 0.7597
vn 0.5372 -0.3660 0.7599
vn 0.5374 -0.3646 0.7604
vn 0.5376 -0.3645 0.7603
vn -0.5376 0.3398 0.7717
vn -0.5380 0.3371 0.7726
vn -0.5378 0.3400 0.7714
vn -0.5383 0.3372 0.7724
vn -0.5377 0.3370 0.7729
vn -0.5380 0.3345 0.7737
vn -0.5384 0.3344 0.7735
vn -0.5376 -0.3398 0.7717
vn -0.5380 -0.3371 0.7726
vn -0.5377 -0.3370 0.7729
vn -0.5380 -0.3345 0.7737
vn -0.5379 -0.3400 0.7714
vn -0.5383 -0.3372 0.7724
vn -0.5384 -0.3344 0.7735
vn 0.5376 0.3398 0.7717
vn 0.5380 0.3371 0.7726
vn 0.5377 0.3370 0.7729
vn 0.5380 0.3345 0.7737
vn 0.5379 0.3400 0.7714
vn 0.5383 0.3372 0.7724
vn 0.5384 0.3344 0.7735
vn 0.5376 -0.3398 0.7717
vn 0.5380 -0.3371 0.7726
vn 0.5378 -0.3400 0.7714
vn 0.5383 -0.3372 0.7724
vn 0.5377 -0.3370 0.7729
vn 0.5380 -0.3345 0.7737
vn 0.5384 -0.3344 0.7735
vn -0.5393 0.2991 0.7872
vn -0.5390 0.3014 0.7865
vn -0.5391 0.2990 0.7874
vn -0.5387 0.3014 0.7867
vn -0.5393 0.3015 0.7863
vn -0.5390 0.3039 0.7856
vn -0.5387 0.3040 0.7857
vn -0.5393 -0.2991 0.7872
vn -0.5390 -0.3014 0.7865
vn -0.5393 -0.3015 0.7863
vn -0.5390 -0.3039 0.7856
vn -0.5391 -0.2990 0.7874
vn -0.5387 -0.3014 0.7867
vn -0.5387 -0.3040 0.7857
vn 0.5393 0.2991 0.7872
vn 0.5390 0.3014 0.7865
vn 0.5393 0.3015 0.7863
vn 0.5390 0.3039 0.7856
vn 0.5391 0.2990 0.7874
vn 0.5387 0.3014 0.7867
vn 0.5387 0.3040 0.7857
vn 0.5393 -0.2991 0.7872
vn 0.5390 -0.3014 0.7865
vn 0.5391 -0.2990 0.7874
vn 0.5387 -0.3014 0.7867
vn 0.5393 -0.3015 0.7863
vn 0.5390 -0.3039 0.7856
vn 0.5387 -0.3040 0.7857
vn -0.5397 0.2712 0.7970
vn -0.5396 0.2722 0.7967
vn -0.5396 0.2712 0.7971
vn -0.5395 0.2722 0.7968
vn -0.5397 0.2722 0.7967
vn -0.5396 0.2730 0.7964
vn -0.5395 0.2730 0.7965
vn -0.5397 -0.2712 0.7970
vn -0.5396 -0.2722 0.7967
vn -0.5397 -0.2722 0.7967
vn -0.5396 -0.2730 0.7964
vn -0.5396 -0.2712 0.7971
vn -0.5395 -0.2722 0.7968
vn -0.5395 -0.2730 0.7965
vn 0.5397 0.2712 0.7970
vn 0.5396 0.2722 0.7967
vn 0.5397 0.2722 0.7967
vn 0.5396 0.2730 0.7964
vn 0.5396 0.2712 0.7971
vn 0.5395 0.2722 0.7968
vn 0.5395 0.2730 0.7965
vn 0.5397 -0.2712 0.7970
vn 0.5396 -0.2722 0.7967
vn 0.5396 -0.2712 0.7971
vn 0.5395 -0.2722 0.7968
vn 0.5397 -0.2722 0.7967
vn 0.5396 -0.2730 0.7964
vn 0.5395 -0.2730 0.7965
vn -0.4032 0.9080 -0.1137
vn -0.4032 -0.9080 -0.1137
vn 0.4032 0.9080 -0.1137
vn 0.4032 -0.9080 -0.1137
vn -0.3838 0.8807 -0.2776
vn -0.4230 0.8801 -0.2154
vn -0.3990 0.8721 -0.2833
vn -0.4405 0.8701 -0.2212
vn -0.4056 0.8897 -0.2097
vn -0.4504 0.8837 -0.1270
vn -0.4230 0.8802 -0.2154
vn -0.4706 0.8723 -0.1327
vn -0.3838 -0.8807 -0.2776
vn -0.4230 -0.8801 -0.2154
vn -0.4056 -0.8897 -0.2097
vn -0.4504 -0.8837 -0.1270
vn -0.3990 -0.8721 -0.2833
vn -0.4405 -0.8701 -0.2212
vn -0.4706 -0.8723 -0.1327
vn 0.3838 0.8807 -0.2776
vn 0.4230 0.8801 -0.2154
vn 0.4056 0.8897 -0.2097
vn 0.4504 0.8837 -0.1270
vn 0.3990 0.8721 -0.2833
vn 0.4405 0.8701 -0.2212
vn 0.4706 0.8723 -0.1327
vn 0.3838 -0.8807 -0.2776
vn 0.4230 -0.8801 -0.2154
vn 0.3990 -0.8721 -0.2833
vn 0.4405 -0.8701 -0.2212
vn 0.4056 -0.8897 -0.2097
vn 0.4504 -0.8837 -0.1270
vn 0.4230 -0.8802 -0.2154
vn 0.4706 -0.8723 -0.1327
vn -0.7070 0.6785 -0.1994
vn -0.7070 -0.6785 -0.1994
vn 0.7070 0.6785 -0.1994
vn 0.7070 -0.6785 -0.1994
vn -0.5961 0.7851 -0.1681
vn -0.5961 -0.7851 -0.1681
vn 0.5961 0.7851 -0.1681
vn 0.5961 -0.7851 -0.1681
vn -0.8005 0.4538 0.3915
vn -0.7884 0.4750 0.3909
vn -0.7876 0.4754 0.3921
vn -0.7709 0.5027 0.3912
vn -0.8015 0.4530 0.3903
vn -0.7893 0.4746 0.3895
vn -0.7714 0.5031 0.3897
vn -0.8005 -0.4538 0.3915
vn -0.7884 -0.4750 0.3909
vn -0.8016 -0.4530 0.3903
vn -0.7893 -0.4746 0.3895
vn -0.7876 -0.4754 0.3921
vn -0.7709 -0.5027 0.3912
vn -0.7714 -0.5031 0.3897
vn 0.8005 0.4538 0.3915
vn 0.7884 0.4750 0.3909
vn 0.8016 0.4530 0.3903
vn 0.7893 0.4746 0.3895
vn 0.7876 0.4754 0.3921
vn 0.7709 0.5027 0.3912
vn 0.7714 0.5031 0.3897
vn 0.8005 -0.4538 0.3915
vn 0.7884 -0.4750 0.3909
vn 0.7876 -0.4754 0.3921
vn 0.7709 -0.5027 0.3912
vn 0.8015 -0.4530 0.3903
vn 0.7893 -0.4746 0.3895
vn 0.7714 -0.5031 0.3897
vn -0.5398 0.2371 0.8077
vn -0.5400 0.2397 0.8068
vn -0.5398 0.2397 0.8070
vn -0.5400 0.2417 0.8062
vn -0.5400 0.2372 0.8076
vn -0.5402 0.2397 0.8067
vn -0.5401 0.2417 0.8061
vn -0.5398 -0.2371 0.8077
vn -0.5400 -0.2397 0.8068
vn -0.5400 -0.2372 0.8076
vn -0.5402 -0.2397 0.8067
vn -0.5398 -0.2397 0.8070
vn -0.5400 -0.2417 0.8062
vn -0.5401 -0.2417 0.8061
vn 0.5398 0.2371 0.8077
vn 0.5400 0.2397 0.8068
vn 0.5400 0.2372 0.8076
vn 0.5402 0.2397 0.8067
vn 0.5398 0.2397 0.8070
vn 0.5400 0.2417 0.8062
vn 0.5401 0.2417 0.8061
vn 0.5398 -0.2371 0.8077
vn 0.5400 -0.2397 0.8068
vn 0.5398 -0.2397 0.8070
vn 0.5400 -0.2417 0.8062
vn 0.5400 -0.2372 0.8076
vn 0.5402 -0.2397 0.8067
vn 0.5401 -0.2417 0.8061
vn -0.5891 0.0037 0.8081
vn -0.5891 0.0038 0.8081
vn -0.5891 -0.0037 0.8081
vn -0.5891 -0.0038 0.8081
vn 0.5891 0.0037 0.8081
vn 0.5891 0.0038 0.8081
vn 0.5891 -0.0037 0.8081
vn 0.5891 -0.0038 0.8081
vn -0.5891 0.0039 0.8081
vn -0.5891 0.0040 0.8081
vn -0.5891 -0.0039 0.8081
vn -0.5891 -0.0040 0.8081
vn 0.5891 0.0039 0.8081
vn 0.5891 0.0040 0.8081
vn 0.5891 -0.0039 0.8081
vn 0.5891 -0.0040 0.8081
vn -0.5892 0.0046 0.8080
vn -0.5892 -0.0046 0.8080
vn 0.5892 0.0046 0.8080
vn 0.5892 -0.0046 0.8080
vn -0.5815 0.0217 0.8133
vn -0.5819 0.0044 0.8133
vn -0.5735 0.0219 0.8189
vn -0.5891 0.0215 0.8077
vn -0.5809 0.0402 0.8130
vn -0.5726 0.0408 0.8188
vn -0.5815 -0.0217 0.8133
vn -0.5891 -0.0215 0.8077
vn -0.5809 -0.0402 0.8130
vn -0.5819 -0.0044 0.8133
vn -0.5735 -0.0219 0.8189
vn -0.5726 -0.0408 0.8188
vn 0.5815 0.0217 0.8133
vn 0.5891 0.0215 0.8077
vn 0.5809 0.0402 0.8130
vn 0.5819 0.0044 0.8133
vn 0.5735 0.0219 0.8189
vn 0.5726 0.0408 0.8188
vn 0.5815 -0.0217 0.8133
vn 0.5819 -0.0044 0.8133
vn 0.5735 -0.0219 0.8189
vn 0.5891 -0.0215 0.8077
vn 0.5809 -0.0402 0.8130
vn 0.5726 -0.0408 0.8188
vn -0.5742 0.0043 0.8187
vn -0.5742 -0.0043 0.8187
vn 0.5742 0.0043 0.8187
vn 0.5742 -0.0043 0.8187
vn -0.5313 0.4605 0.7111
vn -0.5300 0.4671 0.7077
vn -0.5282 0.4669 0.7092
vn -0.5267 0.4737 0.7058
vn -0.5335 0.4600 0.7098
vn -0.5322 0.4673 0.7060
vn -0.5285 0.4745 0.7039
vn -0.5313 -0.4605 0.7111
vn -0.5300 -0.4671 0.7077
vn -0.5335 -0.4600 0.7098
vn -0.5322 -0.4673 0.7060
vn -0.5282 -0.4669 0.7092
vn -0.5267 -0.4737 0.7058
vn -0.5285 -0.4745 0.7039
vn 0.5313 0.4605 0.7111
vn 0.5300 0.4671 0.7077
vn 0.5335 0.4600 0.7098
vn 0.5322 0.4673 0.7060
vn 0.5282 0.4669 0.7092
vn 0.5267 0.4737 0.7058
vn 0.5285 0.4745 0.7039
vn 0.5313 -0.4605 0.7111
vn 0.5300 -0.4671 0.7077
vn 0.5282 -0.4669 0.7092
vn 0.5267 -0.4737 0.7058
vn 0.5335 -0.4600 0.7098
vn 0.5322 -0.4673 0.7060
vn 0.5285 -0.4745 0.7039
vn -0.5292 0.4732 0.7043
vn -0.5292 -0.4732 0.7043
vn 0.5292 0.4732 0.7043
vn 0.5292 -0.4732 0.7043
vn -0.5295 0.5111 0.6771
vn -0.5295 -0.5111 0.6771
vn 0.5295 0.5111 0.6771
vn 0.5295 -0.5111 0.6771
vn -0.5390 0.5911 0.6001
vn -0.5230 0.6012 0.6042
vn -0.5298 0.5928 0.6066
vn -0.5225 0.5994 0.6065
vn -0.5240 0.6050 0.5994
vn -0.5192 0.6057 0.6029
vn -0.5196 0.6032 0.6051
vn -0.5390 -0.5911 0.6001
vn -0.5230 -0.6012 0.6042
vn -0.5240 -0.6050 0.5994
vn -0.5192 -0.6057 0.6029
vn -0.5298 -0.5928 0.6066
vn -0.5225 -0.5994 0.6065
vn -0.5196 -0.6032 0.6051
vn 0.5390 0.5911 0.6001
vn 0.5230 0.6012 0.6042
vn 0.5240 0.6050 0.5994
vn 0.5192 0.6057 0.6029
vn 0.5298 0.5928 0.6066
vn 0.5225 0.5994 0.6065
vn 0.5196 0.6032 0.6051
vn 0.5390 -0.5911 0.6001
vn 0.5230 -0.6012 0.6042
vn 0.5298 -0.5928 0.6066
vn 0.5225 -0.5994 0.6065
vn 0.5240 -0.6050 0.5994
vn 0.5192 -0.6057 0.6029
vn 0.5196 -0.6032 0.6051
vn -0.9627 0.0001 -0.2706
vn -0.9626 -0.0000 -0.2710
vn -0.9626 0.0001 -0.2710
vn -0.9625 -0.0000 -0.2714
vn -0.9627 -0.0000 -0.2706
vn -0.9627 -0.0001 -0.2706
vn -0.9626 -0.0001 -0.2710
vn 0.9627 0.0001 -0.2706
vn 0.9626 -0.0000 -0.2710
vn 0.9627 -0.0000 -0.2706
vn 0.9626 0.0001 -0.2710
vn 0.9625 -0.0000 -0.2714
vn 0.9627 -0.0001 -0.2706
vn 0.9626 -0.0001 -0.2710
vn -0.9808 0.0002 -0.1951
vn -0.9813 -0.0000 -0.1923
vn -0.9808 -0.0000 -0.1951
vn -0.9813 -0.0002 -0.1924
vn -0.9813 0.0001 -0.1923
vn -0.9819 -0.0000 -0.1896
vn -0.9818 -0.0002 -0.1898
vn -0.9808 -0.0002 -0.1951
vn -0.9813 -0.0001 -0.1923
vn -0.9813 0.0002 -0.1924
vn -0.9818 0.0002 -0.1898
vn 0.9808 0.0002 -0.1951
vn 0.9813 -0.0000 -0.1923
vn 0.9813 0.0001 -0.1923
vn 0.9819 -0.0000 -0.1896
vn 0.9808 -0.0000 -0.1951
vn 0.9813 -0.0002 -0.1924
vn 0.9818 -0.0002 -0.1898
vn 0.9808 -0.0002 -0.1951
vn 0.9813 0.0002 -0.1924
vn 0.9813 -0.0001 -0.1923
vn 0.9818 0.0002 -0.1898
vn -0.9820 0.0005 -0.1890
vn -0.9814 0.0003 -0.1921
vn -0.9814 0.0005 -0.1920
vn -0.9808 0.0003 -0.1951
vn -0.9819 0.0003 -0.1893
vn -0.9813 0.0001 -0.1922
vn -0.9814 0.0003 -0.1922
vn -0.9820 -0.0005 -0.1890
vn -0.9814 -0.0003 -0.1921
vn -0.9819 -0.0003 -0.1893
vn -0.9813 -0.0001 -0.1922
vn -0.9814 -0.0005 -0.1920
vn -0.9808 -0.0003 -0.1951
vn -0.9814 -0.0003 -0.1922
vn 0.9820 0.0005 -0.1890
vn 0.9814 0.0003 -0.1921
vn 0.9819 0.0003 -0.1893
vn 0.9813 0.0001 -0.1922
vn 0.9814 0.0005 -0.1920
vn 0.9808 0.0003 -0.1951
vn 0.9814 0.0003 -0.1922
vn 0.9820 -0.0005 -0.1890
vn 0.9814 -0.0003 -0.1921
vn 0.9814 -0.0005 -0.1920
vn 0.9808 -0.0003 -0.1951
vn 0.9819 -0.0003 -0.1893
vn 0.9813 -0.0001 -0.1922
vn 0.9814 -0.0003 -0.1922
vn -0.9931 -0.0018 -0.1176
vn -0.9912 -0.0007 -0.1324
vn -0.9931 -0.0008 -0.1176
vn -0.9913 0.0002 -0.1318
vn -0.9911 -0.0017 -0.1330
vn -0.9893 -0.0006 -0.1459
vn -0.9894 0.0003 -0.1449
vn -0.9931 0.0018 -0.1176
vn -0.9912 0.0007 -0.1324
vn -0.9911 0.0017 -0.1330
vn -0.9893 0.0006 -0.1459
vn -0.9931 0.0008 -0.1176
vn -0.9913 -0.0002 -0.1318
vn -0.9894 -0.0003 -0.1449
vn 0.9931 -0.0018 -0.1176
vn 0.9912 -0.0007 -0.1324
vn 0.9911 -0.0017 -0.1330
vn 0.9893 -0.0006 -0.1459
vn 0.9931 -0.0008 -0.1176
vn 0.9913 0.0002 -0.1318
vn 0.9894 0.0003 -0.1449
vn 0.9931 0.0018 -0.1176
vn 0.9912 0.0007 -0.1324
vn 0.9931 0.0008 -0.1176
vn 0.9913 -0.0002 -0.1318
vn 0.9911 0.0017 -0.1330
vn 0.9893 0.0006 -0.1459
vn 0.9894 -0.0003 -0.1449
vn -0.9928 -0.0020 -0.1201
vn -0.9929 -0.0019 -0.1187
vn -0.9929 -0.0020 -0.1187
vn -0.9931 -0.0019 -0.1176
vn -0.9928 -0.0019 -0.1200
vn -0.9929 -0.0018 -0.1186
vn -0.9928 0.0020 -0.1201
vn -0.9929 0.0019 -0.1187
vn -0.9928 0.0019 -0.1200
vn -0.9929 0.0018 -0.1186
vn -0.9929 0.0020 -0.1187
vn -0.9931 0.0019 -0.1176
vn 0.9928 -0.0020 -0.1201
vn 0.9929 -0.0019 -0.1187
vn 0.9928 -0.0019 -0.1200
vn 0.9929 -0.0018 -0.1186
vn 0.9929 -0.0020 -0.1187
vn 0.9931 -0.0019 -0.1176
vn 0.9928 0.0020 -0.1201
vn 0.9929 0.0019 -0.1187
vn 0.9929 0.0020 -0.1187
vn 0.9931 0.0019 -0.1176
vn 0.9928 0.0019 -0.1200
vn 0.9929 0.0018 -0.1186
vn -0.9992 -0.0027 -0.0393
vn -0.9991 -0.0024 -0.0433
vn -0.9992 -0.0024 -0.0393
vn -0.9991 -0.0021 -0.0431
vn -0.9991 -0.0027 -0.0435
vn -0.9989 -0.0023 -0.0471
vn -0.9989 -0.0021 -0.0468
vn -0.9992 0.0027 -0.0393
vn -0.9991 0.0024 -0.0433
vn -0.9991 0.0027 -0.0435
vn -0.9989 0.0023 -0.0471
vn -0.9992 0.0024 -0.0393
vn -0.9991 0.0021 -0.0431
vn -0.9989 0.0021 -0.0468
vn 0.9992 -0.0027 -0.0393
vn 0.9991 -0.0024 -0.0433
vn 0.9991 -0.0027 -0.0435
vn 0.9989 -0.0023 -0.0471
vn 0.9992 -0.0024 -0.0393
vn 0.9991 -0.0021 -0.0431
vn 0.9989 -0.0021 -0.0468
vn 0.9992 0.0027 -0.0393
vn 0.9991 0.0024 -0.0433
vn 0.9992 0.0024 -0.0393
vn 0.9991 0.0021 -0.0431
vn 0.9991 0.0027 -0.0435
vn 0.9989 0.0023 -0.0471
vn 0.9989 0.0021 -0.0468
vn -1.0000 0.0005 0.0057
vn -0.9998 -0.0012 -0.0182
vn -0.9999 0.0005 -0.0172
vn -0.9992 -0.0011 -0.0393
vn -1.0000 -0.0013 0.0036
vn -0.9998 -0.0028 -0.0191
vn -1.0000 -0.0005 0.0057
vn -0.9998 0.0012 -0.0182
vn -1.0000 0.0013 0.0036
vn -0.9998 0.0028 -0.0191
vn -0.9999 -0.0005 -0.0172
vn -0.9992 0.0011 -0.0393
vn 1.0000 0.0005 0.0057
vn 0.9998 -0.0012 -0.0182
vn 1.0000 -0.0013 0.0036
vn 0.9998 -0.0028 -0.0191
vn 0.9999 0.0005 -0.0172
vn 0.9992 -0.0011 -0.0393
vn 1.0000 -0.0005 0.0057
vn 0.9998 0.0012 -0.0182
vn 0.9999 -0.0005 -0.0172
vn 0.9992 0.0011 -0.0393
vn 1.0000 0.0013 0.0036
vn 0.9998 0.0028 -0.0191
vn -0.9992 0.0030 0.0393
vn -0.9986 0.0015 0.0535
vn -0.9992 0.0016 0.0393
vn -0.9986 0.0003 0.0527
vn -0.9985 0.0028 0.0543
vn -0.9978 0.0014 0.0661
vn -0.9979 0.0003 0.0648
vn -0.9992 -0.0030 0.0393
vn -0.9986 -0.0015 0.0535
vn -0.9985 -0.0028 0.0543
vn -0.9978 -0.0014 0.0661
vn -0.9992 -0.0016 0.0393
vn -0.9986 -0.0003 0.0528
vn -0.9979 -0.0003 0.0648
vn 0.9992 0.0030 0.0393
vn 0.9986 0.0015 0.0535
vn 0.9985 0.0028 0.0543
vn 0.9978 0.0014 0.0661
vn 0.9992 0.0016 0.0393
vn 0.9986 0.0003 0.0528
vn 0.9979 0.0003 0.0648
vn 0.9992 -0.0030 0.0393
vn 0.9986 -0.0015 0.0535
vn 0.9992 -0.0016 0.0393
vn 0.9986 -0.0003 0.0527
vn 0.9985 -0.0028 0.0543
vn 0.9978 -0.0014 0.0661
vn 0.9979 -0.0003 0.0648
vn -1.0000 -0.0000 0.0010
vn -0.9997 0.0017 0.0226
vn -0.9998 -0.0000 0.0217
vn -1.0000 0.0019 0.0032
vn -0.9997 0.0033 0.0235
vn -0.9997 -0.0017 0.0226
vn -1.0000 -0.0019 0.0032
vn -0.9997 -0.0033 0.0235
vn 1.0000 -0.0000 0.0010
vn 0.9997 0.0017 0.0226
vn 1.0000 0.0019 0.0032
vn 0.9997 0.0033 0.0235
vn 0.9998 -0.0000 0.0217
vn 0.9997 -0.0017 0.0226
vn 1.0000 -0.0019 0.0032
vn 0.9997 -0.0033 0.0235
vn -0.9931 -0.0049 0.1176
vn -0.9953 -0.0021 0.0970
vn -0.9931 -0.0023 0.1176
vn -0.9952 -0.0000 0.0981
vn -0.9954 -0.0045 0.0958
vn -0.9969 -0.0020 0.0791
vn -0.9967 -0.0000 0.0810
vn -0.9931 0.0049 0.1176
vn -0.9953 0.0021 0.0970
vn -0.9954 0.0045 0.0958
vn -0.9969 0.0020 0.0791
vn -0.9931 0.0023 0.1176
vn 0.9931 -0.0049 0.1176
vn 0.9953 -0.0021 0.0970
vn 0.9954 -0.0045 0.0958
vn 0.9969 -0.0020 0.0791
vn 0.9931 -0.0023 0.1176
vn 0.9952 -0.0000 0.0981
vn 0.9967 -0.0000 0.0810
vn 0.9931 0.0049 0.1176
vn 0.9953 0.0021 0.0970
vn 0.9931 0.0023 0.1176
vn 0.9954 0.0045 0.0958
vn 0.9969 0.0020 0.0791
vn -0.9862 -0.0000 0.1656
vn -0.9904 -0.0028 0.1384
vn -0.9902 -0.0000 0.1398
vn -0.9931 -0.0026 0.1176
vn -0.9867 -0.0030 0.1622
vn -0.9905 -0.0052 0.1371
vn -0.9904 0.0028 0.1384
vn -0.9867 0.0030 0.1622
vn -0.9905 0.0052 0.1371
vn -0.9931 0.0026 0.1176
vn 0.9862 -0.0000 0.1656
vn 0.9904 -0.0028 0.1384
vn 0.9867 -0.0030 0.1622
vn 0.9905 -0.0052 0.1371
vn 0.9902 -0.0000 0.1398
vn 0.9931 -0.0026 0.1176
vn 0.9904 0.0028 0.1384
vn 0.9931 0.0026 0.1176
vn 0.9867 0.0030 0.1622
vn 0.9905 0.0052 0.1371
vn -0.9808 0.0015 0.1951
vn -0.9797 0.0007 0.2004
vn -0.9808 0.0007 0.1951
vn -0.9798 -0.0000 0.2000
vn -0.9796 0.0015 0.2008
vn -0.9786 0.0007 0.2056
vn -0.9788 -0.0000 0.2049
vn -0.9808 -0.0015 0.1951
vn -0.9797 -0.0007 0.2004
vn -0.9796 -0.0015 0.2008
vn -0.9786 -0.0007 0.2056
vn -0.9808 -0.0007 0.1951
vn 0.9808 0.0015 0.1951
vn 0.9797 0.0007 0.2004
vn 0.9796 0.0015 0.2008
vn 0.9786 0.0007 0.2056
vn 0.9808 0.0007 0.1951
vn 0.9798 -0.0000 0.2000
vn 0.9788 -0.0000 0.2049
vn 0.9808 -0.0015 0.1951
vn 0.9797 -0.0007 0.2004
vn 0.9808 -0.0007 0.1951
vn 0.9796 -0.0015 0.2008
vn 0.9786 -0.0007 0.2056
vn -0.9724 0.0074 0.2332
vn -0.9772 0.0042 0.2124
vn -0.9768 0.0074 0.2141
vn -0.9808 0.0042 0.1951
vn -0.9732 0.0042 0.2298
vn -0.9775 0.0015 0.2109
vn -0.9724 -0.0074 0.2332
vn -0.9772 -0.0042 0.2124
vn -0.9732 -0.0042 0.2298
vn -0.9775 -0.0015 0.2109
vn -0.9768 -0.0074 0.2141
vn -0.9808 -0.0042 0.1951
vn 0.9724 0.0074 0.2332
vn 0.9772 0.0042 0.2124
vn 0.9732 0.0042 0.2298
vn 0.9775 0.0015 0.2109
vn 0.9768 0.0074 0.2141
vn 0.9808 0.0042 0.1951
vn 0.9724 -0.0074 0.2332
vn 0.9772 -0.0042 0.2124
vn 0.9768 -0.0074 0.2141
vn 0.9808 -0.0042 0.1951
vn 0.9732 -0.0042 0.2298
vn 0.9775 -0.0015 0.2109
vn -0.5606 0.5855 0.5857
vn -0.5509 0.5916 0.5886
vn -0.5592 0.5837 0.5887
vn -0.5493 0.5900 0.5918
vn -0.5524 0.5932 0.5856
vn -0.5426 0.5994 0.5885
vn -0.5409 0.5979 0.5916
vn -0.5606 -0.5855 0.5857
vn -0.5509 -0.5916 0.5886
vn -0.5524 -0.5932 0.5856
vn -0.5426 -0.5994 0.5885
vn -0.5592 -0.5837 0.5887
vn -0.5493 -0.5900 0.5918
vn -0.5409 -0.5979 0.5916
vn 0.5606 0.5855 0.5857
vn 0.5509 0.5916 0.5886
vn 0.5524 0.5932 0.5856
vn 0.5426 0.5994 0.5885
vn 0.5592 0.5837 0.5887
vn 0.5493 0.5900 0.5918
vn 0.5409 0.5979 0.5916
vn 0.5606 -0.5855 0.5857
vn 0.5509 -0.5916 0.5886
vn 0.5592 -0.5837 0.5887
vn 0.5493 -0.5900 0.5918
vn 0.5524 -0.5932 0.5856
vn 0.5426 -0.5994 0.5885
vn 0.5409 -0.5979 0.5916
vn -0.5785 0.5672 0.5862
vn -0.5778 0.5682 0.5858
vn -0.5777 0.5681 0.5861
vn -0.5771 0.5690 0.5858
vn -0.5787 0.5674 0.5859
vn -0.5780 0.5684 0.5855
vn -0.5773 0.5691 0.5856
vn -0.5785 -0.5672 0.5862
vn -0.5778 -0.5682 0.5858
vn -0.5787 -0.5674 0.5858
vn -0.5780 -0.5684 0.5855
vn -0.5777 -0.5681 0.5861
vn -0.5771 -0.5690 0.5858
vn -0.5773 -0.5691 0.5856
vn 0.5785 0.5672 0.5862
vn 0.5778 0.5682 0.5858
vn 0.5787 0.5674 0.5858
vn 0.5780 0.5684 0.5855
vn 0.5777 0.5681 0.5861
vn 0.5771 0.5690 0.5858
vn 0.5773 0.5691 0.5856
vn 0.5785 -0.5672 0.5862
vn 0.5778 -0.5682 0.5858
vn 0.5777 -0.5681 0.5861
vn 0.5771 -0.5690 0.5858
vn 0.5787 -0.5674 0.5859
vn 0.5780 -0.5684 0.5855
vn 0.5773 -0.5691 0.5856
vn -0.6845 0.4476 0.5755
vn -0.6877 0.4441 0.5743
vn -0.6851 0.4480 0.5744
vn -0.6883 0.4445 0.5733
vn -0.6870 0.4437 0.5754
vn -0.6902 0.4403 0.5742
vn -0.6909 0.4407 0.5732
vn -0.6845 -0.4476 0.5755
vn -0.6877 -0.4441 0.5743
vn -0.6870 -0.4437 0.5754
vn -0.6902 -0.4403 0.5742
vn -0.6851 -0.4480 0.5744
vn -0.6883 -0.4445 0.5733
vn -0.6909 -0.4407 0.5732
vn 0.6845 0.4476 0.5755
vn 0.6877 0.4441 0.5743
vn 0.6870 0.4437 0.5754
vn 0.6902 0.4403 0.5742
vn 0.6851 0.4480 0.5744
vn 0.6883 0.4445 0.5733
vn 0.6909 0.4407 0.5732
vn 0.6845 -0.4476 0.5755
vn 0.6877 -0.4441 0.5743
vn 0.6851 -0.4480 0.5744
vn 0.6883 -0.4445 0.5733
vn 0.6870 -0.4437 0.5754
vn 0.6902 -0.4403 0.5742
vn 0.6909 -0.4407 0.5732
vn -0.7414 0.3701 0.5598
vn -0.7257 0.3896 0.5671
vn -0.7378 0.3682 0.5658
vn -0.7220 0.3876 0.5731
vn -0.7294 0.3916 0.5610
vn -0.7125 0.4118 0.5681
vn -0.7088 0.4097 0.5743
vn -0.7414 -0.3701 0.5598
vn -0.7257 -0.3896 0.5671
vn -0.7294 -0.3916 0.5610
vn -0.7125 -0.4118 0.5681
vn -0.7378 -0.3682 0.5658
vn -0.7220 -0.3876 0.5731
vn -0.7088 -0.4097 0.5743
vn 0.7414 0.3701 0.5598
vn 0.7257 0.3896 0.5671
vn 0.7294 0.3916 0.5610
vn 0.7125 0.4118 0.5681
vn 0.7378 0.3682 0.5658
vn 0.7220 0.3876 0.5731
vn 0.7088 0.4097 0.5743
vn 0.7414 -0.3701 0.5598
vn 0.7257 -0.3896 0.5671
vn 0.7378 -0.3682 0.5658
vn 0.7220 -0.3876 0.5731
vn 0.7294 -0.3916 0.5610
vn 0.7125 -0.4118 0.5681
vn 0.7088 -0.4097 0.5743
vn -0.7443 0.3708 0.5555
vn -0.7390 0.3776 0.5580
vn -0.7430 0.3702 0.5576
vn -0.7376 0.3770 0.5602
vn -0.7404 0.3783 0.5557
vn -0.7344 0.3860 0.5583
vn -0.7330 0.3852 0.5607
vn -0.7443 -0.3708 0.5555
vn -0.7390 -0.3776 0.5580
vn -0.7404 -0.3783 0.5557
vn -0.7344 -0.3860 0.5583
vn -0.7430 -0.3702 0.5576
vn -0.7376 -0.3770 0.5602
vn -0.7330 -0.3852 0.5607
vn 0.7443 0.3708 0.5555
vn 0.7390 0.3776 0.5580
vn 0.7404 0.3783 0.5557
vn 0.7344 0.3860 0.5583
vn 0.7430 0.3702 0.5576
vn 0.7376 0.3770 0.5602
vn 0.7330 0.3852 0.5607
vn 0.7443 -0.3708 0.5555
vn 0.7390 -0.3776 0.5580
vn 0.7430 -0.3702 0.5576
vn 0.7376 -0.3770 0.5602
vn 0.7404 -0.3783 0.5557
vn 0.7344 -0.3860 0.5583
vn 0.7330 -0.3852 0.5607
vn -0.7580 0.3475 0.5520
vn -0.7549 0.3518 0.5535
vn -0.7572 0.3471 0.5533
vn -0.7541 0.3514 0.5548
vn -0.7557 0.3521 0.5522
vn -0.7525 0.3566 0.5537
vn -0.7517 0.3562 0.5550
vn -0.7580 -0.3475 0.5520
vn -0.7549 -0.3518 0.5535
vn -0.7557 -0.3521 0.5522
vn -0.7525 -0.3566 0.5537
vn -0.7572 -0.3471 0.5533
vn -0.7541 -0.3514 0.5548
vn -0.7517 -0.3562 0.5550
vn 0.7580 0.3475 0.5520
vn 0.7549 0.3518 0.5535
vn 0.7557 0.3521 0.5522
vn 0.7525 0.3566 0.5537
vn 0.7572 0.3471 0.5533
vn 0.7541 0.3514 0.5548
vn 0.7517 0.3562 0.5550
vn 0.7580 -0.3475 0.5520
vn 0.7549 -0.3518 0.5535
vn 0.7572 -0.3471 0.5533
vn 0.7541 -0.3514 0.5548
vn 0.7557 -0.3521 0.5522
vn 0.7525 -0.3566 0.5537
vn 0.7517 -0.3562 0.5550
vn -0.7772 0.3121 0.5464
vn -0.7729 0.3186 0.5487
vn -0.7761 0.3115 0.5484
vn -0.7717 0.3180 0.5507
vn -0.7741 0.3192 0.5467
vn -0.7695 0.3262 0.5490
vn -0.7683 0.3256 0.5511
vn -0.7772 -0.3121 0.5464
vn -0.7729 -0.3186 0.5487
vn -0.7741 -0.3192 0.5467
vn -0.7695 -0.3262 0.5490
vn -0.7761 -0.3115 0.5484
vn -0.7717 -0.3180 0.5507
vn -0.7683 -0.3256 0.5511
vn 0.7772 0.3121 0.5464
vn 0.7729 0.3186 0.5487
vn 0.7741 0.3192 0.5467
vn 0.7695 0.3262 0.5490
vn 0.7761 0.3115 0.5484
vn 0.7717 0.3180 0.5507
vn 0.7683 0.3256 0.5511
vn 0.7772 -0.3121 0.5464
vn 0.7729 -0.3186 0.5487
vn 0.7761 -0.3115 0.5484
vn 0.7717 -0.3180 0.5507
vn 0.7741 -0.3192 0.5467
vn 0.7695 -0.3262 0.5490
vn 0.7683 -0.3256 0.5511
vn -0.7865 0.2921 0.5442
vn -0.7851 0.2943 0.5449
vn -0.7861 0.2919 0.5448
vn -0.7847 0.2942 0.5456
vn -0.7855 0.2945 0.5442
vn -0.7841 0.2969 0.5450
vn -0.7837 0.2968 0.5457
vn -0.7865 -0.2921 0.5442
vn -0.7851 -0.2943 0.5449
vn -0.7855 -0.2945 0.5442
vn -0.7841 -0.2969 0.5450
vn -0.7861 -0.2919 0.5448
vn -0.7847 -0.2942 0.5456
vn -0.7837 -0.2968 0.5457
vn 0.7865 0.2921 0.5442
vn 0.7851 0.2943 0.5449
vn 0.7855 0.2945 0.5442
vn 0.7841 0.2969 0.5450
vn 0.7861 0.2919 0.5448
vn 0.7847 0.2942 0.5456
vn 0.7837 0.2968 0.5457
vn 0.7865 -0.2921 0.5442
vn 0.7851 -0.2943 0.5449
vn 0.7861 -0.2919 0.5448
vn 0.7847 -0.2942 0.5456
vn 0.7855 -0.2945 0.5442
vn 0.7841 -0.2969 0.5450
vn 0.7837 -0.2968 0.5457
vn -0.8018 0.2570 0.5395
vn -0.7988 0.2625 0.5413
vn -0.8009 0.2566 0.5411
vn -0.7978 0.2621 0.5430
vn -0.7997 0.2629 0.5397
vn -0.7965 0.2688 0.5416
vn -0.7955 0.2684 0.5433
vn -0.8018 -0.2570 0.5395
vn -0.7988 -0.2625 0.5413
vn -0.7997 -0.2629 0.5397
vn -0.7965 -0.2688 0.5416
vn -0.8009 -0.2566 0.5411
vn -0.7978 -0.2621 0.5430
vn -0.7955 -0.2684 0.5433
vn 0.8018 0.2570 0.5395
vn 0.7988 0.2625 0.5413
vn 0.7997 0.2629 0.5397
vn 0.7965 0.2688 0.5416
vn 0.8009 0.2566 0.5411
vn 0.7978 0.2621 0.5430
vn 0.7955 0.2684 0.5433
vn 0.8018 -0.2570 0.5395
vn 0.7988 -0.2625 0.5413
vn 0.8009 -0.2566 0.5411
vn 0.7978 -0.2621 0.5430
vn 0.7997 -0.2629 0.5397
vn 0.7965 -0.2688 0.5416
vn 0.7955 -0.2684 0.5433
vn -0.8081 0.2393 0.5383
vn -0.8076 0.2402 0.5386
vn -0.8079 0.2393 0.5386
vn -0.8074 0.2401 0.5389
vn -0.8078 0.2402 0.5383
vn -0.8073 0.2412 0.5386
vn -0.8071 0.2412 0.5389
vn -0.8081 -0.2393 0.5383
vn -0.8076 -0.2402 0.5386
vn -0.8078 -0.2402 0.5383
vn -0.8073 -0.2412 0.5386
vn -0.8079 -0.2393 0.5386
vn -0.8074 -0.2401 0.5389
vn -0.8071 -0.2412 0.5389
vn 0.8081 0.2393 0.5383
vn 0.8076 0.2402 0.5386
vn 0.8078 0.2402 0.5383
vn 0.8073 0.2412 0.5386
vn 0.8079 0.2393 0.5386
vn 0.8074 0.2401 0.5389
vn 0.8071 0.2412 0.5389
vn 0.8081 -0.2393 0.5383
vn 0.8076 -0.2402 0.5386
vn 0.8079 -0.2393 0.5386
vn 0.8074 -0.2401 0.5389
vn 0.8078 -0.2402 0.5383
vn 0.8073 -0.2412 0.5386
vn 0.8071 -0.2412 0.5389
vn -0.8179 0.2087 0.5361
vn -0.8168 0.2112 0.5368
vn -0.8175 0.2086 0.5368
vn -0.8164 0.2111 0.5375
vn -0.8172 0.2113 0.5362
vn -0.8161 0.2139 0.5369
vn -0.8156 0.2138 0.5376
vn -0.8179 -0.2087 0.5361
vn -0.8168 -0.2112 0.5368
vn -0.8172 -0.2113 0.5362
vn -0.8161 -0.2139 0.5369
vn -0.8175 -0.2086 0.5368
vn -0.8164 -0.2111 0.5375
vn -0.8156 -0.2138 0.5376
vn 0.8179 0.2087 0.5361
vn 0.8168 0.2112 0.5368
vn 0.8172 0.2113 0.5362
vn 0.8161 0.2139 0.5369
vn 0.8175 0.2086 0.5368
vn 0.8164 0.2111 0.5375
vn 0.8156 0.2138 0.5376
vn 0.8179 -0.2087 0.5361
vn 0.8168 -0.2112 0.5368
vn 0.8175 -0.2086 0.5368
vn 0.8164 -0.2111 0.5375
vn 0.8172 -0.2113 0.5362
vn 0.8161 -0.2139 0.5369
vn 0.8156 -0.2138 0.5376
vn -0.8252 0.1831 0.5343
vn -0.8245 0.1847 0.5348
vn -0.8249 0.1830 0.5348
vn -0.8242 0.1847 0.5353
vn -0.8249 0.1848 0.5343
vn -0.8241 0.1867 0.5348
vn -0.8237 0.1866 0.5354
vn -0.8252 -0.1831 0.5343
vn -0.8245 -0.1847 0.5348
vn -0.8249 -0.1848 0.5343
vn -0.8241 -0.1867 0.5348
vn -0.8249 -0.1830 0.5348
vn -0.8242 -0.1847 0.5353
vn -0.8237 -0.1866 0.5354
vn 0.8252 0.1831 0.5343
vn 0.8245 0.1847 0.5348
vn 0.8249 0.1848 0.5343
vn 0.8241 0.1867 0.5348
vn 0.8249 0.1830 0.5348
vn 0.8242 0.1847 0.5353
vn 0.8237 0.1866 0.5354
vn 0.8252 -0.1831 0.5343
vn 0.8245 -0.1847 0.5348
vn 0.8249 -0.1830 0.5348
vn 0.8242 -0.1847 0.5353
vn 0.8249 -0.1848 0.5343
vn 0.8241 -0.1867 0.5348
vn 0.8237 -0.1866 0.5354
vn -0.8347 0.1476 0.5306
vn -0.8325 0.1536 0.5323
vn -0.8337 0.1474 0.5322
vn -0.8315 0.1534 0.5340
vn -0.8335 0.1538 0.5306
vn -0.8312 0.1601 0.5324
vn -0.8302 0.1599 0.5341
vn -0.8347 -0.1476 0.5306
vn -0.8325 -0.1536 0.5323
vn -0.8335 -0.1538 0.5306
vn -0.8312 -0.1601 0.5324
vn -0.8337 -0.1474 0.5322
vn -0.8315 -0.1534 0.5340
vn -0.8302 -0.1599 0.5341
vn 0.8347 0.1476 0.5306
vn 0.8325 0.1536 0.5323
vn 0.8335 0.1538 0.5306
vn 0.8312 0.1601 0.5324
vn 0.8337 0.1474 0.5322
vn 0.8315 0.1534 0.5340
vn 0.8302 0.1599 0.5341
vn 0.8347 -0.1476 0.5306
vn 0.8325 -0.1536 0.5323
vn 0.8337 -0.1474 0.5322
vn 0.8315 -0.1534 0.5340
vn 0.8335 -0.1538 0.5306
vn 0.8312 -0.1601 0.5324
vn 0.8302 -0.1599 0.5341
vn -0.8234 0.1132 0.5561
vn -0.8392 0.0814 0.5377
vn -0.8333 0.1145 0.5409
vn -0.8443 0.0862 0.5289
vn -0.8324 0.0750 0.5491
vn -0.8428 0.0585 0.5351
vn -0.8468 0.0650 0.5279
vn -0.8234 -0.1132 0.5561
vn -0.8392 -0.0814 0.5377
vn -0.8324 -0.0751 0.5491
vn -0.8428 -0.0585 0.5351
vn -0.8333 -0.1145 0.5409
vn -0.8443 -0.0862 0.5289
vn -0.8468 -0.0650 0.5279
vn 0.8234 0.1132 0.5561
vn 0.8392 0.0814 0.5377
vn 0.8324 0.0751 0.5491
vn 0.8428 0.0585 0.5351
vn 0.8333 0.1145 0.5409
vn 0.8443 0.0862 0.5289
vn 0.8468 0.0650 0.5279
vn 0.8234 -0.1132 0.5561
vn 0.8392 -0.0814 0.5377
vn 0.8333 -0.1145 0.5409
vn 0.8443 -0.0862 0.5289
vn 0.8324 -0.0750 0.5491
vn 0.8428 -0.0585 0.5351
vn 0.8468 -0.0650 0.5279
vn -0.9382 -0.0000 0.3461
vn 0.9382 -0.0000 0.3461
vn -0.9678 -0.0000 0.2517
vn -0.9646 0.0045 0.2636
vn -0.9652 -0.0000 0.2616
vn -0.9624 0.0045 0.2714
vn -0.9667 0.0045 0.2557
vn -0.9642 0.0075 0.2649
vn -0.9624 0.0075 0.2714
vn -0.9646 -0.0045 0.2636
vn -0.9667 -0.0045 0.2557
vn -0.9642 -0.0075 0.2649
vn -0.9624 -0.0045 0.2714
vn -0.9624 -0.0075 0.2714
vn 0.9678 -0.0000 0.2517
vn 0.9646 0.0045 0.2636
vn 0.9667 0.0045 0.2557
vn 0.9642 0.0075 0.2649
vn 0.9652 -0.0000 0.2616
vn 0.9624 0.0045 0.2714
vn 0.9624 0.0075 0.2714
vn 0.9646 -0.0045 0.2636
vn 0.9624 -0.0045 0.2714
vn 0.9667 -0.0045 0.2557
vn 0.9642 -0.0075 0.2649
vn 0.9624 -0.0075 0.2714
vn -0.8949 0.2000 0.3989
vn -0.8993 0.1800 0.3985
vn -0.9004 0.1790 0.3966
vn -0.9042 0.1596 0.3961
vn -0.8935 0.2023 0.4010
vn -0.8981 0.1811 0.4007
vn -0.9034 0.1595 0.3980
vn -0.8949 -0.2000 0.3989
vn -0.8993 -0.1800 0.3985
vn -0.8935 -0.2023 0.4010
vn -0.8981 -0.1811 0.4007
vn -0.9004 -0.1790 0.3966
vn -0.9042 -0.1596 0.3961
vn -0.9034 -0.1595 0.3980
vn 0.8949 0.2000 0.3989
vn 0.8993 0.1800 0.3985
vn 0.8935 0.2023 0.4010
vn 0.8981 0.1811 0.4007
vn 0.9004 0.1790 0.3966
vn 0.9042 0.1596 0.3961
vn 0.9034 0.1595 0.3980
vn 0.8949 -0.2000 0.3989
vn 0.8993 -0.1800 0.3985
vn 0.9004 -0.1790 0.3966
vn 0.9042 -0.1596 0.3961
vn 0.8935 -0.2023 0.4010
vn 0.8981 -0.1811 0.4007
vn 0.9034 -0.1595 0.3980
vn -0.9109 0.1250 0.3933
vn -0.9049 0.1484 0.3988
vn -0.9099 0.1248 0.3955
vn -0.9035 0.1498 0.4016
vn -0.9062 0.1471 0.3963
vn -0.8991 0.1733 0.4021
vn -0.8971 0.1764 0.4052
vn -0.9109 -0.1250 0.3933
vn -0.9049 -0.1484 0.3988
vn -0.9062 -0.1471 0.3963
vn -0.8991 -0.1733 0.4021
vn -0.9099 -0.1248 0.3955
vn -0.9035 -0.1498 0.4016
vn -0.8971 -0.1764 0.4052
vn 0.9109 0.1250 0.3933
vn 0.9049 0.1484 0.3988
vn 0.9062 0.1471 0.3963
vn 0.8991 0.1733 0.4021
vn 0.9099 0.1248 0.3955
vn 0.9035 0.1498 0.4016
vn 0.8971 0.1764 0.4052
vn 0.9109 -0.1250 0.3933
vn 0.9049 -0.1484 0.3988
vn 0.9099 -0.1248 0.3955
vn 0.9035 -0.1498 0.4016
vn 0.9062 -0.1471 0.3963
vn 0.8991 -0.1733 0.4021
vn 0.8971 -0.1764 0.4052
vn -0.1929 0.9796 0.0568
vn -0.1911 0.9799 0.0578
vn -0.1931 0.9794 0.0592
vn -0.1907 0.9797 0.0620
vn -0.1913 0.9800 0.0553
vn -0.1880 0.9806 0.0557
vn -0.1861 0.9807 0.0605
vn -0.1929 -0.9796 0.0568
vn -0.1911 -0.9799 0.0578
vn -0.1913 -0.9800 0.0553
vn -0.1880 -0.9806 0.0557
vn -0.1931 -0.9794 0.0592
vn -0.1907 -0.9797 0.0620
vn -0.1861 -0.9807 0.0605
vn 0.1929 0.9796 0.0568
vn 0.1911 0.9799 0.0578
vn 0.1913 0.9800 0.0553
vn 0.1880 0.9806 0.0557
vn 0.1931 0.9794 0.0592
vn 0.1907 0.9797 0.0620
vn 0.1861 0.9807 0.0605
vn 0.1929 -0.9796 0.0568
vn 0.1911 -0.9799 0.0578
vn 0.1931 -0.9794 0.0592
vn 0.1907 -0.9797 0.0620
vn 0.1913 -0.9800 0.0553
vn 0.1880 -0.9806 0.0557
vn 0.1861 -0.9807 0.0605
vn -0.5334 0.7502 0.3908
vn -0.5211 0.7586 0.3911
vn -0.5211 0.7577 0.3928
vn -0.5038 0.7690 0.3935
vn -0.5332 0.7510 0.3893
vn -0.5212 0.7594 0.3895
vn -0.5042 0.7698 0.3915
vn -0.5334 -0.7502 0.3908
vn -0.5211 -0.7586 0.3911
vn -0.5332 -0.7510 0.3893
vn -0.5212 -0.7594 0.3895
vn -0.5211 -0.7577 0.3928
vn -0.5038 -0.7690 0.3935
vn -0.5042 -0.7698 0.3915
vn 0.5334 0.7502 0.3908
vn 0.5211 0.7586 0.3911
vn 0.5332 0.7510 0.3893
vn 0.5212 0.7594 0.3895
vn 0.5211 0.7577 0.3928
vn 0.5038 0.7690 0.3935
vn 0.5042 0.7698 0.3915
vn 0.5334 -0.7502 0.3908
vn 0.5211 -0.7586 0.3911
vn 0.5211 -0.7577 0.3928
vn 0.5038 -0.7690 0.3935
vn 0.5332 -0.7510 0.3893
vn 0.5212 -0.7594 0.3895
vn 0.5042 -0.7698 0.3915
vn -0.5641 0.7262 0.3929
vn -0.5264 0.7540 0.3928
vn -0.5260 0.7523 0.3967
vn -0.4978 0.7718 0.3956
vn -0.5652 0.7279 0.3882
vn -0.5269 0.7558 0.3888
vn -0.4978 0.7735 0.3922
vn -0.5641 -0.7262 0.3929
vn -0.5264 -0.7540 0.3928
vn -0.5652 -0.7279 0.3882
vn -0.5269 -0.7558 0.3888
vn -0.5260 -0.7523 0.3967
vn -0.4978 -0.7718 0.3956
vn -0.4978 -0.7735 0.3922
vn 0.5641 0.7262 0.3929
vn 0.5264 0.7540 0.3928
vn 0.5652 0.7279 0.3882
vn 0.5269 0.7558 0.3888
vn 0.5260 0.7523 0.3967
vn 0.4978 0.7718 0.3956
vn 0.4978 0.7735 0.3922
vn 0.5641 -0.7262 0.3929
vn 0.5264 -0.7540 0.3928
vn 0.5260 -0.7523 0.3967
vn 0.4978 -0.7718 0.3956
vn 0.5652 -0.7279 0.3882
vn 0.5269 -0.7558 0.3888
vn 0.4978 -0.7735 0.3922
vn -0.5881 0.7092 0.3889
vn -0.5834 0.7124 0.3900
vn -0.5880 0.7089 0.3895
vn -0.5833 0.7122 0.3906
vn -0.5836 0.7127 0.3893
vn -0.5774 0.7170 0.3906
vn -0.5772 0.7167 0.3914
vn -0.5881 -0.7092 0.3889
vn -0.5834 -0.7124 0.3900
vn -0.5836 -0.7127 0.3893
vn -0.5774 -0.7170 0.3906
vn -0.5880 -0.7089 0.3895
vn -0.5833 -0.7122 0.3906
vn -0.5772 -0.7167 0.3914
vn 0.5881 0.7092 0.3889
vn 0.5834 0.7124 0.3900
vn 0.5836 0.7127 0.3893
vn 0.5774 0.7170 0.3906
vn 0.5880 0.7089 0.3895
vn 0.5833 0.7122 0.3906
vn 0.5772 0.7167 0.3914
vn 0.5881 -0.7092 0.3889
vn 0.5834 -0.7124 0.3900
vn 0.5880 -0.7089 0.3895
vn 0.5833 -0.7122 0.3906
vn 0.5836 -0.7127 0.3893
vn 0.5774 -0.7170 0.3906
vn 0.5772 -0.7167 0.3914
vn -0.5745 0.8023 -0.1620
vn -0.5361 0.8137 -0.2246
vn -0.5548 0.8172 -0.1565
vn -0.5128 0.8305 -0.2174
vn -0.5593 0.7960 -0.2317
vn -0.5044 0.8016 -0.3209
vn -0.4766 0.8222 -0.3112
vn -0.5745 -0.8023 -0.1620
vn -0.5361 -0.8137 -0.2246
vn -0.5593 -0.7960 -0.2317
vn -0.5044 -0.8016 -0.3208
vn -0.5548 -0.8172 -0.1565
vn -0.5128 -0.8305 -0.2174
vn -0.4766 -0.8222 -0.3112
vn 0.5745 0.8023 -0.1620
vn 0.5361 0.8137 -0.2246
vn 0.5593 0.7960 -0.2317
vn 0.5044 0.8016 -0.3208
vn 0.5548 0.8172 -0.1565
vn 0.5128 0.8305 -0.2174
vn 0.4766 0.8222 -0.3112
vn 0.5745 -0.8023 -0.1620
vn 0.5361 -0.8137 -0.2246
vn 0.5548 -0.8172 -0.1565
vn 0.5128 -0.8305 -0.2174
vn 0.5593 -0.7960 -0.2317
vn 0.5044 -0.8016 -0.3209
vn 0.4766 -0.8222 -0.3112
vn -0.6102 0.6915 0.3866
vn -0.6154 0.6868 0.3868
vn -0.6155 0.6871 0.3860
vn -0.6286 0.6753 0.3858
vn -0.6101 0.6913 0.3871
vn -0.6152 0.6865 0.3876
vn -0.6282 0.6748 0.3872
vn -0.6102 -0.6915 0.3866
vn -0.6154 -0.6868 0.3868
vn -0.6101 -0.6913 0.3871
vn -0.6152 -0.6865 0.3876
vn -0.6155 -0.6871 0.3860
vn -0.6286 -0.6753 0.3858
vn -0.6282 -0.6748 0.3872
vn 0.6102 0.6915 0.3866
vn 0.6154 0.6868 0.3868
vn 0.6101 0.6913 0.3871
vn 0.6152 0.6865 0.3876
vn 0.6155 0.6871 0.3860
vn 0.6286 0.6753 0.3858
vn 0.6282 0.6748 0.3872
vn 0.6102 -0.6915 0.3866
vn 0.6154 -0.6868 0.3868
vn 0.6155 -0.6871 0.3860
vn 0.6286 -0.6753 0.3858
vn 0.6101 -0.6913 0.3871
vn 0.6152 -0.6865 0.3876
vn 0.6282 -0.6748 0.3872
vn -0.7076 0.5915 0.3866
vn -0.7097 0.5888 0.3870
vn -0.7098 0.5889 0.3866
vn -0.7125 0.5853 0.3870
vn -0.7075 0.5914 0.3869
vn -0.7096 0.5886 0.3873
vn -0.7124 0.5851 0.3874
vn -0.7076 -0.5915 0.3866
vn -0.7097 -0.5888 0.3870
vn -0.7075 -0.5914 0.3869
vn -0.7096 -0.5886 0.3873
vn -0.7098 -0.5889 0.3866
vn -0.7125 -0.5853 0.3870
vn -0.7124 -0.5851 0.3874
vn 0.7076 0.5915 0.3866
vn 0.7097 0.5888 0.3870
vn 0.7075 0.5914 0.3869
vn 0.7096 0.5886 0.3873
vn 0.7098 0.5889 0.3866
vn 0.7125 0.5853 0.3870
vn 0.7124 0.5851 0.3874
vn 0.7076 -0.5915 0.3866
vn 0.7097 -0.5888 0.3870
vn 0.7098 -0.5889 0.3866
vn 0.7125 -0.5853 0.3870
vn 0.7075 -0.5914 0.3869
vn 0.7096 -0.5886 0.3873
vn 0.7124 -0.5851 0.3874
vn -0.7317 0.5605 0.3879
vn -0.7463 0.5392 0.3903
vn -0.7470 0.5399 0.3880
vn -0.7626 0.5158 0.3903
vn -0.7311 0.5597 0.3901
vn -0.7456 0.5385 0.3926
vn -0.7618 0.5152 0.3927
vn -0.7317 -0.5605 0.3879
vn -0.7463 -0.5392 0.3903
vn -0.7311 -0.5597 0.3901
vn -0.7456 -0.5385 0.3926
vn -0.7470 -0.5398 0.3880
vn -0.7626 -0.5158 0.3903
vn -0.7618 -0.5152 0.3927
vn 0.7317 0.5605 0.3879
vn 0.7463 0.5392 0.3903
vn 0.7311 0.5597 0.3901
vn 0.7456 0.5385 0.3926
vn 0.7470 0.5398 0.3880
vn 0.7626 0.5158 0.3903
vn 0.7618 0.5152 0.3927
vn 0.7317 -0.5605 0.3879
vn 0.7463 -0.5392 0.3903
vn 0.7470 -0.5399 0.3880
vn 0.7626 -0.5158 0.3903
vn 0.7311 -0.5597 0.3901
vn 0.7456 -0.5385 0.3926
vn 0.7618 -0.5152 0.3927
vn -0.6639 0.6408 0.3855
vn -0.6615 0.6431 0.3858
vn -0.6638 0.6407 0.3857
vn -0.6615 0.6430 0.3859
vn -0.6616 0.6431 0.3856
vn -0.6606 0.6440 0.3858
vn -0.6606 0.6440 0.3859
vn -0.6639 -0.6408 0.3855
vn -0.6615 -0.6431 0.3858
vn -0.6616 -0.6431 0.3856
vn -0.6606 -0.6440 0.3858
vn -0.6638 -0.6407 0.3857
vn -0.6615 -0.6430 0.3859
vn -0.6606 -0.6440 0.3859
vn 0.6639 0.6408 0.3855
vn 0.6615 0.6431 0.3858
vn 0.6616 0.6431 0.3856
vn 0.6606 0.6440 0.3858
vn 0.6638 0.6407 0.3857
vn 0.6615 0.6430 0.3859
vn 0.6606 0.6440 0.3859
vn 0.6639 -0.6408 0.3855
vn 0.6615 -0.6431 0.3858
vn 0.6638 -0.6407 0.3857
vn 0.6615 -0.6430 0.3859
vn 0.6616 -0.6431 0.3856
vn 0.6606 -0.6440 0.3858
vn 0.6606 -0.6440 0.3859
vn -0.4631 0.6931 0.5524
vn -0.4890 0.6780 0.5488
vn -0.4668 0.6999 0.5406
vn -0.4953 0.6842 0.5353
vn -0.4835 0.6726 0.5601
vn -0.5116 0.6546 0.5566
vn -0.5200 0.6589 0.5436
vn -0.4631 -0.6931 0.5524
vn -0.4890 -0.6780 0.5488
vn -0.4835 -0.6726 0.5601
vn -0.5116 -0.6546 0.5566
vn -0.4668 -0.6999 0.5406
vn -0.4953 -0.6842 0.5353
vn -0.5200 -0.6589 0.5436
vn 0.4631 0.6931 0.5524
vn 0.4890 0.6780 0.5488
vn 0.4835 0.6726 0.5601
vn 0.5116 0.6546 0.5566
vn 0.4668 0.6999 0.5406
vn 0.4953 0.6842 0.5353
vn 0.5200 0.6589 0.5436
vn 0.4631 -0.6931 0.5524
vn 0.4890 -0.6780 0.5488
vn 0.4668 -0.6999 0.5406
vn 0.4953 -0.6842 0.5353
vn 0.4835 -0.6726 0.5601
vn 0.5116 -0.6546 0.5566
vn 0.5200 -0.6589 0.5436
vn -0.5444 0.4324 0.7188
vn -0.5341 0.4450 0.7189
vn -0.5402 0.4322 0.7221
vn -0.5306 0.4439 0.7221
vn -0.5380 0.4462 0.7152
vn -0.5269 0.4595 0.7150
vn -0.5237 0.4574 0.7187
vn -0.5444 -0.4324 0.7188
vn -0.5341 -0.4450 0.7189
vn -0.5380 -0.4462 0.7152
vn -0.5269 -0.4595 0.7150
vn -0.5402 -0.4322 0.7221
vn -0.5306 -0.4439 0.7221
vn -0.5237 -0.4574 0.7187
vn 0.5444 0.4324 0.7188
vn 0.5341 0.4450 0.7189
vn 0.5380 0.4462 0.7152
vn 0.5269 0.4595 0.7150
vn 0.5402 0.4322 0.7221
vn 0.5306 0.4439 0.7221
vn 0.5237 0.4574 0.7187
vn 0.5444 -0.4324 0.7188
vn 0.5341 -0.4450 0.7189
vn 0.5402 -0.4322 0.7221
vn 0.5306 -0.4439 0.7221
vn 0.5380 -0.4462 0.7152
vn 0.5269 -0.4595 0.7150
vn 0.5237 -0.4574 0.7187
vn -0.5101 0.6538 0.5589
vn -0.5101 -0.6538 0.5589
vn 0.5101 0.6538 0.5589
vn 0.5101 -0.6538 0.5589
vn -0.5081 0.7347 0.4495
vn -0.5081 0.7346 0.4495
vn -0.5081 -0.7346 0.4495
vn -0.5081 -0.7347 0.4495
vn 0.5081 0.7346 0.4495
vn 0.5081 0.7347 0.4495
vn 0.5081 -0.7347 0.4495
vn 0.5081 -0.7346 0.4495
vn -0.5060 0.6734 0.5390
vn -0.5060 -0.6734 0.5390
vn 0.5060 0.6734 0.5390
vn 0.5060 -0.6734 0.5390
vn -0.5155 0.6897 0.5085
vn -0.5155 -0.6897 0.5085
vn 0.5155 0.6897 0.5085
vn 0.5155 -0.6897 0.5085
vn -0.5318 0.3959 0.7486
vn -0.5318 0.3959 0.7487
vn -0.5318 -0.3959 0.7487
vn -0.5318 -0.3959 0.7486
vn 0.5318 0.3959 0.7487
vn 0.5318 0.3959 0.7486
vn 0.5318 -0.3959 0.7486
vn 0.5318 -0.3959 0.7487
vn -0.5289 0.5114 0.6773
vn -0.5297 0.5144 0.6744
vn -0.5289 0.5148 0.6748
vn -0.5295 0.5171 0.6725
vn -0.5299 0.5109 0.6769
vn -0.5305 0.5140 0.6740
vn -0.5303 0.5168 0.6721
vn -0.5289 -0.5114 0.6773
vn -0.5297 -0.5144 0.6744
vn -0.5299 -0.5109 0.6769
vn -0.5305 -0.5140 0.6740
vn -0.5289 -0.5148 0.6748
vn -0.5295 -0.5171 0.6725
vn -0.5303 -0.5168 0.6721
vn 0.5289 0.5114 0.6773
vn 0.5297 0.5144 0.6744
vn 0.5299 0.5109 0.6769
vn 0.5305 0.5140 0.6740
vn 0.5289 0.5148 0.6748
vn 0.5295 0.5171 0.6725
vn 0.5303 0.5168 0.6721
vn 0.5289 -0.5114 0.6773
vn 0.5297 -0.5144 0.6744
vn 0.5289 -0.5148 0.6748
vn 0.5295 -0.5171 0.6725
vn 0.5299 -0.5109 0.6769
vn 0.5305 -0.5140 0.6740
vn 0.5303 -0.5168 0.6721
vn -0.5248 0.2905 0.8001
vn -0.5248 -0.2905 0.8001
vn 0.5248 0.2905 0.8001
vn 0.5248 -0.2905 0.8001
vn -0.5113 0.3203 0.7975
vn -0.5144 0.2806 0.8103
vn -0.5264 0.2868 0.8004
vn -0.5249 0.2641 0.8091
vn -0.4946 0.3106 0.8117
vn -0.5028 0.2745 0.8197
vn -0.5158 0.2596 0.8164
vn -0.5113 -0.3203 0.7975
vn -0.5144 -0.2806 0.8103
vn -0.4946 -0.3106 0.8117
vn -0.5028 -0.2745 0.8197
vn -0.5264 -0.2868 0.8004
vn -0.5249 -0.2641 0.8091
vn -0.5158 -0.2596 0.8164
vn 0.5113 0.3203 0.7975
vn 0.5144 0.2806 0.8103
vn 0.4946 0.3106 0.8117
vn 0.5028 0.2745 0.8197
vn 0.5264 0.2868 0.8004
vn 0.5249 0.2641 0.8091
vn 0.5158 0.2596 0.8164
vn 0.5113 -0.3203 0.7975
vn 0.5144 -0.2806 0.8103
vn 0.5264 -0.2868 0.8004
vn 0.5249 -0.2641 0.8091
vn 0.4946 -0.3106 0.8117
vn 0.5028 -0.2745 0.8197
vn 0.5158 -0.2596 0.8164
vn -0.5362 0.2355 0.8106
vn -0.5002 0.2509 0.8288
vn -0.5235 0.2301 0.8203
vn -0.4838 0.2435 0.8406
vn -0.5167 0.2585 0.8162
vn -0.4540 0.2902 0.8424
vn -0.4308 0.2783 0.8585
vn -0.5362 -0.2355 0.8106
vn -0.5002 -0.2509 0.8288
vn -0.5167 -0.2585 0.8162
vn -0.4540 -0.2902 0.8424
vn -0.5235 -0.2301 0.8203
vn -0.4838 -0.2435 0.8406
vn -0.4308 -0.2783 0.8585
vn 0.5362 0.2355 0.8106
vn 0.5002 0.2509 0.8288
vn 0.5167 0.2585 0.8162
vn 0.4540 0.2902 0.8424
vn 0.5235 0.2301 0.8203
vn 0.4838 0.2435 0.8406
vn 0.4308 0.2783 0.8585
vn 0.5362 -0.2355 0.8106
vn 0.5002 -0.2509 0.8288
vn 0.5235 -0.2301 0.8203
vn 0.4838 -0.2435 0.8406
vn 0.5167 -0.2585 0.8162
vn 0.4540 -0.2902 0.8424
vn 0.4308 -0.2783 0.8585
vn -0.5235 0.6296 0.5741
vn -0.5235 -0.6296 0.5741
vn 0.5235 0.6296 0.5741
vn 0.5235 -0.6296 0.5741
vn -0.5267 0.6172 0.5845
vn -0.5267 -0.6172 0.5845
vn 0.5267 0.6172 0.5845
vn 0.5267 -0.6172 0.5845
vn -0.6221 0.5191 0.5861
vn -0.6221 -0.5191 0.5861
vn 0.6221 0.5191 0.5861
vn 0.6221 -0.5191 0.5861
vn -0.6564 0.4783 0.5834
vn -0.6564 -0.4783 0.5834
vn 0.6564 0.4783 0.5834
vn 0.6564 -0.4783 0.5834
vn -0.5016 0.0838 0.8610
vn -0.4894 0.1056 0.8656
vn -0.4876 0.0846 0.8689
vn -0.4489 0.1293 0.8842
vn -0.5024 0.0978 0.8591
vn -0.4909 0.1247 0.8623
vn -0.4549 0.1642 0.8753
vn -0.5016 -0.0838 0.8610
vn -0.4894 -0.1056 0.8656
vn -0.5024 -0.0978 0.8591
vn -0.4909 -0.1247 0.8623
vn -0.4876 -0.0846 0.8689
vn -0.4489 -0.1293 0.8842
vn -0.4549 -0.1642 0.8753
vn 0.5016 0.0838 0.8610
vn 0.4894 0.1056 0.8656
vn 0.5024 0.0978 0.8591
vn 0.4909 0.1247 0.8623
vn 0.4876 0.0846 0.8689
vn 0.4489 0.1293 0.8842
vn 0.4549 0.1642 0.8753
vn 0.5016 -0.0838 0.8610
vn 0.4894 -0.1056 0.8656
vn 0.4876 -0.0846 0.8689
vn 0.4489 -0.1293 0.8842
vn 0.5024 -0.0978 0.8591
vn 0.4909 -0.1247 0.8623
vn 0.4549 -0.1642 0.8753
vn -0.4236 0.0072 0.9058
vn -0.4236 -0.0072 0.9058
vn 0.4236 0.0072 0.9058
vn 0.4236 -0.0072 0.9058
vn -0.5888 0.0397 0.8073
vn -0.5888 -0.0397 0.8073
vn 0.5888 0.0397 0.8073
vn 0.5888 -0.0397 0.8073
vn -0.8782 -0.0000 0.4784
vn 0.8782 -0.0000 0.4784
vn -0.8379 -0.0000 0.5458
vn 0.8379 -0.0000 0.5458
vn -0.7925 -0.0000 0.6099
vn 0.7925 -0.0000 0.6099
vn -0.7221 0.0049 0.6918
vn -0.7239 0.0029 0.6899
vn -0.7243 0.0049 0.6895
vn -0.7265 0.0029 0.6872
vn -0.7213 0.0028 0.6926
vn -0.7234 -0.0000 0.6905
vn -0.7265 -0.0000 0.6872
vn -0.7221 -0.0049 0.6918
vn -0.7239 -0.0029 0.6899
vn -0.7213 -0.0028 0.6926
vn -0.7243 -0.0049 0.6895
vn -0.7265 -0.0029 0.6872
vn 0.7221 0.0049 0.6918
vn 0.7239 0.0029 0.6899
vn 0.7213 0.0028 0.6926
vn 0.7234 -0.0000 0.6905
vn 0.7243 0.0049 0.6895
vn 0.7265 0.0029 0.6872
vn 0.7265 -0.0000 0.6872
vn 0.7221 -0.0049 0.6918
vn 0.7239 -0.0029 0.6899
vn 0.7243 -0.0049 0.6895
vn 0.7265 -0.0029 0.6872
vn 0.7213 -0.0028 0.6926
vn -0.9090 -0.0000 0.4168
vn 0.9090 -0.0000 0.4168
vn -0.8417 0.0273 0.5392
vn -0.8417 0.0272 0.5392
vn -0.8417 -0.0272 0.5392
vn -0.8417 -0.0273 0.5392
vn 0.8417 0.0272 0.5392
vn 0.8417 0.0273 0.5392
vn 0.8417 -0.0273 0.5392
vn 0.8417 -0.0272 0.5392
vn -0.7870 -0.0200 0.6166
vn -0.7870 0.0200 0.6166
vn 0.7870 -0.0200 0.6166
vn 0.7870 0.0200 0.6166
vn -0.7468 0.1427 0.6496
vn -0.7468 0.1426 0.6496
vn -0.7468 0.1427 0.6495
vn -0.7468 -0.1427 0.6496
vn -0.7468 -0.1426 0.6496
vn -0.7468 -0.1427 0.6495
vn 0.7468 0.1427 0.6496
vn 0.7468 0.1426 0.6496
vn 0.7468 0.1427 0.6495
vn 0.7468 -0.1427 0.6496
vn 0.7468 -0.1426 0.6496
vn 0.7468 -0.1427 0.6495
vn -0.5895 0.0037 0.8078
vn -0.5895 -0.0037 0.8078
vn 0.5895 0.0037 0.8078
vn 0.5895 -0.0037 0.8078
vn -0.5893 0.0036 0.8079
vn -0.5894 0.0036 0.8079
vn -0.5892 0.0036 0.8079
vn -0.5893 0.0035 0.8079
vn -0.5893 -0.0036 0.8079
vn -0.5893 -0.0035 0.8079
vn -0.5894 -0.0036 0.8079
vn 0.5893 0.0036 0.8079
vn 0.5893 0.0035 0.8079
vn 0.5894 0.0036 0.8079
vn 0.5893 -0.0036 0.8079
vn 0.5894 -0.0036 0.8079
vn 0.5892 -0.0036 0.8079
vn 0.5893 -0.0035 0.8079
vn -0.7393 0.0543 0.6712
vn -0.7393 -0.0543 0.6712
vn 0.7393 0.0543 0.6712
vn 0.7393 -0.0543 0.6712
vn -0.7264 0.1918 0.6600
vn -0.7264 -0.1918 0.6600
vn 0.7264 0.1918 0.6600
vn 0.7264 -0.1918 0.6600
vn -0.6401 0.1406 0.7553
vn -0.6401 -0.1406 0.7553
vn 0.6401 0.1406 0.7553
vn 0.6401 -0.1406 0.7553
vn -0.6324 0.2172 0.7435
vn -0.6324 0.2172 0.7436
vn -0.6324 -0.2172 0.7436
vn -0.6324 -0.2172 0.7435
vn 0.6324 0.2172 0.7436
vn 0.6324 0.2172 0.7435
vn 0.6324 -0.2172 0.7435
vn 0.6324 -0.2172 0.7436
vn -0.5369 0.1209 0.8350
vn -0.5369 -0.1209 0.8350
vn 0.5369 0.1209 0.8350
vn 0.5369 -0.1209 0.8350
vn -0.5350 0.2047 0.8197
vn -0.5344 0.1706 0.8278
vn -0.5377 0.1663 0.8266
vn -0.5366 0.1467 0.8310
vn -0.5283 0.2242 0.8189
vn -0.5294 0.1770 0.8297
vn -0.5336 0.1470 0.8328
vn -0.5350 -0.2047 0.8197
vn -0.5344 -0.1706 0.8278
vn -0.5283 -0.2242 0.8189
vn -0.5294 -0.1770 0.8297
vn -0.5377 -0.1663 0.8266
vn -0.5366 -0.1467 0.8310
vn -0.5336 -0.1470 0.8328
vn 0.5350 0.2047 0.8197
vn 0.5344 0.1706 0.8278
vn 0.5283 0.2242 0.8189
vn 0.5294 0.1770 0.8297
vn 0.5377 0.1663 0.8266
vn 0.5366 0.1467 0.8310
vn 0.5336 0.1470 0.8328
vn 0.5350 -0.2047 0.8197
vn 0.5344 -0.1706 0.8278
vn 0.5377 -0.1663 0.8266
vn 0.5366 -0.1467 0.8310
vn 0.5283 -0.2242 0.8189
vn 0.5294 -0.1770 0.8297
vn 0.5336 -0.1470 0.8328
vn -0.5778 -0.0792 0.8123
vn -0.5778 0.0792 0.8123
vn 0.5778 -0.0792 0.8123
vn 0.5778 0.0792 0.8123
vn -0.5800 -0.0745 0.8112
vn -0.5569 0.1079 0.8235
vn -0.5237 0.0667 0.8493
vn -0.4959 0.2291 0.8376
vn -0.6072 -0.0143 0.7944
vn -0.5805 0.1386 0.8024
vn -0.5267 0.2442 0.8142
vn -0.5800 0.0745 0.8112
vn -0.5569 -0.1079 0.8235
vn -0.6072 0.0143 0.7944
vn -0.5805 -0.1386 0.8024
vn -0.5237 -0.0667 0.8493
vn -0.4959 -0.2291 0.8376
vn -0.5267 -0.2442 0.8142
vn 0.5800 -0.0745 0.8112
vn 0.5569 0.1079 0.8235
vn 0.6072 -0.0143 0.7944
vn 0.5805 0.1386 0.8024
vn 0.5237 0.0667 0.8493
vn 0.4959 0.2291 0.8376
vn 0.5267 0.2442 0.8142
vn 0.5800 0.0745 0.8112
vn 0.5569 -0.1079 0.8235
vn 0.5237 -0.0667 0.8493
vn 0.4959 -0.2291 0.8376
vn 0.6072 0.0143 0.7944
vn 0.5805 -0.1386 0.8024
vn 0.5267 -0.2442 0.8142
vn -0.5884 -0.0990 0.8025
vn -0.5884 0.0990 0.8025
vn 0.5884 -0.0990 0.8025
vn 0.5884 0.0990 0.8025
vn -0.5916 0.2522 0.7658
vn -0.6148 0.1050 0.7817
vn -0.6437 0.1351 0.7533
vn -0.6555 -0.0022 0.7552
vn -0.5529 0.2351 0.7994
vn -0.5756 0.0663 0.8150
vn -0.6242 -0.0493 0.7797
vn -0.5916 -0.2522 0.7658
vn -0.6148 -0.1050 0.7817
vn -0.5529 -0.2351 0.7994
vn -0.5756 -0.0663 0.8150
vn -0.6437 -0.1351 0.7533
vn -0.6555 0.0022 0.7552
vn -0.6242 0.0493 0.7797
vn 0.5916 0.2522 0.7658
vn 0.6148 0.1050 0.7817
vn 0.5529 0.2351 0.7994
vn 0.5756 0.0663 0.8150
vn 0.6437 0.1351 0.7533
vn 0.6555 -0.0022 0.7552
vn 0.6242 -0.0493 0.7797
vn 0.5916 -0.2522 0.7658
vn 0.6148 -0.1050 0.7817
vn 0.6437 -0.1351 0.7533
vn 0.6555 0.0022 0.7552
vn 0.5529 -0.2351 0.7994
vn 0.5756 -0.0663 0.8150
vn 0.6242 0.0493 0.7797
vn -0.5889 0.0371 0.8074
vn -0.5889 -0.0371 0.8074
vn 0.5889 0.0371 0.8074
vn 0.5889 -0.0371 0.8074
vn -0.5430 0.3448 0.7656
vn -0.5298 0.3569 0.7694
vn -0.5375 0.3397 0.7718
vn -0.5244 0.3509 0.7758
vn -0.5356 0.3633 0.7623
vn -0.5197 0.3783 0.7660
vn -0.5141 0.3708 0.7734
vn -0.5430 -0.3448 0.7656
vn -0.5298 -0.3569 0.7694
vn -0.5356 -0.3633 0.7623
vn -0.5197 -0.3783 0.7660
vn -0.5375 -0.3397 0.7718
vn -0.5244 -0.3509 0.7758
vn -0.5141 -0.3708 0.7734
vn 0.5430 0.3448 0.7656
vn 0.5298 0.3569 0.7694
vn 0.5356 0.3633 0.7623
vn 0.5197 0.3783 0.7660
vn 0.5375 0.3397 0.7718
vn 0.5244 0.3509 0.7758
vn 0.5141 0.3708 0.7734
vn 0.5430 -0.3448 0.7656
vn 0.5298 -0.3569 0.7694
vn 0.5375 -0.3397 0.7718
vn 0.5244 -0.3509 0.7758
vn 0.5356 -0.3633 0.7623
vn 0.5197 -0.3783 0.7660
vn 0.5141 -0.3708 0.7734
vn -0.5309 0.3979 0.7482
vn -0.5329 0.3804 0.7559
vn -0.5369 0.3841 0.7511
vn -0.5380 0.3681 0.7583
vn -0.5276 0.3925 0.7533
vn -0.5297 0.3775 0.7596
vn -0.5343 0.3665 0.7617
vn -0.5309 -0.3979 0.7482
vn -0.5329 -0.3804 0.7559
vn -0.5276 -0.3925 0.7533
vn -0.5297 -0.3775 0.7596
vn -0.5369 -0.3841 0.7511
vn -0.5380 -0.3681 0.7583
vn -0.5342 -0.3665 0.7617
vn 0.5309 0.3979 0.7482
vn 0.5329 0.3804 0.7559
vn 0.5276 0.3925 0.7533
vn 0.5297 0.3775 0.7596
vn 0.5369 0.3841 0.7511
vn 0.5380 0.3681 0.7583
vn 0.5342 0.3665 0.7617
vn 0.5309 -0.3979 0.7482
vn 0.5329 -0.3804 0.7559
vn 0.5369 -0.3841 0.7511
vn 0.5380 -0.3681 0.7583
vn 0.5276 -0.3925 0.7533
vn 0.5297 -0.3775 0.7596
vn 0.5343 -0.3665 0.7617
vn -0.5301 0.5101 0.6773
vn -0.5289 0.5108 0.6778
vn -0.5301 0.5090 0.6781
vn -0.5288 0.5096 0.6788
vn -0.5290 0.5118 0.6769
vn -0.5275 0.5127 0.6774
vn -0.5273 0.5116 0.6784
vn -0.5301 -0.5101 0.6773
vn -0.5289 -0.5108 0.6778
vn -0.5290 -0.5118 0.6769
vn -0.5275 -0.5127 0.6774
vn -0.5301 -0.5090 0.6781
vn -0.5288 -0.5096 0.6788
vn -0.5273 -0.5116 0.6784
vn 0.5301 0.5101 0.6773
vn 0.5289 0.5108 0.6778
vn 0.5290 0.5118 0.6769
vn 0.5275 0.5127 0.6774
vn 0.5301 0.5090 0.6781
vn 0.5288 0.5096 0.6788
vn 0.5273 0.5116 0.6784
vn 0.5301 -0.5101 0.6773
vn 0.5289 -0.5108 0.6778
vn 0.5301 -0.5090 0.6781
vn 0.5288 -0.5096 0.6788
vn 0.5290 -0.5118 0.6769
vn 0.5275 -0.5127 0.6774
vn 0.5273 -0.5116 0.6784
vn -0.5281 0.5532 0.6443
vn -0.5290 0.5527 0.6440
vn -0.5286 0.5531 0.6439
vn -0.5291 0.5527 0.6439
vn -0.5289 0.5525 0.6442
vn -0.5292 0.5525 0.6440
vn -0.5292 0.5526 0.6439
vn -0.5281 -0.5532 0.6443
vn -0.5290 -0.5527 0.6440
vn -0.5289 -0.5525 0.6442
vn -0.5292 -0.5525 0.6440
vn -0.5286 -0.5531 0.6439
vn -0.5291 -0.5527 0.6439
vn -0.5292 -0.5526 0.6439
vn 0.5281 0.5532 0.6443
vn 0.5290 0.5527 0.6440
vn 0.5289 0.5525 0.6442
vn 0.5292 0.5525 0.6440
vn 0.5286 0.5531 0.6439
vn 0.5291 0.5527 0.6439
vn 0.5292 0.5526 0.6439
vn 0.5281 -0.5532 0.6443
vn 0.5290 -0.5527 0.6440
vn 0.5286 -0.5531 0.6439
vn 0.5291 -0.5527 0.6439
vn 0.5289 -0.5525 0.6442
vn 0.5292 -0.5525 0.6440
vn 0.5292 -0.5526 0.6439
vn -0.4634 0.2572 0.8480
vn -0.4592 0.2549 0.8510
vn -0.4656 0.2524 0.8483
vn -0.4614 0.2389 0.8544
vn -0.4584 0.2605 0.8497
vn -0.4398 0.2625 0.8589
vn -0.0091 0.0148 0.9998
vn -0.4634 -0.2572 0.8480
vn -0.4592 -0.2549 0.8510
vn -0.4584 -0.2605 0.8497
vn -0.4398 -0.2625 0.8589
vn -0.4656 -0.2524 0.8483
vn -0.4614 -0.2389 0.8544
vn -0.0091 -0.0148 0.9998
vn 0.4634 0.2572 0.8480
vn 0.4592 0.2549 0.8510
vn 0.4584 0.2605 0.8497
vn 0.4398 0.2625 0.8589
vn 0.4656 0.2524 0.8483
vn 0.4614 0.2389 0.8544
vn 0.0091 0.0148 0.9998
vn 0.4634 -0.2572 0.8480
vn 0.4592 -0.2549 0.8510
vn 0.4656 -0.2524 0.8483
vn 0.4614 -0.2389 0.8544
vn 0.4584 -0.2605 0.8497
vn 0.4398 -0.2625 0.8589
vn 0.0091 -0.0148 0.9998
vn -0.6798 0.4571 0.5734
vn -0.6774 0.4590 0.5749
vn -0.6792 0.4567 0.5745
vn -0.6765 0.4584 0.5763
vn -0.6782 0.4596 0.5735
vn -0.6733 0.4639 0.5757
vn -0.6720 0.4629 0.5780
vn -0.6798 -0.4571 0.5734
vn -0.6774 -0.4590 0.5749
vn -0.6782 -0.4596 0.5734
vn -0.6733 -0.4639 0.5757
vn -0.6792 -0.4567 0.5745
vn -0.6765 -0.4584 0.5763
vn -0.6720 -0.4629 0.5780
vn 0.6798 0.4571 0.5734
vn 0.6774 0.4590 0.5749
vn 0.6782 0.4596 0.5734
vn 0.6733 0.4639 0.5757
vn 0.6792 0.4567 0.5745
vn 0.6765 0.4584 0.5763
vn 0.6720 0.4629 0.5780
vn 0.6798 -0.4571 0.5734
vn 0.6774 -0.4590 0.5749
vn 0.6792 -0.4567 0.5745
vn 0.6765 -0.4584 0.5763
vn 0.6782 -0.4596 0.5735
vn 0.6733 -0.4639 0.5757
vn 0.6720 -0.4629 0.5780
vn -0.6358 0.5051 0.5836
vn -0.6388 0.5033 0.5819
vn -0.6365 0.5058 0.5823
vn -0.6397 0.5041 0.5802
vn -0.6380 0.5024 0.5836
vn -0.6440 0.4978 0.5809
vn -0.6455 0.4991 0.5781
vn -0.6358 -0.5051 0.5836
vn -0.6388 -0.5033 0.5819
vn -0.6380 -0.5024 0.5836
vn -0.6440 -0.4978 0.5809
vn -0.6365 -0.5058 0.5823
vn -0.6397 -0.5041 0.5802
vn -0.6455 -0.4991 0.5781
vn 0.6358 0.5051 0.5836
vn 0.6388 0.5033 0.5819
vn 0.6380 0.5024 0.5836
vn 0.6440 0.4978 0.5809
vn 0.6365 0.5058 0.5823
vn 0.6397 0.5041 0.5802
vn 0.6455 0.4991 0.5781
vn 0.6358 -0.5051 0.5836
vn 0.6388 -0.5033 0.5819
vn 0.6365 -0.5058 0.5823
vn 0.6397 -0.5041 0.5802
vn 0.6380 -0.5024 0.5836
vn 0.6440 -0.4978 0.5809
vn 0.6455 -0.4991 0.5781
vn -0.5108 0.6251 0.5903
vn -0.5142 0.6238 0.5886
vn -0.5114 0.6260 0.5887
vn -0.5151 0.6249 0.5867
vn -0.5134 0.6228 0.5904
vn -0.5186 0.6205 0.5883
vn -0.5198 0.6218 0.5858
vn -0.5108 -0.6251 0.5903
vn -0.5142 -0.6238 0.5886
vn -0.5134 -0.6228 0.5904
vn -0.5186 -0.6205 0.5883
vn -0.5114 -0.6260 0.5887
vn -0.5151 -0.6249 0.5867
vn -0.5198 -0.6218 0.5858
vn 0.5108 0.6251 0.5903
vn 0.5142 0.6238 0.5886
vn 0.5134 0.6228 0.5904
vn 0.5186 0.6205 0.5883
vn 0.5114 0.6260 0.5887
vn 0.5151 0.6249 0.5867
vn 0.5198 0.6218 0.5858
vn 0.5108 -0.6251 0.5903
vn 0.5142 -0.6238 0.5886
vn 0.5114 -0.6260 0.5887
vn 0.5151 -0.6249 0.5867
vn 0.5134 -0.6228 0.5904
vn 0.5186 -0.6205 0.5883
vn 0.5198 -0.6218 0.5858
vn -0.5043 0.6384 0.5816
vn -0.5113 0.6355 0.5785
vn -0.5056 0.6403 0.5783
vn -0.5125 0.6378 0.5749
vn -0.5100 0.6331 0.5824
vn -0.5196 0.6286 0.5787
vn -0.5207 0.6317 0.5743
vn -0.5043 -0.6384 0.5816
vn -0.5113 -0.6355 0.5785
vn -0.5100 -0.6331 0.5824
vn -0.5196 -0.6286 0.5787
vn -0.5056 -0.6403 0.5783
vn -0.5125 -0.6378 0.5749
vn -0.5207 -0.6317 0.5743
vn 0.5043 0.6384 0.5816
vn 0.5113 0.6355 0.5785
vn 0.5100 0.6331 0.5824
vn 0.5196 0.6286 0.5787
vn 0.5056 0.6403 0.5783
vn 0.5125 0.6378 0.5749
vn 0.5207 0.6317 0.5743
vn 0.5043 -0.6384 0.5816
vn 0.5113 -0.6355 0.5785
vn 0.5056 -0.6403 0.5783
vn 0.5125 -0.6378 0.5749
vn 0.5100 -0.6331 0.5824
vn 0.5196 -0.6286 0.5787
vn 0.5207 -0.6317 0.5743
vn -0.5305 0.7579 0.3797
vn -0.5401 0.7464 0.3889
vn -0.5407 0.7462 0.3884
vn -0.5403 0.7463 0.3888
vn -0.5396 0.7466 0.3891
vn -0.5399 0.7464 0.3890
vn -0.5401 0.7463 0.3889
vn -0.5305 -0.7579 0.3797
vn -0.5401 -0.7464 0.3889
vn -0.5396 -0.7466 0.3891
vn -0.5399 -0.7464 0.3890
vn -0.5407 -0.7462 0.3884
vn -0.5403 -0.7463 0.3888
vn -0.5401 -0.7463 0.3889
vn 0.5305 0.7579 0.3797
vn 0.5401 0.7464 0.3889
vn 0.5396 0.7466 0.3891
vn 0.5399 0.7464 0.3890
vn 0.5407 0.7462 0.3884
vn 0.5403 0.7463 0.3888
vn 0.5401 0.7463 0.3889
vn 0.5305 -0.7579 0.3797
vn 0.5401 -0.7464 0.3889
vn 0.5407 -0.7462 0.3884
vn 0.5403 -0.7463 0.3888
vn 0.5396 -0.7466 0.3891
vn 0.5399 -0.7464 0.3890
vn 0.5401 -0.7463 0.3889
vn -0.5450 0.7382 0.3974
vn -0.5420 0.7448 0.3893
vn -0.5412 0.7451 0.3898
vn -0.5417 0.7450 0.3894
vn -0.5426 0.7443 0.3893
vn -0.5422 0.7447 0.3892
vn -0.5419 0.7448 0.3893
vn -0.5450 -0.7382 0.3974
vn -0.5420 -0.7448 0.3893
vn -0.5426 -0.7443 0.3893
vn -0.5422 -0.7447 0.3892
vn -0.5412 -0.7451 0.3898
vn -0.5417 -0.7450 0.3894
vn -0.5419 -0.7448 0.3893
vn 0.5450 0.7382 0.3974
vn 0.5420 0.7448 0.3893
vn 0.5426 0.7443 0.3893
vn 0.5422 0.7447 0.3892
vn 0.5412 0.7451 0.3898
vn 0.5417 0.7450 0.3894
vn 0.5419 0.7448 0.3893
vn 0.5450 -0.7382 0.3974
vn 0.5420 -0.7448 0.3893
vn 0.5412 -0.7451 0.3898
vn 0.5417 -0.7450 0.3894
vn 0.5426 -0.7443 0.3893
vn 0.5422 -0.7447 0.3892
vn 0.5419 -0.7448 0.3893
vn -0.4725 0.8269 0.3051
vn -0.5300 0.7510 0.3938
vn -0.5414 0.7465 0.3868
vn -0.5337 0.7491 0.3924
vn -0.5216 0.7552 0.3969
vn -0.5272 0.7521 0.3955
vn -0.5303 0.7506 0.3942
vn -0.4725 -0.8268 0.3051
vn -0.5300 -0.7510 0.3938
vn -0.5216 -0.7552 0.3969
vn -0.5272 -0.7521 0.3955
vn -0.5414 -0.7465 0.3868
vn -0.5337 -0.7491 0.3924
vn -0.5303 -0.7506 0.3942
vn 0.4725 0.8268 0.3051
vn 0.5300 0.7510 0.3938
vn 0.5216 0.7552 0.3969
vn 0.5272 0.7521 0.3955
vn 0.5414 0.7465 0.3868
vn 0.5337 0.7491 0.3924
vn 0.5303 0.7506 0.3942
vn 0.4725 -0.8269 0.3051
vn 0.5300 -0.7510 0.3938
vn 0.5414 -0.7465 0.3868
vn 0.5337 -0.7491 0.3924
vn 0.5216 -0.7552 0.3969
vn 0.5272 -0.7521 0.3955
vn 0.5303 -0.7506 0.3942
vn -0.5596 0.7209 0.4089
vn -0.5349 0.7480 0.3930
vn -0.5343 0.7481 0.3936
vn -0.5346 0.7481 0.3932
vn -0.5360 0.7476 0.3923
vn -0.5351 0.7479 0.3927
vn -0.5348 0.7480 0.3930
vn -0.5596 -0.7209 0.4089
vn -0.5349 -0.7480 0.3930
vn -0.5360 -0.7476 0.3923
vn -0.5351 -0.7479 0.3927
vn -0.5343 -0.7481 0.3936
vn -0.5346 -0.7481 0.3932
vn -0.5348 -0.7480 0.3930
vn 0.5596 0.7209 0.4089
vn 0.5349 0.7480 0.3930
vn 0.5360 0.7476 0.3923
vn 0.5351 0.7479 0.3927
vn 0.5343 0.7481 0.3936
vn 0.5346 0.7481 0.3932
vn 0.5348 0.7480 0.3930
vn 0.5596 -0.7209 0.4089
vn 0.5349 -0.7480 0.3930
vn 0.5343 -0.7481 0.3936
vn 0.5346 -0.7481 0.3932
vn 0.5360 -0.7476 0.3923
vn 0.5351 -0.7479 0.3927
vn 0.5348 -0.7480 0.3930
vn -0.4641 0.8047 0.3702
vn -0.5257 0.7499 0.4016
vn -0.5266 0.7498 0.4006
vn -0.5260 0.7498 0.4013
vn -0.5245 0.7502 0.4026
vn -0.5253 0.7500 0.4020
vn -0.4641 -0.8047 0.3702
vn -0.5257 -0.7499 0.4016
vn -0.5245 -0.7502 0.4026
vn -0.5253 -0.7500 0.4020
vn -0.5266 -0.7498 0.4006
vn -0.5260 -0.7498 0.4013
vn 0.4641 0.8047 0.3702
vn 0.5257 0.7499 0.4016
vn 0.5245 0.7502 0.4026
vn 0.5253 0.7500 0.4020
vn 0.5266 0.7498 0.4006
vn 0.5260 0.7498 0.4013
vn 0.4641 -0.8047 0.3702
vn 0.5257 -0.7499 0.4016
vn 0.5266 -0.7498 0.4006
vn 0.5260 -0.7498 0.4013
vn 0.5245 -0.7502 0.4026
vn 0.5253 -0.7500 0.4020
vn -0.2719 0.9229 0.2726
vn -0.5417 0.7477 0.3840
vn -0.5464 0.7476 0.3775
vn -0.5438 0.7473 0.3819
vn -0.5346 0.7492 0.3911
vn -0.5399 0.7478 0.3864
vn -0.5420 0.7474 0.3842
vn -0.2719 -0.9229 0.2726
vn -0.5417 -0.7477 0.3840
vn -0.5346 -0.7492 0.3911
vn -0.5399 -0.7478 0.3864
vn -0.5464 -0.7476 0.3775
vn -0.5438 -0.7473 0.3819
vn -0.5420 -0.7474 0.3842
vn 0.2719 0.9229 0.2726
vn 0.5417 0.7477 0.3840
vn 0.5346 0.7492 0.3911
vn 0.5399 0.7478 0.3864
vn 0.5464 0.7476 0.3775
vn 0.5438 0.7473 0.3819
vn 0.5420 0.7474 0.3842
vn 0.2719 -0.9229 0.2726
vn 0.5417 -0.7477 0.3840
vn 0.5464 -0.7476 0.3775
vn 0.5438 -0.7473 0.3819
vn 0.5346 -0.7492 0.3911
vn 0.5399 -0.7478 0.3864
vn 0.5420 -0.7474 0.3842
vn -0.5337 0.7480 0.3946
vn -0.5327 0.7488 0.3944
vn -0.5303 0.7481 0.3989
vn -0.5197 0.7505 0.4084
vn -0.5361 0.7483 0.3906
vn -0.5385 0.7503 0.3834
vn -0.2046 0.9281 0.3112
vn -0.5337 -0.7480 0.3946
vn -0.5327 -0.7488 0.3944
vn -0.5361 -0.7483 0.3906
vn -0.5385 -0.7503 0.3834
vn -0.5303 -0.7481 0.3989
vn -0.5197 -0.7505 0.4084
vn -0.2046 -0.9281 0.3112
vn 0.5337 0.7480 0.3946
vn 0.5327 0.7488 0.3944
vn 0.5361 0.7483 0.3906
vn 0.5385 0.7503 0.3834
vn 0.5303 0.7481 0.3989
vn 0.5197 0.7505 0.4084
vn 0.2046 0.9281 0.3112
vn 0.5337 -0.7480 0.3946
vn 0.5327 -0.7488 0.3944
vn 0.5303 -0.7481 0.3989
vn 0.5197 -0.7505 0.4084
vn 0.5361 -0.7483 0.3906
vn 0.5385 -0.7503 0.3834
vn 0.2046 -0.9281 0.3112
vn -0.5336 0.7479 0.3948
vn -0.5339 0.7477 0.3948
vn -0.5345 0.7481 0.3933
vn -0.5390 0.7477 0.3879
vn -0.5331 0.7477 0.3959
vn -0.5329 0.7471 0.3973
vn -0.6046 0.6914 0.3954
vn -0.5336 -0.7479 0.3948
vn -0.5339 -0.7477 0.3948
vn -0.5331 -0.7477 0.3959
vn -0.5329 -0.7471 0.3973
vn -0.5345 -0.7481 0.3934
vn -0.5390 -0.7477 0.3879
vn -0.6046 -0.6914 0.3954
vn 0.5336 0.7479 0.3948
vn 0.5339 0.7477 0.3948
vn 0.5331 0.7477 0.3959
vn 0.5329 0.7471 0.3973
vn 0.5345 0.7481 0.3934
vn 0.5390 0.7477 0.3879
vn 0.6046 0.6914 0.3954
vn 0.5336 -0.7479 0.3948
vn 0.5339 -0.7477 0.3948
vn 0.5345 -0.7481 0.3933
vn 0.5390 -0.7477 0.3879
vn 0.5331 -0.7477 0.3959
vn 0.5329 -0.7471 0.3973
vn 0.6046 -0.6914 0.3954
vn -0.8509 -0.5252 -0.0109
vn -0.5125 0.7317 0.4495
vn -0.5102 0.7213 0.4685
vn -0.5065 0.7306 0.4579
vn -0.5522 0.7367 0.3902
vn -0.5138 0.7377 0.4380
vn -0.5081 0.7346 0.4496
vn -0.8509 0.5252 -0.0109
vn -0.5125 -0.7317 0.4495
vn -0.5522 -0.7367 0.3902
vn -0.5138 -0.7377 0.4380
vn -0.5102 -0.7213 0.4685
vn -0.5065 -0.7306 0.4579
vn -0.5081 -0.7346 0.4496
vn 0.8509 -0.5252 -0.0109
vn 0.5125 0.7317 0.4495
vn 0.5522 0.7367 0.3902
vn 0.5138 0.7377 0.4380
vn 0.5102 0.7213 0.4685
vn 0.5065 0.7306 0.4579
vn 0.5081 0.7346 0.4496
vn 0.8509 0.5252 -0.0109
vn 0.5125 -0.7317 0.4495
vn 0.5102 -0.7213 0.4685
vn 0.5065 -0.7306 0.4579
vn 0.5522 -0.7367 0.3902
vn 0.5138 -0.7377 0.4380
vn 0.5081 -0.7346 0.4496
vn 0.0025 0.9384 0.3455
vn -0.0108 0.9382 0.3458
vn -0.0095 0.9387 0.3447
vn -0.0136 0.9384 0.3453
vn -0.0050 0.9379 0.3469
vn -0.0115 0.9380 0.3465
vn -0.0136 0.9382 0.3459
vn 0.0025 -0.9384 0.3455
vn -0.0108 -0.9382 0.3458
vn -0.0051 -0.9379 0.3469
vn -0.0115 -0.9380 0.3465
vn -0.0095 -0.9387 0.3447
vn -0.0136 -0.9384 0.3453
vn -0.0136 -0.9382 0.3459
vn -0.0025 0.9384 0.3455
vn 0.0108 0.9382 0.3458
vn 0.0051 0.9379 0.3469
vn 0.0115 0.9380 0.3465
vn 0.0095 0.9387 0.3447
vn 0.0136 0.9384 0.3453
vn 0.0136 0.9382 0.3459
vn -0.0025 -0.9384 0.3455
vn 0.0108 -0.9382 0.3458
vn 0.0095 -0.9387 0.3447
vn 0.0136 -0.9384 0.3453
vn 0.0050 -0.9379 0.3469
vn 0.0115 -0.9380 0.3465
vn 0.0136 -0.9382 0.3459
vn -0.0000 0.9370 0.3494
vn -0.0000 -0.9370 0.3494
vn -0.0000 0.9090 0.4168
vn -0.0000 -0.9090 0.4168
vn -0.2664 0.9624 -0.0530
vn -0.2664 -0.9624 -0.0530
vn 0.2664 0.9624 -0.0530
vn 0.2664 -0.9624 -0.0530
vn -0.3333 0.9381 -0.0940
vn -0.3333 -0.9381 -0.0940
vn 0.3333 0.9381 -0.0940
vn 0.3333 -0.9381 -0.0940
vn -0.0319 0.9624 0.2697
vn -0.0319 -0.9624 0.2697
vn 0.0319 0.9624 0.2697
vn 0.0319 -0.9624 0.2697
vn -0.0319 0.9624 0.2698
vn -0.0319 -0.9624 0.2698
vn 0.0319 0.9624 0.2698
vn 0.0319 -0.9624 0.2698
s 0
f 1//1 2//1 3//1
f 3//1 4//1 1//1
f 5//1 1//1 4//1
f 4//1 6//1 5//1
f 4//1 3//1 7//1
f 7//1 8//1 4//1
f 6//1 4//1 8//1
f 8//1 9//1 6//1
f 10//2 11//2 12//2
f 12//2 13//2 10//2
f 14//2 10//2 13//2
f 13//2 15//2 14//2
f 13//2 12//2 16//2
f 16//2 17//2 13//2
f 15//2 13//2 17//2
f 17//2 18//2 15//2
f 3//3 2//3 19//3
f 19//3 20//3 3//3
f 7//3 3//3 20//3
f 20//3 21//3 7//3
f 20//3 19//3 22//3
f 22//3 23//3 20//3
f 21//3 20//3 23//3
f 23//3 24//3 21//3
f 25//4 11//4 10//4
f 10//4 26//4 25//4
f 27//4 25//4 26//4
f 26//4 28//4 27//4
f 26//4 10//4 14//4
f 14//4 29//4 26//4
f 28//4 26//4 29//4
f 29//4 30//4 28//4
f 31//5 5//5 6//5
f 6//6 32//6 31//6
f 33//5 31//5 32//5
f 32//7 34//7 33//7
f 32//6 6//6 9//6
f 9//6 35//6 32//6
f 34//6 32//6 35//6
f 35//7 36//7 34//7
f 17//8 16//8 37//8
f 37//9 38//9 17//9
f 18//9 17//9 38//9
f 38//9 39//9 18//9
f 38//8 37//8 40//8
f 40//10 41//10 38//10
f 39//9 38//9 41//9
f 41//9 42//9 39//9
f 23//11 22//11 43//11
f 43//12 44//12 23//12
f 24//12 23//12 44//12
f 44//12 45//12 24//12
f 44//11 43//11 46//11
f 46//13 47//13 44//13
f 45//12 44//12 47//12
f 47//12 48//12 45//12
f 49//14 27//14 28//14
f 28//15 50//15 49//15
f 51//14 49//14 50//14
f 50//16 52//16 51//16
f 50//15 28//15 30//15
f 30//15 53//15 50//15
f 52//15 50//15 53//15
f 53//16 54//16 52//16
f 55//17 33//17 34//17
f 34//18 56//18 55//18
f 57//17 55//17 56//17
f 56//18 58//18 57//18
f 56//19 34//19 36//19
f 36//18 59//18 56//18
f 58//18 56//18 59//18
f 59//18 60//18 58//18
f 41//20 40//20 61//20
f 61//21 62//21 41//21
f 42//22 41//22 62//22
f 62//21 63//21 42//21
f 62//20 61//20 64//20
f 64//21 65//21 62//21
f 63//21 62//21 65//21
f 65//21 66//21 63//21
f 47//23 46//23 67//23
f 67//24 68//24 47//24
f 48//25 47//25 68//25
f 68//24 69//24 48//24
f 68//23 67//23 70//23
f 70//24 71//24 68//24
f 69//24 68//24 71//24
f 71//24 72//24 69//24
f 73//26 51//26 52//26
f 52//27 74//27 73//27
f 75//26 73//26 74//26
f 74//27 76//27 75//27
f 74//28 52//28 54//28
f 54//27 77//27 74//27
f 76//27 74//27 77//27
f 77//27 78//27 76//27
f 79//29 57//29 58//29
f 58//30 80//30 79//30
f 81//31 79//31 80//31
f 80//32 82//32 81//32
f 80//33 58//33 60//33
f 60//34 83//34 80//34
f 82//32 80//32 83//32
f 83//34 84//34 82//34
f 65//35 64//35 85//35
f 85//36 86//36 65//36
f 66//37 65//37 86//37
f 86//38 87//38 66//38
f 86//39 85//39 88//39
f 88//40 89//40 86//40
f 87//40 86//40 89//40
f 89//38 90//38 87//38
f 71//41 70//41 91//41
f 91//42 92//42 71//42
f 72//43 71//43 92//43
f 92//44 93//44 72//44
f 92//45 91//45 94//45
f 94//46 95//46 92//46
f 93//46 92//46 95//46
f 95//44 96//44 93//44
f 97//47 75//47 76//47
f 76//48 98//48 97//48
f 99//49 97//49 98//49
f 98//50 100//50 99//50
f 98//51 76//51 78//51
f 78//52 101//52 98//52
f 100//50 98//50 101//50
f 101//52 102//52 100//52
f 103//53 81//53 82//53
f 82//53 104//53 103//53
f 105//53 103//53 104//53
f 104//53 106//53 105//53
f 104//53 82//53 84//53
f 84//53 107//53 104//53
f 106//53 104//53 107//53
f 107//53 108//53 106//53
f 89//54 88//54 109//54
f 109//54 110//54 89//54
f 90//54 89//54 110//54
f 110//54 111//54 90//54
f 110//54 109//54 112//54
f 112//54 113//54 110//54
f 111//54 110//54 113//54
f 113//54 114//54 111//54
f 95//55 94//55 115//55
f 115//55 116//55 95//55
f 96//55 95//55 116//55
f 116//55 117//55 96//55
f 116//55 115//55 118//55
f 118//55 119//55 116//55
f 117//55 116//55 119//55
f 119//55 120//55 117//55
f 121//56 99//56 100//56
f 100//56 122//56 121//56
f 123//56 121//56 122//56
f 122//56 124//56 123//56
f 122//56 100//56 102//56
f 102//56 125//56 122//56
f 124//56 122//56 125//56
f 125//56 126//56 124//56
f 127//57 105//57 106//57
f 106//58 128//58 127//58
f 129//57 127//57 128//57
f 128//58 130//58 129//58
f 128//57 106//57 108//57
f 108//58 131//58 128//58
f 130//58 128//58 131//58
f 131//58 132//58 130//58
f 113//59 112//59 133//59
f 133//60 134//60 113//60
f 114//59 113//59 134//59
f 134//60 135//60 114//60
f 134//59 133//59 136//59
f 136//60 137//60 134//60
f 135//60 134//60 137//60
f 137//60 138//60 135//60
f 119//61 118//61 139//61
f 139//62 140//62 119//62
f 120//61 119//61 140//61
f 140//62 141//62 120//62
f 140//61 139//61 142//61
f 142//62 143//62 140//62
f 141//62 140//62 143//62
f 143//62 144//62 141//62
f 145//63 123//63 124//63
f 124//64 146//64 145//64
f 147//63 145//63 146//63
f 146//64 148//64 147//64
f 146//63 124//63 126//63
f 126//64 149//64 146//64
f 148//64 146//64 149//64
f 149//64 150//64 148//64
f 151//65 129//65 130//65
f 130//65 152//65 151//65
f 153//65 151//65 152//65
f 152//65 154//65 153//65
f 152//65 130//65 132//65
f 132//65 155//65 152//65
f 154//65 152//65 155//65
f 155//65 156//65 154//65
f 137//66 136//66 157//66
f 157//66 158//66 137//66
f 138//66 137//66 158//66
f 158//66 159//66 138//66
f 158//66 157//66 160//66
f 160//66 161//66 158//66
f 159//66 158//66 161//66
f 161//66 162//66 159//66
f 143//67 142//67 163//67
f 163//67 164//67 143//67
f 144//67 143//67 164//67
f 164//67 165//67 144//67
f 164//67 163//67 166//67
f 166//67 167//67 164//67
f 165//67 164//67 167//67
f 167//67 168//67 165//67
f 169//68 147//68 148//68
f 148//68 170//68 169//68
f 171//68 169//68 170//68
f 170//68 172//68 171//68
f 170//68 148//68 150//68
f 150//68 173//68 170//68
f 172//68 170//68 173//68
f 173//68 174//68 172//68
f 175//69 153//69 154//69
f 154//69 176//69 175//69
f 177//69 175//69 176//69
f 176//69 178//69 177//69
f 176//69 154//69 156//69
f 156//69 179//69 176//69
f 178//69 176//69 179//69
f 179//69 180//69 178//69
f 161//70 160//70 181//70
f 181//70 182//70 161//70
f 162//70 161//70 182//70
f 182//70 183//70 162//70
f 182//70 181//70 184//70
f 184//70 185//70 182//70
f 183//70 182//70 185//70
f 185//70 186//70 183//70
f 167//71 166//71 187//71
f 187//71 188//71 167//71
f 168//71 167//71 188//71
f 188//71 189//71 168//71
f 188//71 187//71 190//71
f 190//71 191//71 188//71
f 189//71 188//71 191//71
f 191//71 192//71 189//71
f 193//72 171//72 172//72
f 172//72 194//72 193//72
f 195//72 193//72 194//72
f 194//72 196//72 195//72
f 194//72 172//72 174//72
f 174//72 197//72 194//72
f 196//72 194//72 197//72
f 197//72 198//72 196//72
f 199//73 177//73 178//73
f 178//73 200//73 199//73
f 201//74 199//74 200//74
f 200//73 202//73 201//73
f 200//73 178//73 180//73
f 180//73 203//73 200//73
f 202//73 200//73 203//73
f 203//75 204//75 202//75
f 185//76 184//76 205//76
f 205//76 206//76 185//76
f 186//76 185//76 206//76
f 206//76 207//76 186//76
f 206//77 205//77 208//77
f 208//76 209//76 206//76
f 207//76 206//76 209//76
f 209//78 210//78 207//78
f 191//79 190//79 211//79
f 211//79 212//79 191//79
f 192//79 191//79 212//79
f 212//79 213//79 192//79
f 212//80 211//80 214//80
f 214//79 215//79 212//79
f 213//79 212//79 215//79
f 215//81 216//81 213//81
f 217//82 195//82 196//82
f 196//82 218//82 217//82
f 219//83 217//83 218//83
f 218//82 220//82 219//82
f 218//82 196//82 198//82
f 198//82 221//82 218//82
f 220//82 218//82 221//82
f 221//84 222//84 220//84
f 223//85 201//85 202//85
f 202//86 224//86 223//86
f 225//85 223//85 224//85
f 224//86 226//86 225//86
f 224//86 202//86 204//86
f 204//86 227//86 224//86
f 226//86 224//86 227//86
f 227//86 228//86 226//86
f 209//87 208//87 229//87
f 229//88 230//88 209//88
f 210//88 209//88 230//88
f 230//88 231//88 210//88
f 230//87 229//87 232//87
f 232//88 233//88 230//88
f 231//88 230//88 233//88
f 233//88 234//88 231//88
f 215//89 214//89 235//89
f 235//90 236//90 215//90
f 216//90 215//90 236//90
f 236//90 237//90 216//90
f 236//89 235//89 238//89
f 238//90 239//90 236//90
f 237//90 236//90 239//90
f 239//90 240//90 237//90
f 241//91 219//91 220//91
f 220//92 242//92 241//92
f 243//91 241//91 242//91
f 242//92 244//92 243//92
f 242//92 220//92 222//92
f 222//92 245//92 242//92
f 244//92 242//92 245//92
f 245//92 246//92 244//92
f 247//93 225//93 226//93
f 226//93 248//93 247//93
f 249//93 247//93 248//93
f 248//93 250//93 249//93
f 248//94 226//94 228//94
f 228//94 251//94 248//94
f 250//93 248//93 251//93
f 251//94 252//94 250//94
f 233//95 232//95 253//95
f 253//95 254//95 233//95
f 234//96 233//96 254//96
f 254//96 255//96 234//96
f 254//95 253//95 256//95
f 256//95 257//95 254//95
f 255//95 254//95 257//95
f 257//96 258//96 255//96
f 239//97 238//97 259//97
f 259//97 260//97 239//97
f 240//98 239//98 260//98
f 260//98 261//98 240//98
f 260//97 259//97 262//97
f 262//97 263//97 260//97
f 261//97 260//97 263//97
f 263//98 264//98 261//98
f 265//99 243//99 244//99
f 244//99 266//99 265//99
f 267//99 265//99 266//99
f 266//99 268//99 267//99
f 266//100 244//100 246//100
f 246//100 269//100 266//100
f 268//99 266//99 269//99
f 269//100 270//100 268//100
f 271//101 249//101 250//101
f 250//102 272//102 271//102
f 273//101 271//101 272//101
f 272//102 274//102 273//102
f 272//102 250//102 252//102
f 252//103 275//103 272//103
f 274//102 272//102 275//102
f 275//102 276//102 274//102
f 257//104 256//104 277//104
f 277//105 278//105 257//105
f 258//105 257//105 278//105
f 278//106 279//106 258//106
f 278//104 277//104 280//104
f 280//105 281//105 278//105
f 279//105 278//105 281//105
f 281//105 282//105 279//105
f 263//107 262//107 283//107
f 283//108 284//108 263//108
f 264//108 263//108 284//108
f 284//109 285//109 264//109
f 284//107 283//107 286//107
f 286//108 287//108 284//108
f 285//108 284//108 287//108
f 287//108 288//108 285//108
f 289//110 267//110 268//110
f 268//111 290//111 289//111
f 291//110 289//110 290//110
f 290//111 292//111 291//111
f 290//111 268//111 270//111
f 270//112 293//112 290//112
f 292//111 290//111 293//111
f 293//111 294//111 292//111
f 295//113 273//113 274//113
f 274//113 296//113 295//113
f 297//113 295//113 296//113
f 296//113 298//113 297//113
f 296//113 274//113 276//113
f 276//113 299//113 296//113
f 298//113 296//113 299//113
f 299//113 300//113 298//113
f 281//114 280//114 301//114
f 301//114 302//114 281//114
f 282//114 281//114 302//114
f 302//114 303//114 282//114
f 302//114 301//114 304//114
f 304//114 305//114 302//114
f 303//114 302//114 305//114
f 305//114 306//114 303//114
f 287//115 286//115 307//115
f 307//115 308//115 287//115
f 288//115 287//115 308//115
f 308//115 309//115 288//115
f 308//115 307//115 310//115
f 310//115 311//115 308//115
f 309//115 308//115 311//115
f 311//115 312//115 309//115
f 313//116 291//116 292//116
f 292//116 314//116 313//116
f 315//116 313//116 314//116
f 314//116 316//116 315//116
f 314//116 292//116 294//116
f 294//116 317//116 314//116
f 316//116 314//116 317//116
f 317//116 318//116 316//116
f 319//117 297//117 298//117
f 298//117 320//117 319//117
f 321//117 319//117 320//117
f 320//117 322//117 321//117
f 320//117 298//117 300//117
f 300//117 323//117 320//117
f 322//117 320//117 323//117
f 323//117 324//117 322//117
f 305//118 304//118 325//118
f 325//118 326//118 305//118
f 306//118 305//118 326//118
f 326//118 327//118 306//118
f 326//118 325//118 328//118
f 328//118 329//118 326//118
f 327//118 326//118 329//118
f 329//118 330//118 327//118
f 311//119 310//119 331//119
f 331//119 332//119 311//119
f 312//119 311//119 332//119
f 332//119 333//119 312//119
f 332//119 331//119 334//119
f 334//119 335//119 332//119
f 333//119 332//119 335//119
f 335//119 336//119 333//119
f 337//120 315//120 316//120
f 316//120 338//120 337//120
f 339//120 337//120 338//120
f 338//120 340//120 339//120
f 338//120 316//120 318//120
f 318//120 341//120 338//120
f 340//120 338//120 341//120
f 341//120 342//120 340//120
f 343//121 321//121 322//121
f 322//121 344//121 343//121
f 345//121 343//121 344//121
f 344//121 346//121 345//121
f 344//121 322//121 324//121
f 324//121 347//121 344//121
f 346//121 344//121 347//121
f 347//121 348//121 346//121
f 329//122 328//122 349//122
f 349//122 350//122 329//122
f 330//122 329//122 350//122
f 350//122 351//122 330//122
f 350//122 349//122 352//122
f 352//122 353//122 350//122
f 351//122 350//122 353//122
f 353//122 354//122 351//122
f 335//123 334//123 355//123
f 355//123 356//123 335//123
f 336//123 335//123 356//123
f 356//123 357//123 336//123
f 356//123 355//123 358//123
f 358//123 359//123 356//123
f 357//123 356//123 359//123
f 359//123 360//123 357//123
f 361//124 339//124 340//124
f 340//124 362//124 361//124
f 363//124 361//124 362//124
f 362//124 364//124 363//124
f 362//124 340//124 342//124
f 342//124 365//124 362//124
f 364//124 362//124 365//124
f 365//124 366//124 364//124
f 367//125 345//125 346//125
f 346//125 368//125 367//125
f 369//125 367//125 368//125
f 368//125 370//125 369//125
f 368//125 346//125 348//125
f 348//125 371//125 368//125
f 370//125 368//125 371//125
f 371//125 372//125 370//125
f 353//126 352//126 373//126
f 373//126 374//126 353//126
f 354//126 353//126 374//126
f 374//126 375//126 354//126
f 374//126 373//126 376//126
f 376//126 377//126 374//126
f 375//126 374//126 377//126
f 377//126 378//126 375//126
f 359//127 358//127 379//127
f 379//127 380//127 359//127
f 360//127 359//127 380//127
f 380//127 381//127 360//127
f 380//127 379//127 382//127
f 382//127 383//127 380//127
f 381//127 380//127 383//127
f 383//127 384//127 381//127
f 385//128 363//128 364//128
f 364//128 386//128 385//128
f 387//128 385//128 386//128
f 386//128 388//128 387//128
f 386//128 364//128 366//128
f 366//128 389//128 386//128
f 388//128 386//128 389//128
f 389//128 390//128 388//128
f 391//129 392//129 393//129
f 393//129 394//129 391//129
f 395//129 391//129 394//129
f 394//129 396//129 395//129
f 394//129 393//129 2//129
f 2//129 1//129 394//129
f 396//129 394//129 1//129
f 1//129 5//129 396//129
f 397//130 398//130 399//130
f 399//130 400//130 397//130
f 11//130 397//130 400//130
f 400//130 12//130 11//130
f 400//130 399//130 401//130
f 401//130 402//130 400//130
f 12//130 400//130 402//130
f 402//130 16//130 12//130
f 393//131 392//131 403//131
f 403//131 404//131 393//131
f 2//131 393//131 404//131
f 404//131 19//131 2//131
f 404//131 403//131 405//131
f 405//131 406//131 404//131
f 19//131 404//131 406//131
f 406//131 22//131 19//131
f 407//132 398//132 397//132
f 397//132 408//132 407//132
f 409//132 407//132 408//132
f 408//132 410//132 409//132
f 408//132 397//132 11//132
f 11//132 25//132 408//132
f 410//132 408//132 25//132
f 25//132 27//132 410//132
f 411//133 395//133 396//133
f 396//134 412//134 411//134
f 413//135 411//135 412//135
f 412//136 414//136 413//136
f 412//137 396//137 5//137
f 5//134 31//134 412//134
f 414//134 412//134 31//134
f 31//134 33//134 414//134
f 402//138 401//138 415//138
f 415//139 416//139 402//139
f 16//140 402//140 416//140
f 416//139 37//139 16//139
f 416//141 415//141 417//141
f 417//142 418//142 416//142
f 37//139 416//139 418//139
f 418//139 40//139 37//139
f 406//143 405//143 419//143
f 419//144 420//144 406//144
f 22//145 406//145 420//145
f 420//144 43//144 22//144
f 420//146 419//146 421//146
f 421//147 422//147 420//147
f 43//144 420//144 422//144
f 422//144 46//144 43//144
f 423//148 409//148 410//148
f 410//149 424//149 423//149
f 425//150 423//150 424//150
f 424//151 426//151 425//151
f 424//152 410//152 27//152
f 27//149 49//149 424//149
f 426//149 424//149 49//149
f 49//149 51//149 426//149
f 427//153 413//153 414//153
f 414//153 428//153 427//153
f 429//153 427//153 428//153
f 428//153 430//153 429//153
f 428//154 414//154 33//154
f 33//155 55//155 428//155
f 430//153 428//153 55//153
f 55//155 57//155 430//155
f 418//156 417//156 431//156
f 431//157 432//157 418//157
f 40//158 418//158 432//158
f 432//159 61//159 40//159
f 432//157 431//157 433//157
f 433//157 434//157 432//157
f 61//157 432//157 434//157
f 434//159 64//159 61//159
f 422//160 421//160 435//160
f 435//161 436//161 422//161
f 46//162 422//162 436//162
f 436//163 67//163 46//163
f 436//161 435//161 437//161
f 437//161 438//161 436//161
f 67//161 436//161 438//161
f 438//163 70//163 67//163
f 439//164 425//164 426//164
f 426//164 440//164 439//164
f 441//164 439//164 440//164
f 440//164 442//164 441//164
f 440//165 426//165 51//165
f 51//166 73//166 440//166
f 442//164 440//164 73//164
f 73//166 75//166 442//166
f 443//167 429//167 430//167
f 430//168 444//168 443//168
f 445//167 443//167 444//167
f 444//169 446//169 445//169
f 444//168 430//168 57//168
f 57//170 79//170 444//170
f 446//168 444//168 79//168
f 79//171 81//171 446//171
f 434//172 433//172 447//172
f 447//173 448//173 434//173
f 64//173 434//173 448//173
f 448//174 85//174 64//174
f 448//172 447//172 449//172
f 449//175 450//175 448//175
f 85//173 448//173 450//173
f 450//176 88//176 85//176
f 438//177 437//177 451//177
f 451//178 452//178 438//178
f 70//178 438//178 452//178
f 452//179 91//179 70//179
f 452//177 451//177 453//177
f 453//180 454//180 452//180
f 91//178 452//178 454//178
f 454//181 94//181 91//181
f 455//182 441//182 442//182
f 442//183 456//183 455//183
f 457//182 455//182 456//182
f 456//184 458//184 457//184
f 456//183 442//183 75//183
f 75//185 97//185 456//185
f 458//183 456//183 97//183
f 97//186 99//186 458//186
f 459//187 445//187 446//187
f 446//187 460//187 459//187
f 461//187 459//187 460//187
f 460//187 462//187 461//187
f 460//187 446//187 81//187
f 81//187 103//187 460//187
f 462//187 460//187 103//187
f 103//187 105//187 462//187
f 450//188 449//188 463//188
f 463//188 464//188 450//188
f 88//188 450//188 464//188
f 464//188 109//188 88//188
f 464//188 463//188 465//188
f 465//188 466//188 464//188
f 109//188 464//188 466//188
f 466//188 112//188 109//188
f 454//189 453//189 467//189
f 467//189 468//189 454//189
f 94//189 454//189 468//189
f 468//189 115//189 94//189
f 468//189 467//189 469//189
f 469//189 470//189 468//189
f 115//189 468//189 470//189
f 470//189 118//189 115//189
f 471//190 457//190 458//190
f 458//190 472//190 471//190
f 473//190 471//190 472//190
f 472//190 474//190 473//190
f 472//190 458//190 99//190
f 99//190 121//190 472//190
f 474//190 472//190 121//190
f 121//190 123//190 474//190
f 475//191 461//191 462//191
f 462//191 476//191 475//191
f 477//191 475//191 476//191
f 476//191 478//191 477//191
f 476//191 462//191 105//191
f 105//191 127//191 476//191
f 478//191 476//191 127//191
f 127//191 129//191 478//191
f 466//192 465//192 479//192
f 479//192 480//192 466//192
f 112//192 466//192 480//192
f 480//192 133//192 112//192
f 480//192 479//192 481//192
f 481//192 482//192 480//192
f 133//192 480//192 482//192
f 482//192 136//192 133//192
f 470//193 469//193 483//193
f 483//193 484//193 470//193
f 118//193 470//193 484//193
f 484//193 139//193 118//193
f 484//193 483//193 485//193
f 485//193 486//193 484//193
f 139//193 484//193 486//193
f 486//193 142//193 139//193
f 487//194 473//194 474//194
f 474//194 488//194 487//194
f 489//194 487//194 488//194
f 488//194 490//194 489//194
f 488//194 474//194 123//194
f 123//194 145//194 488//194
f 490//194 488//194 145//194
f 145//194 147//194 490//194
f 491//195 477//195 478//195
f 478//195 492//195 491//195
f 493//195 491//195 492//195
f 492//196 494//196 493//196
f 492//195 478//195 129//195
f 129//196 151//196 492//196
f 494//195 492//195 151//195
f 151//196 153//196 494//196
f 482//197 481//197 495//197
f 495//197 496//197 482//197
f 136//197 482//197 496//197
f 496//198 157//198 136//198
f 496//197 495//197 497//197
f 497//198 498//198 496//198
f 157//197 496//197 498//197
f 498//198 160//198 157//198
f 486//199 485//199 499//199
f 499//199 500//199 486//199
f 142//199 486//199 500//199
f 500//200 163//200 142//200
f 500//199 499//199 501//199
f 501//200 502//200 500//200
f 163//199 500//199 502//199
f 502//200 166//200 163//200
f 503//201 489//201 490//201
f 490//201 504//201 503//201
f 505//201 503//201 504//201
f 504//202 506//202 505//202
f 504//201 490//201 147//201
f 147//202 169//202 504//202
f 506//201 504//201 169//201
f 169//202 171//202 506//202
f 507//203 493//203 494//203
f 494//203 508//203 507//203
f 509//203 507//203 508//203
f 508//203 510//203 509//203
f 508//203 494//203 153//203
f 153//203 175//203 508//203
f 510//203 508//203 175//203
f 175//203 177//203 510//203
f 498//204 497//204 511//204
f 511//204 512//204 498//204
f 160//204 498//204 512//204
f 512//204 181//204 160//204
f 512//204 511//204 513//204
f 513//204 514//204 512//204
f 181//204 512//204 514//204
f 514//204 184//204 181//204
f 502//205 501//205 515//205
f 515//205 516//205 502//205
f 166//205 502//205 516//205
f 516//205 187//205 166//205
f 516//205 515//205 517//205
f 517//205 518//205 516//205
f 187//205 516//205 518//205
f 518//205 190//205 187//205
f 519//206 505//206 506//206
f 506//206 520//206 519//206
f 521//206 519//206 520//206
f 520//206 522//206 521//206
f 520//206 506//206 171//206
f 171//206 193//206 520//206
f 522//206 520//206 193//206
f 193//206 195//206 522//206
f 523//207 509//207 510//207
f 510//207 524//207 523//207
f 525//207 523//207 524//207
f 524//208 526//208 525//208
f 524//207 510//207 177//207
f 177//209 199//209 524//209
f 526//207 524//207 199//207
f 199//210 201//210 526//210
f 514//211 513//211 527//211
f 527//211 528//211 514//211
f 184//211 514//211 528//211
f 528//212 205//212 184//212
f 528//211 527//211 529//211
f 529//213 530//213 528//213
f 205//211 528//211 530//211
f 530//214 208//214 205//214
f 518//215 517//215 531//215
f 531//215 532//215 518//215
f 190//215 518//215 532//215
f 532//216 211//216 190//216
f 532//215 531//215 533//215
f 533//217 534//217 532//217
f 211//215 532//215 534//215
f 534//218 214//218 211//218
f 535//219 521//219 522//219
f 522//219 536//219 535//219
f 537//219 535//219 536//219
f 536//220 538//220 537//220
f 536//219 522//219 195//219
f 195//221 217//221 536//221
f 538//219 536//219 217//219
f 217//222 219//222 538//222
f 539//223 525//223 526//223
f 526//224 540//224 539//224
f 541//225 539//225 540//225
f 540//225 542//225 541//225
f 540//226 526//226 201//226
f 201//224 223//224 540//224
f 542//224 540//224 223//224
f 223//224 225//224 542//224
f 530//227 529//227 543//227
f 543//228 544//228 530//228
f 208//229 530//229 544//229
f 544//228 229//228 208//228
f 544//230 543//230 545//230
f 545//230 546//230 544//230
f 229//228 544//228 546//228
f 546//228 232//228 229//228
f 534//231 533//231 547//231
f 547//232 548//232 534//232
f 214//233 534//233 548//233
f 548//232 235//232 214//232
f 548//234 547//234 549//234
f 549//234 550//234 548//234
f 235//232 548//232 550//232
f 550//232 238//232 235//232
f 551//235 537//235 538//235
f 538//236 552//236 551//236
f 553//237 551//237 552//237
f 552//237 554//237 553//237
f 552//238 538//238 219//238
f 219//236 241//236 552//236
f 554//236 552//236 241//236
f 241//236 243//236 554//236
f 555//239 541//239 542//239
f 542//239 556//239 555//239
f 557//239 555//239 556//239
f 556//239 558//239 557//239
f 556//239 542//239 225//239
f 225//239 247//239 556//239
f 558//239 556//239 247//239
f 247//239 249//239 558//239
f 546//240 545//240 559//240
f 559//240 560//240 546//240
f 232//240 546//240 560//240
f 560//240 253//240 232//240
f 560//240 559//240 561//240
f 561//240 562//240 560//240
f 253//240 560//240 562//240
f 562//240 256//240 253//240
f 550//241 549//241 563//241
f 563//241 564//241 550//241
f 238//241 550//241 564//241
f 564//241 259//241 238//241
f 564//241 563//241 565//241
f 565//241 566//241 564//241
f 259//241 564//241 566//241
f 566//241 262//241 259//241
f 567//242 553//242 554//242
f 554//242 568//242 567//242
f 569//242 567//242 568//242
f 568//242 570//242 569//242
f 568//242 554//242 243//242
f 243//242 265//242 568//242
f 570//242 568//242 265//242
f 265//242 267//242 570//242
f 571//243 557//243 558//243
f 558//243 572//243 571//243
f 573//243 571//243 572//243
f 572//243 574//243 573//243
f 572//243 558//243 249//243
f 249//243 271//243 572//243
f 574//243 572//243 271//243
f 271//243 273//243 574//243
f 562//244 561//244 575//244
f 575//244 576//244 562//244
f 256//244 562//244 576//244
f 576//244 277//244 256//244
f 576//244 575//244 577//244
f 577//244 578//244 576//244
f 277//244 576//244 578//244
f 578//244 280//244 277//244
f 566//245 565//245 579//245
f 579//245 580//245 566//245
f 262//245 566//245 580//245
f 580//245 283//245 262//245
f 580//245 579//245 581//245
f 581//245 582//245 580//245
f 283//245 580//245 582//245
f 582//245 286//245 283//245
f 583//246 569//246 570//246
f 570//246 584//246 583//246
f 585//246 583//246 584//246
f 584//246 586//246 585//246
f 584//246 570//246 267//246
f 267//246 289//246 584//246
f 586//246 584//246 289//246
f 289//246 291//246 586//246
f 587//247 573//247 574//247
f 574//248 588//248 587//248
f 589//249 587//249 588//249
f 588//250 590//250 589//250
f 588//248 574//248 273//248
f 273//248 295//248 588//248
f 590//248 588//248 295//248
f 295//250 297//250 590//250
f 578//251 577//251 591//251
f 591//252 592//252 578//252
f 280//252 578//252 592//252
f 592//252 301//252 280//252
f 592//253 591//253 593//253
f 593//254 594//254 592//254
f 301//252 592//252 594//252
f 594//254 304//254 301//254
f 582//255 581//255 595//255
f 595//256 596//256 582//256
f 286//256 582//256 596//256
f 596//256 307//256 286//256
f 596//257 595//257 597//257
f 597//258 598//258 596//258
f 307//256 596//256 598//256
f 598//258 310//258 307//258
f 599//259 585//259 586//259
f 586//260 600//260 599//260
f 601//261 599//261 600//261
f 600//262 602//262 601//262
f 600//260 586//260 291//260
f 291//260 313//260 600//260
f 602//260 600//260 313//260
f 313//262 315//262 602//262
f 603//263 589//263 590//263
f 590//264 604//264 603//264
f 605//264 603//264 604//264
f 604//264 606//264 605//264
f 604//263 590//263 297//263
f 297//264 319//264 604//264
f 606//264 604//264 319//264
f 319//264 321//264 606//264
f 594//265 593//265 607//265
f 607//266 608//266 594//266
f 304//265 594//265 608//265
f 608//266 325//266 304//266
f 608//266 607//266 609//266
f 609//266 610//266 608//266
f 325//266 608//266 610//266
f 610//266 328//266 325//266
f 598//267 597//267 611//267
f 611//268 612//268 598//268
f 310//267 598//267 612//267
f 612//268 331//268 310//268
f 612//268 611//268 613//268
f 613//268 614//268 612//268
f 331//268 612//268 614//268
f 614//268 334//268 331//268
f 615//269 601//269 602//269
f 602//270 616//270 615//270
f 617//270 615//270 616//270
f 616//270 618//270 617//270
f 616//269 602//269 315//269
f 315//270 337//270 616//270
f 618//270 616//270 337//270
f 337//270 339//270 618//270
f 619//271 605//271 606//271
f 606//271 620//271 619//271
f 621//271 619//271 620//271
f 620//271 622//271 621//271
f 620//271 606//271 321//271
f 321//271 343//271 620//271
f 622//271 620//271 343//271
f 343//271 345//271 622//271
f 610//272 609//272 623//272
f 623//272 624//272 610//272
f 328//272 610//272 624//272
f 624//272 349//272 328//272
f 624//272 623//272 625//272
f 625//272 626//272 624//272
f 349//272 624//272 626//272
f 626//272 352//272 349//272
f 614//273 613//273 627//273
f 627//273 628//273 614//273
f 334//273 614//273 628//273
f 628//273 355//273 334//273
f 628//273 627//273 629//273
f 629//273 630//273 628//273
f 355//273 628//273 630//273
f 630//273 358//273 355//273
f 631//274 617//274 618//274
f 618//274 632//274 631//274
f 633//274 631//274 632//274
f 632//274 634//274 633//274
f 632//274 618//274 339//274
f 339//274 361//274 632//274
f 634//274 632//274 361//274
f 361//274 363//274 634//274
f 635//275 621//275 622//275
f 622//275 636//275 635//275
f 637//275 635//275 636//275
f 636//275 638//275 637//275
f 636//275 622//275 345//275
f 345//275 367//275 636//275
f 638//275 636//275 367//275
f 367//275 369//275 638//275
f 626//276 625//276 639//276
f 639//276 640//276 626//276
f 352//276 626//276 640//276
f 640//276 373//276 352//276
f 640//276 639//276 641//276
f 641//276 642//276 640//276
f 373//276 640//276 642//276
f 642//276 376//276 373//276
f 630//277 629//277 643//277
f 643//277 644//277 630//277
f 358//277 630//277 644//277
f 644//277 379//277 358//277
f 644//277 643//277 645//277
f 645//277 646//277 644//277
f 379//277 644//277 646//277
f 646//277 382//277 379//277
f 647//278 633//278 634//278
f 634//278 648//278 647//278
f 649//278 647//278 648//278
f 648//278 650//278 649//278
f 648//278 634//278 363//278
f 363//278 385//278 648//278
f 650//278 648//278 385//278
f 385//278 387//278 650//278
f 651//279 652//279 653//279
f 653//279 654//279 651//279
f 655//279 651//279 654//279
f 654//279 656//279 655//279
f 654//279 653//279 392//279
f 392//279 391//279 654//279
f 656//279 654//279 391//279
f 391//279 395//279 656//279
f 657//280 658//280 659//280
f 659//280 660//280 657//280
f 398//280 657//280 660//280
f 660//280 399//280 398//280
f 660//280 659//280 661//280
f 661//280 662//280 660//280
f 399//280 660//280 662//280
f 662//280 401//280 399//280
f 653//281 652//281 663//281
f 663//281 664//281 653//281
f 392//281 653//281 664//281
f 664//281 403//281 392//281
f 664//281 663//281 665//281
f 665//281 666//281 664//281
f 403//281 664//281 666//281
f 666//281 405//281 403//281
f 667//282 658//282 657//282
f 657//282 668//282 667//282
f 669//282 667//282 668//282
f 668//282 670//282 669//282
f 668//282 657//282 398//282
f 398//282 407//282 668//282
f 670//282 668//282 407//282
f 407//282 409//282 670//282
f 671//283 655//283 656//283
f 656//283 672//283 671//283
f 673//283 671//283 672//283
f 672//283 674//283 673//283
f 672//283 656//283 395//283
f 395//283 411//283 672//283
f 674//283 672//283 411//283
f 411//283 413//283 674//283
f 662//284 661//284 675//284
f 675//284 676//284 662//284
f 401//284 662//284 676//284
f 676//284 415//284 401//284
f 676//284 675//284 677//284
f 677//284 678//284 676//284
f 415//284 676//284 678//284
f 678//284 417//284 415//284
f 666//285 665//285 679//285
f 679//285 680//285 666//285
f 405//285 666//285 680//285
f 680//285 419//285 405//285
f 680//285 679//285 681//285
f 681//285 682//285 680//285
f 419//285 680//285 682//285
f 682//285 421//285 419//285
f 683//286 669//286 670//286
f 670//286 684//286 683//286
f 685//286 683//286 684//286
f 684//286 686//286 685//286
f 684//286 670//286 409//286
f 409//286 423//286 684//286
f 686//286 684//286 423//286
f 423//286 425//286 686//286
f 687//287 673//287 674//287
f 674//287 688//287 687//287
f 689//287 687//287 688//287
f 688//287 690//287 689//287
f 688//287 674//287 413//287
f 413//287 427//287 688//287
f 690//287 688//287 427//287
f 427//287 429//287 690//287
f 678//288 677//288 691//288
f 691//288 692//288 678//288
f 417//288 678//288 692//288
f 692//288 431//288 417//288
f 692//288 691//288 693//288
f 693//288 694//288 692//288
f 431//288 692//288 694//288
f 694//288 433//288 431//288
f 682//289 681//289 695//289
f 695//289 696//289 682//289
f 421//289 682//289 696//289
f 696//289 435//289 421//289
f 696//289 695//289 697//289
f 697//289 698//289 696//289
f 435//289 696//289 698//289
f 698//289 437//289 435//289
f 699//290 685//290 686//290
f 686//290 700//290 699//290
f 701//290 699//290 700//290
f 700//290 702//290 701//290
f 700//290 686//290 425//290
f 425//290 439//290 700//290
f 702//290 700//290 439//290
f 439//290 441//290 702//290
f 703//291 689//291 690//291
f 690//292 704//292 703//292
f 705//293 703//293 704//293
f 704//294 706//294 705//294
f 704//292 690//292 429//292
f 429//292 443//292 704//292
f 706//292 704//292 443//292
f 443//294 445//294 706//294
f 694//295 693//295 707//295
f 707//296 708//296 694//296
f 433//296 694//296 708//296
f 708//296 447//296 433//296
f 708//297 707//297 709//297
f 709//298 710//298 708//298
f 447//296 708//296 710//296
f 710//299 449//299 447//299
f 698//300 697//300 711//300
f 711//301 712//301 698//301
f 437//301 698//301 712//301
f 712//301 451//301 437//301
f 712//302 711//302 713//302
f 713//303 714//303 712//303
f 451//301 712//301 714//301
f 714//304 453//304 451//304
f 715//305 701//305 702//305
f 702//306 716//306 715//306
f 717//307 715//307 716//307
f 716//308 718//308 717//308
f 716//306 702//306 441//306
f 441//306 455//306 716//306
f 718//306 716//306 455//306
f 455//308 457//308 718//308
f 719//309 705//309 706//309
f 706//310 720//310 719//310
f 721//310 719//310 720//310
f 720//311 722//311 721//311
f 720//312 706//312 445//312
f 445//311 459//311 720//311
f 722//311 720//311 459//311
f 459//311 461//311 722//311
f 710//313 709//313 723//313
f 723//314 724//314 710//314
f 449//313 710//313 724//313
f 724//314 463//314 449//314
f 724//315 723//315 725//315
f 725//314 726//314 724//314
f 463//315 724//315 726//315
f 726//314 465//314 463//314
f 714//316 713//316 727//316
f 727//317 728//317 714//317
f 453//316 714//316 728//316
f 728//317 467//317 453//317
f 728//318 727//318 729//318
f 729//317 730//317 728//317
f 467//318 728//318 730//318
f 730//317 469//317 467//317
f 731//319 717//319 718//319
f 718//320 732//320 731//320
f 733//320 731//320 732//320
f 732//321 734//321 733//321
f 732//322 718//322 457//322
f 457//321 471//321 732//321
f 734//321 732//321 471//321
f 471//321 473//321 734//321
f 735//323 721//323 722//323
f 722//324 736//324 735//324
f 737//325 735//325 736//325
f 736//326 738//326 737//326
f 736//324 722//324 461//324
f 461//324 475//324 736//324
f 738//324 736//324 475//324
f 475//327 477//327 738//327
f 726//328 725//328 739//328
f 739//329 740//329 726//329
f 465//329 726//329 740//329
f 740//329 479//329 465//329
f 740//330 739//330 741//330
f 741//331 742//331 740//331
f 479//329 740//329 742//329
f 742//332 481//332 479//332
f 730//333 729//333 743//333
f 743//334 744//334 730//334
f 469//334 730//334 744//334
f 744//334 483//334 469//334
f 744//335 743//335 745//335
f 745//336 746//336 744//336
f 483//334 744//334 746//334
f 746//337 485//337 483//337
f 747//338 733//338 734//338
f 734//339 748//339 747//339
f 749//340 747//340 748//340
f 748//341 750//341 749//341
f 748//339 734//339 473//339
f 473//339 487//339 748//339
f 750//339 748//339 487//339
f 487//342 489//342 750//342
f 751//343 737//343 738//343
f 738//343 752//343 751//343
f 753//343 751//343 752//343
f 752//344 754//344 753//344
f 752//343 738//343 477//343
f 477//343 491//343 752//343
f 754//344 752//344 491//344
f 491//344 493//344 754//344
f 742//345 741//345 755//345
f 755//345 756//345 742//345
f 481//345 742//345 756//345
f 756//345 495//345 481//345
f 756//345 755//345 757//345
f 757//346 758//346 756//346
f 495//346 756//346 758//346
f 758//345 497//345 495//345
f 746//347 745//347 759//347
f 759//347 760//347 746//347
f 485//347 746//347 760//347
f 760//347 499//347 485//347
f 760//347 759//347 761//347
f 761//348 762//348 760//348
f 499//348 760//348 762//348
f 762//347 501//347 499//347
f 763//349 749//349 750//349
f 750//349 764//349 763//349
f 765//349 763//349 764//349
f 764//350 766//350 765//350
f 764//349 750//349 489//349
f 489//349 503//349 764//349
f 766//350 764//350 503//350
f 503//350 505//350 766//350
f 767//351 753//351 754//351
f 754//352 768//352 767//352
f 769//353 767//353 768//353
f 768//352 770//352 769//352
f 768//351 754//351 493//351
f 493//352 507//352 768//352
f 770//352 768//352 507//352
f 507//354 509//354 770//354
f 758//355 757//355 771//355
f 771//356 772//356 758//356
f 497//356 758//356 772//356
f 772//356 511//356 497//356
f 772//357 771//357 773//357
f 773//356 774//356 772//356
f 511//356 772//356 774//356
f 774//358 513//358 511//358
f 762//359 761//359 775//359
f 775//360 776//360 762//360
f 501//360 762//360 776//360
f 776//360 515//360 501//360
f 776//361 775//361 777//361
f 777//360 778//360 776//360
f 515//360 776//360 778//360
f 778//362 517//362 515//362
f 779//363 765//363 766//363
f 766//364 780//364 779//364
f 781//365 779//365 780//365
f 780//364 782//364 781//364
f 780//363 766//363 505//363
f 505//364 519//364 780//364
f 782//364 780//364 519//364
f 519//366 521//366 782//366
f 783//367 769//367 770//367
f 770//367 784//367 783//367
f 785//367 783//367 784//367
f 784//367 786//367 785//367
f 784//367 770//367 509//367
f 509//367 523//367 784//367
f 786//367 784//367 523//367
f 523//367 525//367 786//367
f 774//368 773//368 787//368
f 787//368 788//368 774//368
f 513//368 774//368 788//368
f 788//368 527//368 513//368
f 788//368 787//368 789//368
f 789//368 790//368 788//368
f 527//368 788//368 790//368
f 790//368 529//368 527//368
f 778//369 777//369 791//369
f 791//369 792//369 778//369
f 517//369 778//369 792//369
f 792//369 531//369 517//369
f 792//369 791//369 793//369
f 793//369 794//369 792//369
f 531//369 792//369 794//369
f 794//369 533//369 531//369
f 795//370 781//370 782//370
f 782//370 796//370 795//370
f 797//370 795//370 796//370
f 796//370 798//370 797//370
f 796//370 782//370 521//370
f 521//370 535//370 796//370
f 798//370 796//370 535//370
f 535//370 537//370 798//370
f 799//371 785//371 786//371
f 786//372 800//372 799//372
f 801//373 799//373 800//373
f 800//372 802//372 801//372
f 800//371 786//371 525//371
f 525//372 539//372 800//372
f 802//372 800//372 539//372
f 539//372 541//372 802//372
f 790//374 789//374 803//374
f 803//375 804//375 790//375
f 529//374 790//374 804//374
f 804//375 543//375 529//375
f 804//376 803//376 805//376
f 805//375 806//375 804//375
f 543//375 804//375 806//375
f 806//375 545//375 543//375
f 794//377 793//377 807//377
f 807//378 808//378 794//378
f 533//377 794//377 808//377
f 808//378 547//378 533//378
f 808//379 807//379 809//379
f 809//378 810//378 808//378
f 547//378 808//378 810//378
f 810//378 549//378 547//378
f 811//380 797//380 798//380
f 798//381 812//381 811//381
f 813//382 811//382 812//382
f 812//381 814//381 813//381
f 812//380 798//380 537//380
f 537//381 551//381 812//381
f 814//381 812//381 551//381
f 551//381 553//381 814//381
f 815//383 801//383 802//383
f 802//383 816//383 815//383
f 817//383 815//383 816//383
f 816//384 818//384 817//384
f 816//383 802//383 541//383
f 541//384 555//384 816//384
f 818//383 816//383 555//383
f 555//384 557//384 818//384
f 806//385 805//385 819//385
f 819//385 820//385 806//385
f 545//385 806//385 820//385
f 820//386 559//386 545//386
f 820//385 819//385 821//385
f 821//386 822//386 820//386
f 559//385 820//385 822//385
f 822//386 561//386 559//386
f 810//387 809//387 823//387
f 823//387 824//387 810//387
f 549//387 810//387 824//387
f 824//388 563//388 549//388
f 824//387 823//387 825//387
f 825//388 826//388 824//388
f 563//387 824//387 826//387
f 826//388 565//388 563//388
f 827//389 813//389 814//389
f 814//389 828//389 827//389
f 829//389 827//389 828//389
f 828//390 830//390 829//390
f 828//389 814//389 553//389
f 553//390 567//390 828//390
f 830//389 828//389 567//389
f 567//390 569//390 830//390
f 831//391 817//391 818//391
f 818//392 832//392 831//392
f 833//393 831//393 832//393
f 832//392 834//392 833//392
f 832//392 818//392 557//392
f 557//392 571//392 832//392
f 834//392 832//392 571//392
f 571//392 573//392 834//392
f 822//394 821//394 835//394
f 835//395 836//395 822//395
f 561//395 822//395 836//395
f 836//395 575//395 561//395
f 836//396 835//396 837//396
f 837//395 838//395 836//395
f 575//395 836//395 838//395
f 838//395 577//395 575//395
f 826//397 825//397 839//397
f 839//398 840//398 826//398
f 565//398 826//398 840//398
f 840//398 579//398 565//398
f 840//399 839//399 841//399
f 841//398 842//398 840//398
f 579//398 840//398 842//398
f 842//398 581//398 579//398
f 843//400 829//400 830//400
f 830//401 844//401 843//401
f 845//402 843//402 844//402
f 844//401 846//401 845//401
f 844//401 830//401 569//401
f 569//401 583//401 844//401
f 846//401 844//401 583//401
f 583//401 585//401 846//401
f 847//403 833//403 834//403
f 834//403 848//403 847//403
f 849//403 847//403 848//403
f 848//403 850//403 849//403
f 848//403 834//403 573//403
f 573//403 587//403 848//403
f 850//403 848//403 587//403
f 587//403 589//403 850//403
f 838//404 837//404 851//404
f 851//404 852//404 838//404
f 577//404 838//404 852//404
f 852//404 591//404 577//404
f 852//404 851//404 853//404
f 853//404 854//404 852//404
f 591//404 852//404 854//404
f 854//404 593//404 591//404
f 842//405 841//405 855//405
f 855//405 856//405 842//405
f 581//405 842//405 856//405
f 856//405 595//405 581//405
f 856//405 855//405 857//405
f 857//405 858//405 856//405
f 595//405 856//405 858//405
f 858//405 597//405 595//405
f 859//406 845//406 846//406
f 846//406 860//406 859//406
f 861//406 859//406 860//406
f 860//406 862//406 861//406
f 860//406 846//406 585//406
f 585//406 599//406 860//406
f 862//406 860//406 599//406
f 599//406 601//406 862//406
f 863//407 849//407 850//407
f 850//407 864//407 863//407
f 865//408 863//408 864//408
f 864//407 866//407 865//407
f 864//407 850//407 589//407
f 589//407 603//407 864//407
f 866//407 864//407 603//407
f 603//407 605//407 866//407
f 854//409 853//409 867//409
f 867//409 868//409 854//409
f 593//409 854//409 868//409
f 868//409 607//409 593//409
f 868//410 867//410 869//410
f 869//409 870//409 868//409
f 607//409 868//409 870//409
f 870//409 609//409 607//409
f 858//411 857//411 871//411
f 871//411 872//411 858//411
f 597//411 858//411 872//411
f 872//411 611//411 597//411
f 872//412 871//412 873//412
f 873//411 874//411 872//411
f 611//411 872//411 874//411
f 874//411 613//411 611//411
f 875//413 861//413 862//413
f 862//413 876//413 875//413
f 877//414 875//414 876//414
f 876//413 878//413 877//413
f 876//413 862//413 601//413
f 601//413 615//413 876//413
f 878//413 876//413 615//413
f 615//413 617//413 878//413
f 879//415 865//415 866//415
f 866//415 880//415 879//415
f 881//415 879//415 880//415
f 880//415 882//415 881//415
f 880//415 866//415 605//415
f 605//415 619//415 880//415
f 882//415 880//415 619//415
f 619//415 621//415 882//415
f 870//416 869//416 883//416
f 883//416 884//416 870//416
f 609//416 870//416 884//416
f 884//416 623//416 609//416
f 884//416 883//416 885//416
f 885//416 886//416 884//416
f 623//416 884//416 886//416
f 886//416 625//416 623//416
f 874//417 873//417 887//417
f 887//417 888//417 874//417
f 613//417 874//417 888//417
f 888//417 627//417 613//417
f 888//417 887//417 889//417
f 889//417 890//417 888//417
f 627//417 888//417 890//417
f 890//417 629//417 627//417
f 891//418 877//418 878//418
f 878//418 892//418 891//418
f 893//418 891//418 892//418
f 892//418 894//418 893//418
f 892//418 878//418 617//418
f 617//418 631//418 892//418
f 894//418 892//418 631//418
f 631//418 633//418 894//418
f 895//419 881//419 882//419
f 882//419 896//419 895//419
f 897//419 895//419 896//419
f 896//419 898//419 897//419
f 896//419 882//419 621//419
f 621//419 635//419 896//419
f 898//419 896//419 635//419
f 635//419 637//419 898//419
f 886//420 885//420 899//420
f 899//420 900//420 886//420
f 625//420 886//420 900//420
f 900//420 639//420 625//420
f 900//420 899//420 901//420
f 901//420 902//420 900//420
f 639//420 900//420 902//420
f 902//420 641//420 639//420
f 890//421 889//421 903//421
f 903//421 904//421 890//421
f 629//421 890//421 904//421
f 904//421 643//421 629//421
f 904//421 903//421 905//421
f 905//421 906//421 904//421
f 643//421 904//421 906//421
f 906//421 645//421 643//421
f 907//422 893//422 894//422
f 894//422 908//422 907//422
f 909//422 907//422 908//422
f 908//422 910//422 909//422
f 908//422 894//422 633//422
f 633//422 647//422 908//422
f 910//422 908//422 647//422
f 647//422 649//422 910//422
f 911//423 912//423 913//423
f 913//423 914//423 911//423
f 915//423 911//423 914//423
f 914//423 916//423 915//423
f 914//423 913//423 652//423
f 652//423 651//423 914//423
f 916//423 914//423 651//423
f 651//423 655//423 916//423
f 917//424 918//424 919//424
f 919//424 920//424 917//424
f 658//424 917//424 920//424
f 920//424 659//424 658//424
f 920//424 919//424 921//424
f 921//424 922//424 920//424
f 659//424 920//424 922//424
f 922//424 661//424 659//424
f 913//425 912//425 923//425
f 923//425 924//425 913//425
f 652//425 913//425 924//425
f 924//425 663//425 652//425
f 924//425 923//425 925//425
f 925//425 926//425 924//425
f 663//425 924//425 926//425
f 926//425 665//425 663//425
f 927//426 918//426 917//426
f 917//426 928//426 927//426
f 929//426 927//426 928//426
f 928//426 930//426 929//426
f 928//426 917//426 658//426
f 658//426 667//426 928//426
f 930//426 928//426 667//426
f 667//426 669//426 930//426
f 931//427 915//427 916//427
f 916//428 932//428 931//428
f 933//427 931//427 932//427
f 932//428 934//428 933//428
f 932//428 916//428 655//428
f 655//428 671//428 932//428
f 934//428 932//428 671//428
f 671//428 673//428 934//428
f 922//429 921//429 935//429
f 935//430 936//430 922//430
f 661//430 922//430 936//430
f 936//430 675//430 661//430
f 936//429 935//429 937//429
f 937//430 938//430 936//430
f 675//430 936//430 938//430
f 938//430 677//430 675//430
f 926//431 925//431 939//431
f 939//432 940//432 926//432
f 665//432 926//432 940//432
f 940//432 679//432 665//432
f 940//431 939//431 941//431
f 941//432 942//432 940//432
f 679//432 940//432 942//432
f 942//432 681//432 679//432
f 943//433 929//433 930//433
f 930//434 944//434 943//434
f 945//433 943//433 944//433
f 944//434 946//434 945//434
f 944//434 930//434 669//434
f 669//434 683//434 944//434
f 946//434 944//434 683//434
f 683//434 685//434 946//434
f 947//435 933//435 934//435
f 934//435 948//435 947//435
f 949//435 947//435 948//435
f 948//435 950//435 949//435
f 948//435 934//435 673//435
f 673//435 687//435 948//435
f 950//435 948//435 687//435
f 687//435 689//435 950//435
f 938//436 937//436 951//436
f 951//436 952//436 938//436
f 677//436 938//436 952//436
f 952//436 691//436 677//436
f 952//436 951//436 953//436
f 953//436 954//436 952//436
f 691//436 952//436 954//436
f 954//436 693//436 691//436
f 942//437 941//437 955//437
f 955//437 956//437 942//437
f 681//437 942//437 956//437
f 956//437 695//437 681//437
f 956//437 955//437 957//437
f 957//437 958//437 956//437
f 695//437 956//437 958//437
f 958//437 697//437 695//437
f 959//438 945//438 946//438
f 946//438 960//438 959//438
f 961//438 959//438 960//438
f 960//438 962//438 961//438
f 960//438 946//438 685//438
f 685//438 699//438 960//438
f 962//438 960//438 699//438
f 699//438 701//438 962//438
f 963//439 949//439 950//439
f 950//439 964//439 963//439
f 965//439 963//439 964//439
f 964//439 966//439 965//439
f 964//439 950//439 689//439
f 689//439 703//439 964//439
f 966//439 964//439 703//439
f 703//439 705//439 966//439
f 954//440 953//440 967//440
f 967//440 968//440 954//440
f 693//440 954//440 968//440
f 968//440 707//440 693//440
f 968//440 967//440 969//440
f 969//440 970//440 968//440
f 707//440 968//440 970//440
f 970//440 709//440 707//440
f 958//441 957//441 971//441
f 971//441 972//441 958//441
f 697//441 958//441 972//441
f 972//441 711//441 697//441
f 972//441 971//441 973//441
f 973//441 974//441 972//441
f 711//441 972//441 974//441
f 974//441 713//441 711//441
f 975//442 961//442 962//442
f 962//442 976//442 975//442
f 977//442 975//442 976//442
f 976//442 978//442 977//442
f 976//442 962//442 701//442
f 701//442 715//442 976//442
f 978//442 976//442 715//442
f 715//442 717//442 978//442
f 979//443 965//443 966//443
f 966//444 980//444 979//444
f 981//443 979//443 980//443
f 980//444 982//444 981//444
f 980//444 966//444 705//444
f 705//444 719//444 980//444
f 982//444 980//444 719//444
f 719//444 721//444 982//444
f 970//445 969//445 983//445
f 983//446 984//446 970//446
f 709//446 970//446 984//446
f 984//446 723//446 709//446
f 984//445 983//445 985//445
f 985//446 986//446 984//446
f 723//446 984//446 986//446
f 986//446 725//446 723//446
f 974//447 973//447 987//447
f 987//448 988//448 974//448
f 713//448 974//448 988//448
f 988//448 727//448 713//448
f 988//447 987//447 989//447
f 989//448 990//448 988//448
f 727//448 988//448 990//448
f 990//448 729//448 727//448
f 991//449 977//449 978//449
f 978//450 992//450 991//450
f 993//449 991//449 992//449
f 992//450 994//450 993//450
f 992//450 978//450 717//450
f 717//450 731//450 992//450
f 994//450 992//450 731//450
f 731//450 733//450 994//450
f 995//451 981//451 982//451
f 982//451 996//451 995//451
f 997//451 995//451 996//451
f 996//452 998//452 997//452
f 996//453 982//453 721//453
f 721//454 735//454 996//454
f 998//451 996//451 735//451
f 735//452 737//452 998//452
f 986//455 985//455 999//455
f 999//455 1000//455 986//455
f 725//456 986//456 1000//456
f 1000//457 739//457 725//457
f 1000//455 999//455 1001//455
f 1001//455 1002//455 1000//455
f 739//455 1000//455 1002//455
f 1002//458 741//458 739//458
f 990//459 989//459 1003//459
f 1003//459 1004//459 990//459
f 729//460 990//460 1004//460
f 1004//461 743//461 729//461
f 1004//459 1003//459 1005//459
f 1005//459 1006//459 1004//459
f 743//459 1004//459 1006//459
f 1006//462 745//462 743//462
f 1007//463 993//463 994//463
f 994//463 1008//463 1007//463
f 1009//463 1007//463 1008//463
f 1008//464 1010//464 1009//464
f 1008//465 994//465 733//465
f 733//466 747//466 1008//466
f 1010//463 1008//463 747//463
f 747//464 749//464 1010//464
f 1011//467 997//467 998//467
f 998//468 1012//468 1011//468
f 1013//467 1011//467 1012//467
f 1012//468 1014//468 1013//468
f 1012//468 998//468 737//468
f 737//468 751//468 1012//468
f 1014//468 1012//468 751//468
f 751//468 753//468 1014//468
f 1002//469 1001//469 1015//469
f 1015//470 1016//470 1002//470
f 741//470 1002//470 1016//470
f 1016//470 755//470 741//470
f 1016//469 1015//469 1017//469
f 1017//470 1018//470 1016//470
f 755//470 1016//470 1018//470
f 1018//470 757//470 755//470
f 1006//471 1005//471 1019//471
f 1019//472 1020//472 1006//472
f 745//472 1006//472 1020//472
f 1020//472 759//472 745//472
f 1020//471 1019//471 1021//471
f 1021//472 1022//472 1020//472
f 759//472 1020//472 1022//472
f 1022//472 761//472 759//472
f 1023//473 1009//473 1010//473
f 1010//474 1024//474 1023//474
f 1025//473 1023//473 1024//473
f 1024//474 1026//474 1025//474
f 1024//474 1010//474 749//474
f 749//474 763//474 1024//474
f 1026//474 1024//474 763//474
f 763//474 765//474 1026//474
f 1027//475 1013//475 1014//475
f 1014//476 1028//476 1027//476
f 1029//475 1027//475 1028//475
f 1028//477 1030//477 1029//477
f 1028//478 1014//478 753//478
f 753//479 767//479 1028//479
f 1030//476 1028//476 767//476
f 767//480 769//480 1030//480
f 1018//481 1017//481 1031//481
f 1031//482 1032//482 1018//482
f 757//483 1018//483 1032//483
f 1032//484 771//484 757//484
f 1032//481 1031//481 1033//481
f 1033//485 1034//485 1032//485
f 771//482 1032//482 1034//482
f 1034//486 773//486 771//486
f 1022//487 1021//487 1035//487
f 1035//488 1036//488 1022//488
f 761//489 1022//489 1036//489
f 1036//490 775//490 761//490
f 1036//487 1035//487 1037//487
f 1037//491 1038//491 1036//491
f 775//488 1036//488 1038//488
f 1038//492 777//492 775//492
f 1039//493 1025//493 1026//493
f 1026//494 1040//494 1039//494
f 1041//493 1039//493 1040//493
f 1040//495 1042//495 1041//495
f 1040//496 1026//496 765//496
f 765//497 779//497 1040//497
f 1042//494 1040//494 779//494
f 779//498 781//498 1042//498
f 1043//499 1029//499 1030//499
f 1030//500 1044//500 1043//500
f 1045//501 1043//501 1044//501
f 1044//500 1046//500 1045//500
f 1044//502 1030//502 769//502
f 769//503 783//503 1044//503
f 1046//500 1044//500 783//500
f 783//503 785//503 1046//503
f 1034//504 1033//504 1047//504
f 1047//505 1048//505 1034//505
f 773//506 1034//506 1048//506
f 1048//507 787//507 773//507
f 1048//508 1047//508 1049//508
f 1049//505 1050//505 1048//505
f 787//505 1048//505 1050//505
f 1050//507 789//507 787//507
f 1038//509 1037//509 1051//509
f 1051//510 1052//510 1038//510
f 777//511 1038//511 1052//511
f 1052//512 791//512 777//512
f 1052//513 1051//513 1053//513
f 1053//510 1054//510 1052//510
f 791//510 1052//510 1054//510
f 1054//512 793//512 791//512
f 1055//514 1041//514 1042//514
f 1042//515 1056//515 1055//515
f 1057//516 1055//516 1056//516
f 1056//515 1058//515 1057//515
f 1056//517 1042//517 781//517
f 781//518 795//518 1056//518
f 1058//515 1056//515 795//515
f 795//518 797//518 1058//518
f 1059//519 1045//519 1046//519
f 1046//520 1060//520 1059//520
f 1061//519 1059//519 1060//519
f 1060//519 1062//519 1061//519
f 1060//520 1046//520 785//520
f 785//520 799//520 1060//520
f 1062//520 1060//520 799//520
f 799//520 801//520 1062//520
f 1050//521 1049//521 1063//521
f 1063//522 1064//522 1050//522
f 789//522 1050//522 1064//522
f 1064//522 803//522 789//522
f 1064//521 1063//521 1065//521
f 1065//521 1066//521 1064//521
f 803//522 1064//522 1066//522
f 1066//522 805//522 803//522
f 1054//523 1053//523 1067//523
f 1067//524 1068//524 1054//524
f 793//524 1054//524 1068//524
f 1068//524 807//524 793//524
f 1068//523 1067//523 1069//523
f 1069//523 1070//523 1068//523
f 807//524 1068//524 1070//524
f 1070//524 809//524 807//524
f 1071//525 1057//525 1058//525
f 1058//526 1072//526 1071//526
f 1073//525 1071//525 1072//525
f 1072//525 1074//525 1073//525
f 1072//526 1058//526 797//526
f 797//526 811//526 1072//526
f 1074//526 1072//526 811//526
f 811//526 813//526 1074//526
f 1075//527 1061//527 1062//527
f 1062//527 1076//527 1075//527
f 1077//527 1075//527 1076//527
f 1076//528 1078//528 1077//528
f 1076//527 1062//527 801//527
f 801//528 815//528 1076//528
f 1078//528 1076//528 815//528
f 815//528 817//528 1078//528
f 1066//529 1065//529 1079//529
f 1079//529 1080//529 1066//529
f 805//529 1066//529 1080//529
f 1080//530 819//530 805//530
f 1080//529 1079//529 1081//529
f 1081//530 1082//530 1080//530
f 819//529 1080//529 1082//529
f 1082//530 821//530 819//530
f 1070//531 1069//531 1083//531
f 1083//531 1084//531 1070//531
f 809//531 1070//531 1084//531
f 1084//532 823//532 809//532
f 1084//531 1083//531 1085//531
f 1085//532 1086//532 1084//532
f 823//531 1084//531 1086//531
f 1086//532 825//532 823//532
f 1087//533 1073//533 1074//533
f 1074//533 1088//533 1087//533
f 1089//533 1087//533 1088//533
f 1088//534 1090//534 1089//534
f 1088//533 1074//533 813//533
f 813//534 827//534 1088//534
f 1090//534 1088//534 827//534
f 827//534 829//534 1090//534
f 1091//535 1077//535 1078//535
f 1078//535 1092//535 1091//535
f 1093//535 1091//535 1092//535
f 1092//535 1094//535 1093//535
f 1092//535 1078//535 817//535
f 817//535 831//535 1092//535
f 1094//535 1092//535 831//535
f 831//535 833//535 1094//535
f 1082//536 1081//536 1095//536
f 1095//536 1096//536 1082//536
f 821//536 1082//536 1096//536
f 1096//536 835//536 821//536
f 1096//536 1095//536 1097//536
f 1097//536 1098//536 1096//536
f 835//536 1096//536 1098//536
f 1098//536 837//536 835//536
f 1086//537 1085//537 1099//537
f 1099//537 1100//537 1086//537
f 825//537 1086//537 1100//537
f 1100//537 839//537 825//537
f 1100//537 1099//537 1101//537
f 1101//537 1102//537 1100//537
f 839//537 1100//537 1102//537
f 1102//537 841//537 839//537
f 1103//538 1089//538 1090//538
f 1090//538 1104//538 1103//538
f 1105//538 1103//538 1104//538
f 1104//538 1106//538 1105//538
f 1104//538 1090//538 829//538
f 829//538 843//538 1104//538
f 1106//538 1104//538 843//538
f 843//538 845//538 1106//538
f 1107//539 1093//539 1094//539
f 1094//539 1108//539 1107//539
f 1109//539 1107//539 1108//539
f 1108//539 1110//539 1109//539
f 1108//539 1094//539 833//539
f 833//539 847//539 1108//539
f 1110//539 1108//539 847//539
f 847//539 849//539 1110//539
f 1098//540 1097//540 1111//540
f 1111//540 1112//540 1098//540
f 837//540 1098//540 1112//540
f 1112//540 851//540 837//540
f 1112//540 1111//540 1113//540
f 1113//540 1114//540 1112//540
f 851//540 1112//540 1114//540
f 1114//540 853//540 851//540
f 1102//541 1101//541 1115//541
f 1115//541 1116//541 1102//541
f 841//541 1102//541 1116//541
f 1116//541 855//541 841//541
f 1116//541 1115//541 1117//541
f 1117//541 1118//541 1116//541
f 855//541 1116//541 1118//541
f 1118//541 857//541 855//541
f 1119//542 1105//542 1106//542
f 1106//542 1120//542 1119//542
f 1121//542 1119//542 1120//542
f 1120//542 1122//542 1121//542
f 1120//542 1106//542 845//542
f 845//542 859//542 1120//542
f 1122//542 1120//542 859//542
f 859//542 861//542 1122//542
f 1123//543 1109//543 1110//543
f 1110//543 1124//543 1123//543
f 1125//543 1123//543 1124//543
f 1124//543 1126//543 1125//543
f 1124//543 1110//543 849//543
f 849//543 863//543 1124//543
f 1126//543 1124//543 863//543
f 863//543 865//543 1126//543
f 1114//544 1113//544 1127//544
f 1127//544 1128//544 1114//544
f 853//544 1114//544 1128//544
f 1128//544 867//544 853//544
f 1128//544 1127//544 1129//544
f 1129//544 1130//544 1128//544
f 867//544 1128//544 1130//544
f 1130//544 869//544 867//544
f 1118//545 1117//545 1131//545
f 1131//545 1132//545 1118//545
f 857//545 1118//545 1132//545
f 1132//545 871//545 857//545
f 1132//545 1131//545 1133//545
f 1133//545 1134//545 1132//545
f 871//545 1132//545 1134//545
f 1134//545 873//545 871//545
f 1135//546 1121//546 1122//546
f 1122//546 1136//546 1135//546
f 1137//546 1135//546 1136//546
f 1136//546 1138//546 1137//546
f 1136//546 1122//546 861//546
f 861//546 875//546 1136//546
f 1138//546 1136//546 875//546
f 875//546 877//546 1138//546
f 1139//547 1125//547 1126//547
f 1126//547 1140//547 1139//547
f 1141//547 1139//547 1140//547
f 1140//547 1142//547 1141//547
f 1140//547 1126//547 865//547
f 865//547 879//547 1140//547
f 1142//547 1140//547 879//547
f 879//547 881//547 1142//547
f 1130//548 1129//548 1143//548
f 1143//548 1144//548 1130//548
f 869//548 1130//548 1144//548
f 1144//548 883//548 869//548
f 1144//548 1143//548 1145//548
f 1145//548 1146//548 1144//548
f 883//548 1144//548 1146//548
f 1146//548 885//548 883//548
f 1134//549 1133//549 1147//549
f 1147//549 1148//549 1134//549
f 873//549 1134//549 1148//549
f 1148//549 887//549 873//549
f 1148//549 1147//549 1149//549
f 1149//549 1150//549 1148//549
f 887//549 1148//549 1150//549
f 1150//549 889//549 887//549
f 1151//550 1137//550 1138//550
f 1138//550 1152//550 1151//550
f 1153//550 1151//550 1152//550
f 1152//550 1154//550 1153//550
f 1152//550 1138//550 877//550
f 877//550 891//550 1152//550
f 1154//550 1152//550 891//550
f 891//550 893//550 1154//550
f 1155//551 1141//551 1142//551
f 1142//551 1156//551 1155//551
f 1157//551 1155//551 1156//551
f 1156//551 1158//551 1157//551
f 1156//551 1142//551 881//551
f 881//551 895//551 1156//551
f 1158//551 1156//551 895//551
f 895//551 897//551 1158//551
f 1146//552 1145//552 1159//552
f 1159//552 1160//552 1146//552
f 885//552 1146//552 1160//552
f 1160//552 899//552 885//552
f 1160//552 1159//552 1161//552
f 1161//552 1162//552 1160//552
f 899//552 1160//552 1162//552
f 1162//552 901//552 899//552
f 1150//553 1149//553 1163//553
f 1163//553 1164//553 1150//553
f 889//553 1150//553 1164//553
f 1164//553 903//553 889//553
f 1164//553 1163//553 1165//553
f 1165//553 1166//553 1164//553
f 903//553 1164//553 1166//553
f 1166//553 905//553 903//553
f 1167//554 1153//554 1154//554
f 1154//554 1168//554 1167//554
f 1169//554 1167//554 1168//554
f 1168//554 1170//554 1169//554
f 1168//554 1154//554 893//554
f 893//554 907//554 1168//554
f 1170//554 1168//554 907//554
f 907//554 909//554 1170//554
f 1171//555 1172//555 1173//555
f 1173//556 1174//556 1171//556
f 1175//555 1171//555 1174//555
f 1174//557 1176//557 1175//557
f 1174//556 1173//556 912//556
f 912//556 911//556 1174//556
f 1176//556 1174//556 911//556
f 911//557 915//557 1176//557
f 1177//558 1178//558 1179//558
f 1179//559 1180//559 1177//559
f 918//559 1177//559 1180//559
f 1180//559 919//559 918//559
f 1180//558 1179//558 1181//558
f 1181//560 1182//560 1180//560
f 919//559 1180//559 1182//559
f 1182//560 921//560 919//560
f 1173//561 1172//561 1183//561
f 1183//562 1184//562 1173//562
f 912//562 1173//562 1184//562
f 1184//562 923//562 912//562
f 1184//561 1183//561 1185//561
f 1185//563 1186//563 1184//563
f 923//562 1184//562 1186//562
f 1186//563 925//563 923//563
f 1187//564 1178//564 1177//564
f 1177//565 1188//565 1187//565
f 1189//564 1187//564 1188//564
f 1188//566 1190//566 1189//566
f 1188//565 1177//565 918//565
f 918//565 927//565 1188//565
f 1190//565 1188//565 927//565
f 927//566 929//566 1190//566
f 1191//567 1175//567 1176//567
f 1176//567 1192//567 1191//567
f 1193//567 1191//567 1192//567
f 1192//567 1194//567 1193//567
f 1192//567 1176//567 915//567
f 915//567 931//567 1192//567
f 1194//567 1192//567 931//567
f 931//567 933//567 1194//567
f 1182//568 1181//568 1195//568
f 1195//568 1196//568 1182//568
f 921//568 1182//568 1196//568
f 1196//568 935//568 921//568
f 1196//568 1195//568 1197//568
f 1197//568 1198//568 1196//568
f 935//568 1196//568 1198//568
f 1198//568 937//568 935//568
f 1186//569 1185//569 1199//569
f 1199//569 1200//569 1186//569
f 925//569 1186//569 1200//569
f 1200//569 939//569 925//569
f 1200//569 1199//569 1201//569
f 1201//569 1202//569 1200//569
f 939//569 1200//569 1202//569
f 1202//569 941//569 939//569
f 1203//570 1189//570 1190//570
f 1190//570 1204//570 1203//570
f 1205//570 1203//570 1204//570
f 1204//570 1206//570 1205//570
f 1204//570 1190//570 929//570
f 929//570 943//570 1204//570
f 1206//570 1204//570 943//570
f 943//570 945//570 1206//570
f 1207//571 1193//571 1194//571
f 1194//572 1208//572 1207//572
f 1209//572 1207//572 1208//572
f 1208//572 1210//572 1209//572
f 1208//572 1194//572 933//572
f 933//573 947//573 1208//573
f 1210//572 1208//572 947//572
f 947//573 949//573 1210//573
f 1198//574 1197//574 1211//574
f 1211//575 1212//575 1198//575
f 937//575 1198//575 1212//575
f 1212//576 951//576 937//576
f 1212//575 1211//575 1213//575
f 1213//575 1214//575 1212//575
f 951//575 1212//575 1214//575
f 1214//576 953//576 951//576
f 1202//577 1201//577 1215//577
f 1215//578 1216//578 1202//578
f 941//578 1202//578 1216//578
f 1216//579 955//579 941//579
f 1216//578 1215//578 1217//578
f 1217//578 1218//578 1216//578
f 955//578 1216//578 1218//578
f 1218//579 957//579 955//579
f 1219//580 1205//580 1206//580
f 1206//581 1220//581 1219//581
f 1221//581 1219//581 1220//581
f 1220//581 1222//581 1221//581
f 1220//581 1206//581 945//581
f 945//582 959//582 1220//582
f 1222//581 1220//581 959//581
f 959//582 961//582 1222//582
f 1223//583 1209//583 1210//583
f 1210//583 1224//583 1223//583
f 1225//583 1223//583 1224//583
f 1224//584 1226//584 1225//584
f 1224//583 1210//583 949//583
f 949//584 963//584 1224//584
f 1226//583 1224//583 963//583
f 963//584 965//584 1226//584
f 1214//585 1213//585 1227//585
f 1227//585 1228//585 1214//585
f 953//585 1214//585 1228//585
f 1228//585 967//585 953//585
f 1228//585 1227//585 1229//585
f 1229//586 1230//586 1228//586
f 967//585 1228//585 1230//585
f 1230//586 969//586 967//586
f 1218//587 1217//587 1231//587
f 1231//587 1232//587 1218//587
f 957//587 1218//587 1232//587
f 1232//587 971//587 957//587
f 1232//587 1231//587 1233//587
f 1233//588 1234//588 1232//588
f 971//587 1232//587 1234//587
f 1234//588 973//588 971//588
f 1235//589 1221//589 1222//589
f 1222//589 1236//589 1235//589
f 1237//589 1235//589 1236//589
f 1236//590 1238//590 1237//590
f 1236//589 1222//589 961//589
f 961//590 975//590 1236//590
f 1238//589 1236//589 975//589
f 975//590 977//590 1238//590
f 1239//591 1225//591 1226//591
f 1226//591 1240//591 1239//591
f 1241//591 1239//591 1240//591
f 1240//591 1242//591 1241//591
f 1240//591 1226//591 965//591
f 965//591 979//591 1240//591
f 1242//591 1240//591 979//591
f 979//591 981//591 1242//591
f 1230//592 1229//592 1243//592
f 1243//592 1244//592 1230//592
f 969//593 1230//593 1244//593
f 1244//592 983//592 969//592
f 1244//592 1243//592 1245//592
f 1245//592 1246//592 1244//592
f 983//592 1244//592 1246//592
f 1246//592 985//592 983//592
f 1234//594 1233//594 1247//594
f 1247//594 1248//594 1234//594
f 973//595 1234//595 1248//595
f 1248//594 987//594 973//594
f 1248//594 1247//594 1249//594
f 1249//594 1250//594 1248//594
f 987//594 1248//594 1250//594
f 1250//594 989//594 987//594
f 1251//596 1237//596 1238//596
f 1238//596 1252//596 1251//596
f 1253//596 1251//596 1252//596
f 1252//596 1254//596 1253//596
f 1252//596 1238//596 977//596
f 977//596 991//596 1252//596
f 1254//596 1252//596 991//596
f 991//596 993//596 1254//596
f 1255//597 1241//597 1242//597
f 1242//598 1256//598 1255//598
f 1257//597 1255//597 1256//597
f 1256//598 1258//598 1257//598
f 1256//598 1242//598 981//598
f 981//598 995//598 1256//598
f 1258//598 1256//598 995//598
f 995//598 997//598 1258//598
f 1246//599 1245//599 1259//599
f 1259//600 1260//600 1246//600
f 985//600 1246//600 1260//600
f 1260//600 999//600 985//600
f 1260//599 1259//599 1261//599
f 1261//600 1262//600 1260//600
f 999//600 1260//600 1262//600
f 1262//600 1001//600 999//600
f 1250//601 1249//601 1263//601
f 1263//602 1264//602 1250//602
f 989//602 1250//602 1264//602
f 1264//602 1003//602 989//602
f 1264//601 1263//601 1265//601
f 1265//602 1266//602 1264//602
f 1003//602 1264//602 1266//602
f 1266//602 1005//602 1003//602
f 1267//603 1253//603 1254//603
f 1254//604 1268//604 1267//604
f 1269//603 1267//603 1268//603
f 1268//604 1270//604 1269//604
f 1268//604 1254//604 993//604
f 993//604 1007//604 1268//604
f 1270//604 1268//604 1007//604
f 1007//604 1009//604 1270//604
f 1271//605 1257//605 1258//605
f 1258//605 1272//605 1271//605
f 1273//605 1271//605 1272//605
f 1272//606 1274//606 1273//606
f 1272//605 1258//605 997//605
f 997//606 1011//606 1272//606
f 1274//606 1272//606 1011//606
f 1011//606 1013//606 1274//606
f 1262//607 1261//607 1275//607
f 1275//607 1276//607 1262//607
f 1001//607 1262//607 1276//607
f 1276//608 1015//608 1001//608
f 1276//607 1275//607 1277//607
f 1277//608 1278//608 1276//608
f 1015//607 1276//607 1278//607
f 1278//608 1017//608 1015//608
f 1266//609 1265//609 1279//609
f 1279//609 1280//609 1266//609
f 1005//609 1266//609 1280//609
f 1280//610 1019//610 1005//610
f 1280//609 1279//609 1281//609
f 1281//610 1282//610 1280//610
f 1019//609 1280//609 1282//609
f 1282//610 1021//610 1019//610
f 1283//611 1269//611 1270//611
f 1270//611 1284//611 1283//611
f 1285//611 1283//611 1284//611
f 1284//612 1286//612 1285//612
f 1284//611 1270//611 1009//611
f 1009//612 1023//612 1284//612
f 1286//612 1284//612 1023//612
f 1023//612 1025//612 1286//612
f 1287//613 1273//613 1274//613
f 1274//614 1288//614 1287//614
f 1289//613 1287//613 1288//613
f 1288//615 1290//615 1289//615
f 1288//616 1274//616 1013//616
f 1013//616 1027//616 1288//616
f 1290//614 1288//614 1027//614
f 1027//617 1029//617 1290//617
f 1278//618 1277//618 1291//618
f 1291//619 1292//619 1278//619
f 1017//620 1278//620 1292//620
f 1292//621 1031//621 1017//621
f 1292//618 1291//618 1293//618
f 1293//622 1294//622 1292//622
f 1031//619 1292//619 1294//619
f 1294//623 1033//623 1031//623
f 1282//624 1281//624 1295//624
f 1295//625 1296//625 1282//625
f 1021//626 1282//626 1296//626
f 1296//627 1035//627 1021//627
f 1296//624 1295//624 1297//624
f 1297//628 1298//628 1296//628
f 1035//625 1296//625 1298//625
f 1298//629 1037//629 1035//629
f 1299//630 1285//630 1286//630
f 1286//631 1300//631 1299//631
f 1301//630 1299//630 1300//630
f 1300//632 1302//632 1301//632
f 1300//633 1286//633 1025//633
f 1025//633 1039//633 1300//633
f 1302//631 1300//631 1039//631
f 1039//634 1041//634 1302//634
f 1303//635 1289//635 1290//635
f 1290//636 1304//636 1303//636
f 1305//637 1303//637 1304//637
f 1304//638 1306//638 1305//638
f 1304//639 1290//639 1029//639
f 1029//636 1043//636 1304//636
f 1306//636 1304//636 1043//636
f 1043//636 1045//636 1306//636
f 1294//640 1293//640 1307//640
f 1307//641 1308//641 1294//641
f 1033//642 1294//642 1308//642
f 1308//641 1047//641 1033//641
f 1308//643 1307//643 1309//643
f 1309//644 1310//644 1308//644
f 1047//641 1308//641 1310//641
f 1310//641 1049//641 1047//641
f 1298//645 1297//645 1311//645
f 1311//646 1312//646 1298//646
f 1037//647 1298//647 1312//647
f 1312//646 1051//646 1037//646
f 1312//648 1311//648 1313//648
f 1313//649 1314//649 1312//649
f 1051//646 1312//646 1314//646
f 1314//646 1053//646 1051//646
f 1315//650 1301//650 1302//650
f 1302//651 1316//651 1315//651
f 1317//652 1315//652 1316//652
f 1316//653 1318//653 1317//653
f 1316//654 1302//654 1041//654
f 1041//651 1055//651 1316//651
f 1318//651 1316//651 1055//651
f 1055//651 1057//651 1318//651
f 1319//655 1305//655 1306//655
f 1306//655 1320//655 1319//655
f 1321//655 1319//655 1320//655
f 1320//655 1322//655 1321//655
f 1320//655 1306//655 1045//655
f 1045//655 1059//655 1320//655
f 1322//655 1320//655 1059//655
f 1059//655 1061//655 1322//655
f 1310//656 1309//656 1323//656
f 1323//656 1324//656 1310//656
f 1049//656 1310//656 1324//656
f 1324//656 1063//656 1049//656
f 1324//656 1323//656 1325//656
f 1325//656 1326//656 1324//656
f 1063//656 1324//656 1326//656
f 1326//656 1065//656 1063//656
f 1314//657 1313//657 1327//657
f 1327//657 1328//657 1314//657
f 1053//657 1314//657 1328//657
f 1328//657 1067//657 1053//657
f 1328//657 1327//657 1329//657
f 1329//657 1330//657 1328//657
f 1067//657 1328//657 1330//657
f 1330//657 1069//657 1067//657
f 1331//658 1317//658 1318//658
f 1318//658 1332//658 1331//658
f 1333//658 1331//658 1332//658
f 1332//658 1334//658 1333//658
f 1332//658 1318//658 1057//658
f 1057//658 1071//658 1332//658
f 1334//658 1332//658 1071//658
f 1071//658 1073//658 1334//658
f 1335//659 1321//659 1322//659
f 1322//659 1336//659 1335//659
f 1337//659 1335//659 1336//659
f 1336//659 1338//659 1337//659
f 1336//659 1322//659 1061//659
f 1061//659 1075//659 1336//659
f 1338//659 1336//659 1075//659
f 1075//659 1077//659 1338//659
f 1326//660 1325//660 1339//660
f 1339//660 1340//660 1326//660
f 1065//660 1326//660 1340//660
f 1340//660 1079//660 1065//660
f 1340//660 1339//660 1341//660
f 1341//660 1342//660 1340//660
f 1079//660 1340//660 1342//660
f 1342//660 1081//660 1079//660
f 1330//661 1329//661 1343//661
f 1343//661 1344//661 1330//661
f 1069//661 1330//661 1344//661
f 1344//661 1083//661 1069//661
f 1344//661 1343//661 1345//661
f 1345//661 1346//661 1344//661
f 1083//661 1344//661 1346//661
f 1346//661 1085//661 1083//661
f 1347//662 1333//662 1334//662
f 1334//662 1348//662 1347//662
f 1349//662 1347//662 1348//662
f 1348//662 1350//662 1349//662
f 1348//662 1334//662 1073//662
f 1073//662 1087//662 1348//662
f 1350//662 1348//662 1087//662
f 1087//662 1089//662 1350//662
f 1351//663 1337//663 1338//663
f 1338//663 1352//663 1351//663
f 1353//663 1351//663 1352//663
f 1352//663 1354//663 1353//663
f 1352//663 1338//663 1077//663
f 1077//663 1091//663 1352//663
f 1354//663 1352//663 1091//663
f 1091//663 1093//663 1354//663
f 1342//664 1341//664 1355//664
f 1355//664 1356//664 1342//664
f 1081//664 1342//664 1356//664
f 1356//664 1095//664 1081//664
f 1356//664 1355//664 1357//664
f 1357//664 1358//664 1356//664
f 1095//664 1356//664 1358//664
f 1358//664 1097//664 1095//664
f 1346//665 1345//665 1359//665
f 1359//665 1360//665 1346//665
f 1085//665 1346//665 1360//665
f 1360//665 1099//665 1085//665
f 1360//665 1359//665 1361//665
f 1361//665 1362//665 1360//665
f 1099//665 1360//665 1362//665
f 1362//665 1101//665 1099//665
f 1363//666 1349//666 1350//666
f 1350//666 1364//666 1363//666
f 1365//666 1363//666 1364//666
f 1364//666 1366//666 1365//666
f 1364//666 1350//666 1089//666
f 1089//666 1103//666 1364//666
f 1366//666 1364//666 1103//666
f 1103//666 1105//666 1366//666
f 1367//667 1353//667 1354//667
f 1354//667 1368//667 1367//667
f 1369//667 1367//667 1368//667
f 1368//667 1370//667 1369//667
f 1368//667 1354//667 1093//667
f 1093//667 1107//667 1368//667
f 1370//667 1368//667 1107//667
f 1107//667 1109//667 1370//667
f 1358//668 1357//668 1371//668
f 1371//668 1372//668 1358//668
f 1097//668 1358//668 1372//668
f 1372//668 1111//668 1097//668
f 1372//668 1371//668 1373//668
f 1373//668 1374//668 1372//668
f 1111//668 1372//668 1374//668
f 1374//668 1113//668 1111//668
f 1362//669 1361//669 1375//669
f 1375//669 1376//669 1362//669
f 1101//669 1362//669 1376//669
f 1376//669 1115//669 1101//669
f 1376//669 1375//669 1377//669
f 1377//669 1378//669 1376//669
f 1115//669 1376//669 1378//669
f 1378//669 1117//669 1115//669
f 1379//670 1365//670 1366//670
f 1366//670 1380//670 1379//670
f 1381//670 1379//670 1380//670
f 1380//670 1382//670 1381//670
f 1380//670 1366//670 1105//670
f 1105//670 1119//670 1380//670
f 1382//670 1380//670 1119//670
f 1119//670 1121//670 1382//670
f 1383//671 1369//671 1370//671
f 1370//671 1384//671 1383//671
f 1385//671 1383//671 1384//671
f 1384//671 1386//671 1385//671
f 1384//671 1370//671 1109//671
f 1109//671 1123//671 1384//671
f 1386//671 1384//671 1123//671
f 1123//671 1125//671 1386//671
f 1374//672 1373//672 1387//672
f 1387//672 1388//672 1374//672
f 1113//672 1374//672 1388//672
f 1388//672 1127//672 1113//672
f 1388//672 1387//672 1389//672
f 1389//672 1390//672 1388//672
f 1127//672 1388//672 1390//672
f 1390//672 1129//672 1127//672
f 1378//673 1377//673 1391//673
f 1391//673 1392//673 1378//673
f 1117//673 1378//673 1392//673
f 1392//673 1131//673 1117//673
f 1392//673 1391//673 1393//673
f 1393//673 1394//673 1392//673
f 1131//673 1392//673 1394//673
f 1394//673 1133//673 1131//673
f 1395//674 1381//674 1382//674
f 1382//674 1396//674 1395//674
f 1397//674 1395//674 1396//674
f 1396//674 1398//674 1397//674
f 1396//674 1382//674 1121//674
f 1121//674 1135//674 1396//674
f 1398//674 1396//674 1135//674
f 1135//674 1137//674 1398//674
f 1399//675 1385//675 1386//675
f 1386//675 1400//675 1399//675
f 1401//675 1399//675 1400//675
f 1400//675 1402//675 1401//675
f 1400//675 1386//675 1125//675
f 1125//675 1139//675 1400//675
f 1402//675 1400//675 1139//675
f 1139//675 1141//675 1402//675
f 1390//676 1389//676 1403//676
f 1403//676 1404//676 1390//676
f 1129//676 1390//676 1404//676
f 1404//676 1143//676 1129//676
f 1404//676 1403//676 1405//676
f 1405//676 1406//676 1404//676
f 1143//676 1404//676 1406//676
f 1406//676 1145//676 1143//676
f 1394//677 1393//677 1407//677
f 1407//677 1408//677 1394//677
f 1133//677 1394//677 1408//677
f 1408//677 1147//677 1133//677
f 1408//677 1407//677 1409//677
f 1409//677 1410//677 1408//677
f 1147//677 1408//677 1410//677
f 1410//677 1149//677 1147//677
f 1411//678 1397//678 1398//678
f 1398//678 1412//678 1411//678
f 1413//678 1411//678 1412//678
f 1412//678 1414//678 1413//678
f 1412//678 1398//678 1137//678
f 1137//678 1151//678 1412//678
f 1414//678 1412//678 1151//678
f 1151//678 1153//678 1414//678
f 1415//679 1401//679 1402//679
f 1402//679 1416//679 1415//679
f 1417//679 1415//679 1416//679
f 1416//679 1418//679 1417//679
f 1416//679 1402//679 1141//679
f 1141//679 1155//679 1416//679
f 1418//679 1416//679 1155//679
f 1155//679 1157//679 1418//679
f 1406//680 1405//680 1419//680
f 1419//680 1420//680 1406//680
f 1145//680 1406//680 1420//680
f 1420//680 1159//680 1145//680
f 1420//680 1419//680 1421//680
f 1421//680 1422//680 1420//680
f 1159//680 1420//680 1422//680
f 1422//680 1161//680 1159//680
f 1410//681 1409//681 1423//681
f 1423//681 1424//681 1410//681
f 1149//681 1410//681 1424//681
f 1424//681 1163//681 1149//681
f 1424//681 1423//681 1425//681
f 1425//681 1426//681 1424//681
f 1163//681 1424//681 1426//681
f 1426//681 1165//681 1163//681
f 1427//682 1413//682 1414//682
f 1414//682 1428//682 1427//682
f 1429//682 1427//682 1428//682
f 1428//682 1430//682 1429//682
f 1428//682 1414//682 1153//682
f 1153//682 1167//682 1428//682
f 1430//682 1428//682 1167//682
f 1167//682 1169//682 1430//682
f 1431//683 1432//683 1433//683
f 1433//684 1434//684 1431//684
f 1435//683 1431//683 1434//683
f 1434//684 1436//684 1435//684
f 1434//684 1433//684 1172//684
f 1172//684 1171//684 1434//684
f 1436//684 1434//684 1171//684
f 1171//684 1175//684 1436//684
f 1437//685 1438//685 1439//685
f 1439//686 1440//686 1437//686
f 1178//686 1437//686 1440//686
f 1440//686 1179//686 1178//686
f 1440//685 1439//685 1441//685
f 1441//686 1442//686 1440//686
f 1179//686 1440//686 1442//686
f 1442//686 1181//686 1179//686
f 1433//687 1432//687 1443//687
f 1443//688 1444//688 1433//688
f 1172//688 1433//688 1444//688
f 1444//688 1183//688 1172//688
f 1444//687 1443//687 1445//687
f 1445//688 1446//688 1444//688
f 1183//688 1444//688 1446//688
f 1446//688 1185//688 1183//688
f 1447//689 1438//689 1437//689
f 1437//690 1448//690 1447//690
f 1449//689 1447//689 1448//689
f 1448//690 1450//690 1449//690
f 1448//690 1437//690 1178//690
f 1178//690 1187//690 1448//690
f 1450//690 1448//690 1187//690
f 1187//690 1189//690 1450//690
f 1451//691 1435//691 1436//691
f 1436//692 1452//692 1451//692
f 1453//691 1451//691 1452//691
f 1452//692 1454//692 1453//692
f 1452//692 1436//692 1175//692
f 1175//693 1191//693 1452//693
f 1454//692 1452//692 1191//692
f 1191//693 1193//693 1454//693
f 1442//694 1441//694 1455//694
f 1455//695 1456//695 1442//695
f 1181//695 1442//695 1456//695
f 1456//696 1195//696 1181//696
f 1456//694 1455//694 1457//694
f 1457//695 1458//695 1456//695
f 1195//695 1456//695 1458//695
f 1458//696 1197//696 1195//696
f 1446//697 1445//697 1459//697
f 1459//698 1460//698 1446//698
f 1185//698 1446//698 1460//698
f 1460//699 1199//699 1185//699
f 1460//697 1459//697 1461//697
f 1461//698 1462//698 1460//698
f 1199//698 1460//698 1462//698
f 1462//699 1201//699 1199//699
f 1463//700 1449//700 1450//700
f 1450//701 1464//701 1463//701
f 1465//700 1463//700 1464//700
f 1464//701 1466//701 1465//701
f 1464//701 1450//701 1189//701
f 1189//702 1203//702 1464//702
f 1466//701 1464//701 1203//701
f 1203//702 1205//702 1466//702
f 1467//703 1453//703 1454//703
f 1454//703 1468//703 1467//703
f 1469//703 1467//703 1468//703
f 1468//703 1470//703 1469//703
f 1468//703 1454//703 1193//703
f 1193//703 1207//703 1468//703
f 1470//703 1468//703 1207//703
f 1207//703 1209//703 1470//703
f 1458//704 1457//704 1471//704
f 1471//704 1472//704 1458//704
f 1197//704 1458//704 1472//704
f 1472//704 1211//704 1197//704
f 1472//704 1471//704 1473//704
f 1473//704 1474//704 1472//704
f 1211//704 1472//704 1474//704
f 1474//704 1213//704 1211//704
f 1462//705 1461//705 1475//705
f 1475//705 1476//705 1462//705
f 1201//705 1462//705 1476//705
f 1476//705 1215//705 1201//705
f 1476//705 1475//705 1477//705
f 1477//705 1478//705 1476//705
f 1215//705 1476//705 1478//705
f 1478//705 1217//705 1215//705
f 1479//706 1465//706 1466//706
f 1466//706 1480//706 1479//706
f 1481//706 1479//706 1480//706
f 1480//706 1482//706 1481//706
f 1480//706 1466//706 1205//706
f 1205//706 1219//706 1480//706
f 1482//706 1480//706 1219//706
f 1219//706 1221//706 1482//706
f 1483//707 1469//707 1470//707
f 1470//708 1484//708 1483//708
f 1485//707 1483//707 1484//707
f 1484//708 1486//708 1485//708
f 1484//708 1470//708 1209//708
f 1209//708 1223//708 1484//708
f 1486//708 1484//708 1223//708
f 1223//708 1225//708 1486//708
f 1474//709 1473//709 1487//709
f 1487//710 1488//710 1474//710
f 1213//710 1474//710 1488//710
f 1488//710 1227//710 1213//710
f 1488//709 1487//709 1489//709
f 1489//710 1490//710 1488//710
f 1227//710 1488//710 1490//710
f 1490//710 1229//710 1227//710
f 1478//711 1477//711 1491//711
f 1491//712 1492//712 1478//712
f 1217//712 1478//712 1492//712
f 1492//712 1231//712 1217//712
f 1492//711 1491//711 1493//711
f 1493//712 1494//712 1492//712
f 1231//712 1492//712 1494//712
f 1494//712 1233//712 1231//712
f 1495//713 1481//713 1482//713
f 1482//714 1496//714 1495//714
f 1497//713 1495//713 1496//713
f 1496//714 1498//714 1497//714
f 1496//714 1482//714 1221//714
f 1221//714 1235//714 1496//714
f 1498//714 1496//714 1235//714
f 1235//714 1237//714 1498//714
f 1499//715 1485//715 1486//715
f 1486//716 1500//716 1499//716
f 1501//715 1499//715 1500//715
f 1500//715 1502//715 1501//715
f 1500//716 1486//716 1225//716
f 1225//716 1239//716 1500//716
f 1502//715 1500//715 1239//715
f 1239//715 1241//715 1502//715
f 1490//717 1489//717 1503//717
f 1503//718 1504//718 1490//718
f 1229//718 1490//718 1504//718
f 1504//718 1243//718 1229//718
f 1504//717 1503//717 1505//717
f 1505//717 1506//717 1504//717
f 1243//717 1504//717 1506//717
f 1506//717 1245//717 1243//717
f 1494//719 1493//719 1507//719
f 1507//720 1508//720 1494//720
f 1233//720 1494//720 1508//720
f 1508//720 1247//720 1233//720
f 1508//719 1507//719 1509//719
f 1509//719 1510//719 1508//719
f 1247//719 1508//719 1510//719
f 1510//719 1249//719 1247//719
f 1511//721 1497//721 1498//721
f 1498//722 1512//722 1511//722
f 1513//721 1511//721 1512//721
f 1512//721 1514//721 1513//721
f 1512//722 1498//722 1237//722
f 1237//722 1251//722 1512//722
f 1514//721 1512//721 1251//721
f 1251//721 1253//721 1514//721
f 1515//723 1501//723 1502//723
f 1502//723 1516//723 1515//723
f 1517//724 1515//724 1516//724
f 1516//723 1518//723 1517//723
f 1516//723 1502//723 1241//723
f 1241//725 1255//725 1516//725
f 1518//723 1516//723 1255//723
f 1255//725 1257//725 1518//725
f 1506//726 1505//726 1519//726
f 1519//726 1520//726 1506//726
f 1245//726 1506//726 1520//726
f 1520//727 1259//727 1245//727
f 1520//728 1519//728 1521//728
f 1521//726 1522//726 1520//726
f 1259//726 1520//726 1522//726
f 1522//727 1261//727 1259//727
f 1510//729 1509//729 1523//729
f 1523//729 1524//729 1510//729
f 1249//729 1510//729 1524//729
f 1524//730 1263//730 1249//730
f 1524//731 1523//731 1525//731
f 1525//729 1526//729 1524//729
f 1263//729 1524//729 1526//729
f 1526//730 1265//730 1263//730
f 1527//732 1513//732 1514//732
f 1514//732 1528//732 1527//732
f 1529//733 1527//733 1528//733
f 1528//732 1530//732 1529//732
f 1528//732 1514//732 1253//732
f 1253//734 1267//734 1528//734
f 1530//732 1528//732 1267//732
f 1267//734 1269//734 1530//734
f 1531//735 1517//735 1518//735
f 1518//735 1532//735 1531//735
f 1533//735 1531//735 1532//735
f 1532//735 1534//735 1533//735
f 1532//735 1518//735 1257//735
f 1257//735 1271//735 1532//735
f 1534//735 1532//735 1271//735
f 1271//735 1273//735 1534//735
f 1522//736 1521//736 1535//736
f 1535//736 1536//736 1522//736
f 1261//736 1522//736 1536//736
f 1536//736 1275//736 1261//736
f 1536//736 1535//736 1537//736
f 1537//736 1538//736 1536//736
f 1275//736 1536//736 1538//736
f 1538//736 1277//736 1275//736
f 1526//737 1525//737 1539//737
f 1539//737 1540//737 1526//737
f 1265//737 1526//737 1540//737
f 1540//737 1279//737 1265//737
f 1540//737 1539//737 1541//737
f 1541//737 1542//737 1540//737
f 1279//737 1540//737 1542//737
f 1542//737 1281//737 1279//737
f 1543//738 1529//738 1530//738
f 1530//738 1544//738 1543//738
f 1545//738 1543//738 1544//738
f 1544//738 1546//738 1545//738
f 1544//738 1530//738 1269//738
f 1269//738 1283//738 1544//738
f 1546//738 1544//738 1283//738
f 1283//738 1285//738 1546//738
f 1547//739 1533//739 1534//739
f 1534//740 1548//740 1547//740
f 1549//739 1547//739 1548//739
f 1548//740 1550//740 1549//740
f 1548//740 1534//740 1273//740
f 1273//740 1287//740 1548//740
f 1550//740 1548//740 1287//740
f 1287//740 1289//740 1550//740
f 1538//741 1537//741 1551//741
f 1551//742 1552//742 1538//742
f 1277//742 1538//742 1552//742
f 1552//742 1291//742 1277//742
f 1552//741 1551//741 1553//741
f 1553//742 1554//742 1552//742
f 1291//742 1552//742 1554//742
f 1554//742 1293//742 1291//742
f 1542//743 1541//743 1555//743
f 1555//744 1556//744 1542//744
f 1281//744 1542//744 1556//744
f 1556//744 1295//744 1281//744
f 1556//743 1555//743 1557//743
f 1557//744 1558//744 1556//744
f 1295//744 1556//744 1558//744
f 1558//744 1297//744 1295//744
f 1559//745 1545//745 1546//745
f 1546//746 1560//746 1559//746
f 1561//745 1559//745 1560//745
f 1560//746 1562//746 1561//746
f 1560//746 1546//746 1285//746
f 1285//746 1299//746 1560//746
f 1562//746 1560//746 1299//746
f 1299//746 1301//746 1562//746
f 1563//747 1549//747 1550//747
f 1550//748 1564//748 1563//748
f 1565//747 1563//747 1564//747
f 1564//748 1566//748 1565//748
f 1564//748 1550//748 1289//748
f 1289//748 1303//748 1564//748
f 1566//748 1564//748 1303//748
f 1303//748 1305//748 1566//748
f 1554//749 1553//749 1567//749
f 1567//750 1568//750 1554//750
f 1293//750 1554//750 1568//750
f 1568//750 1307//750 1293//750
f 1568//749 1567//749 1569//749
f 1569//750 1570//750 1568//750
f 1307//750 1568//750 1570//750
f 1570//750 1309//750 1307//750
f 1558//751 1557//751 1571//751
f 1571//752 1572//752 1558//752
f 1297//752 1558//752 1572//752
f 1572//752 1311//752 1297//752
f 1572//751 1571//751 1573//751
f 1573//752 1574//752 1572//752
f 1311//752 1572//752 1574//752
f 1574//752 1313//752 1311//752
f 1575//753 1561//753 1562//753
f 1562//754 1576//754 1575//754
f 1577//753 1575//753 1576//753
f 1576//754 1578//754 1577//754
f 1576//754 1562//754 1301//754
f 1301//754 1315//754 1576//754
f 1578//754 1576//754 1315//754
f 1315//754 1317//754 1578//754
f 1579//755 1565//755 1566//755
f 1566//755 1580//755 1579//755
f 1581//755 1579//755 1580//755
f 1580//755 1582//755 1581//755
f 1580//755 1566//755 1305//755
f 1305//755 1319//755 1580//755
f 1582//755 1580//755 1319//755
f 1319//755 1321//755 1582//755
f 1570//756 1569//756 1583//756
f 1583//756 1584//756 1570//756
f 1309//756 1570//756 1584//756
f 1584//756 1323//756 1309//756
f 1584//756 1583//756 1585//756
f 1585//756 1586//756 1584//756
f 1323//756 1584//756 1586//756
f 1586//756 1325//756 1323//756
f 1574//757 1573//757 1587//757
f 1587//757 1588//757 1574//757
f 1313//757 1574//757 1588//757
f 1588//757 1327//757 1313//757
f 1588//757 1587//757 1589//757
f 1589//757 1590//757 1588//757
f 1327//757 1588//757 1590//757
f 1590//757 1329//757 1327//757
f 1591//758 1577//758 1578//758
f 1578//758 1592//758 1591//758
f 1593//758 1591//758 1592//758
f 1592//758 1594//758 1593//758
f 1592//758 1578//758 1317//758
f 1317//758 1331//758 1592//758
f 1594//758 1592//758 1331//758
f 1331//758 1333//758 1594//758
f 1595//759 1581//759 1582//759
f 1582//759 1596//759 1595//759
f 1597//759 1595//759 1596//759
f 1596//759 1598//759 1597//759
f 1596//759 1582//759 1321//759
f 1321//759 1335//759 1596//759
f 1598//759 1596//759 1335//759
f 1335//759 1337//759 1598//759
f 1586//760 1585//760 1599//760
f 1599//760 1600//760 1586//760
f 1325//760 1586//760 1600//760
f 1600//760 1339//760 1325//760
f 1600//760 1599//760 1601//760
f 1601//760 1602//760 1600//760
f 1339//760 1600//760 1602//760
f 1602//760 1341//760 1339//760
f 1590//761 1589//761 1603//761
f 1603//761 1604//761 1590//761
f 1329//761 1590//761 1604//761
f 1604//761 1343//761 1329//761
f 1604//761 1603//761 1605//761
f 1605//761 1606//761 1604//761
f 1343//761 1604//761 1606//761
f 1606//761 1345//761 1343//761
f 1607//762 1593//762 1594//762
f 1594//762 1608//762 1607//762
f 1609//762 1607//762 1608//762
f 1608//762 1610//762 1609//762
f 1608//762 1594//762 1333//762
f 1333//762 1347//762 1608//762
f 1610//762 1608//762 1347//762
f 1347//762 1349//762 1610//762
f 1611//763 1597//763 1598//763
f 1598//763 1612//763 1611//763
f 1613//763 1611//763 1612//763
f 1612//763 1614//763 1613//763
f 1612//763 1598//763 1337//763
f 1337//763 1351//763 1612//763
f 1614//763 1612//763 1351//763
f 1351//763 1353//763 1614//763
f 1602//764 1601//764 1615//764
f 1615//764 1616//764 1602//764
f 1341//764 1602//764 1616//764
f 1616//764 1355//764 1341//764
f 1616//764 1615//764 1617//764
f 1617//764 1618//764 1616//764
f 1355//764 1616//764 1618//764
f 1618//764 1357//764 1355//764
f 1606//765 1605//765 1619//765
f 1619//765 1620//765 1606//765
f 1345//765 1606//765 1620//765
f 1620//765 1359//765 1345//765
f 1620//765 1619//765 1621//765
f 1621//765 1622//765 1620//765
f 1359//765 1620//765 1622//765
f 1622//765 1361//765 1359//765
f 1623//766 1609//766 1610//766
f 1610//766 1624//766 1623//766
f 1625//766 1623//766 1624//766
f 1624//766 1626//766 1625//766
f 1624//766 1610//766 1349//766
f 1349//766 1363//766 1624//766
f 1626//766 1624//766 1363//766
f 1363//766 1365//766 1626//766
f 1627//767 1613//767 1614//767
f 1614//767 1628//767 1627//767
f 1629//767 1627//767 1628//767
f 1628//767 1630//767 1629//767
f 1628//767 1614//767 1353//767
f 1353//767 1367//767 1628//767
f 1630//767 1628//767 1367//767
f 1367//767 1369//767 1630//767
f 1618//768 1617//768 1631//768
f 1631//768 1632//768 1618//768
f 1357//768 1618//768 1632//768
f 1632//768 1371//768 1357//768
f 1632//768 1631//768 1633//768
f 1633//768 1634//768 1632//768
f 1371//768 1632//768 1634//768
f 1634//768 1373//768 1371//768
f 1622//769 1621//769 1635//769
f 1635//769 1636//769 1622//769
f 1361//769 1622//769 1636//769
f 1636//769 1375//769 1361//769
f 1636//769 1635//769 1637//769
f 1637//769 1638//769 1636//769
f 1375//769 1636//769 1638//769
f 1638//769 1377//769 1375//769
f 1639//770 1625//770 1626//770
f 1626//770 1640//770 1639//770
f 1641//770 1639//770 1640//770
f 1640//770 1642//770 1641//770
f 1640//770 1626//770 1365//770
f 1365//770 1379//770 1640//770
f 1642//770 1640//770 1379//770
f 1379//770 1381//770 1642//770
f 1643//771 1629//771 1630//771
f 1630//771 1644//771 1643//771
f 1645//771 1643//771 1644//771
f 1644//771 1646//771 1645//771
f 1644//771 1630//771 1369//771
f 1369//771 1383//771 1644//771
f 1646//771 1644//771 1383//771
f 1383//771 1385//771 1646//771
f 1634//772 1633//772 1647//772
f 1647//772 1648//772 1634//772
f 1373//772 1634//772 1648//772
f 1648//772 1387//772 1373//772
f 1648//772 1647//772 1649//772
f 1649//772 1650//772 1648//772
f 1387//772 1648//772 1650//772
f 1650//772 1389//772 1387//772
f 1638//773 1637//773 1651//773
f 1651//773 1652//773 1638//773
f 1377//773 1638//773 1652//773
f 1652//773 1391//773 1377//773
f 1652//773 1651//773 1653//773
f 1653//773 1654//773 1652//773
f 1391//773 1652//773 1654//773
f 1654//773 1393//773 1391//773
f 1655//774 1641//774 1642//774
f 1642//774 1656//774 1655//774
f 1657//774 1655//774 1656//774
f 1656//774 1658//774 1657//774
f 1656//774 1642//774 1381//774
f 1381//774 1395//774 1656//774
f 1658//774 1656//774 1395//774
f 1395//774 1397//774 1658//774
f 1659//775 1645//775 1646//775
f 1646//775 1660//775 1659//775
f 1661//775 1659//775 1660//775
f 1660//775 1662//775 1661//775
f 1660//775 1646//775 1385//775
f 1385//775 1399//775 1660//775
f 1662//775 1660//775 1399//775
f 1399//775 1401//775 1662//775
f 1650//776 1649//776 1663//776
f 1663//776 1664//776 1650//776
f 1389//776 1650//776 1664//776
f 1664//776 1403//776 1389//776
f 1664//776 1663//776 1665//776
f 1665//776 1666//776 1664//776
f 1403//776 1664//776 1666//776
f 1666//776 1405//776 1403//776
f 1654//777 1653//777 1667//777
f 1667//777 1668//777 1654//777
f 1393//777 1654//777 1668//777
f 1668//777 1407//777 1393//777
f 1668//777 1667//777 1669//777
f 1669//777 1670//777 1668//777
f 1407//777 1668//777 1670//777
f 1670//777 1409//777 1407//777
f 1671//778 1657//778 1658//778
f 1658//778 1672//778 1671//778
f 1673//778 1671//778 1672//778
f 1672//778 1674//778 1673//778
f 1672//778 1658//778 1397//778
f 1397//778 1411//778 1672//778
f 1674//778 1672//778 1411//778
f 1411//778 1413//778 1674//778
f 1675//779 1661//779 1662//779
f 1662//779 1676//779 1675//779
f 1677//779 1675//779 1676//779
f 1676//779 1678//779 1677//779
f 1676//779 1662//779 1401//779
f 1401//779 1415//779 1676//779
f 1678//779 1676//779 1415//779
f 1415//779 1417//779 1678//779
f 1666//780 1665//780 1679//780
f 1679//780 1680//780 1666//780
f 1405//780 1666//780 1680//780
f 1680//780 1419//780 1405//780
f 1680//780 1679//780 1681//780
f 1681//780 1682//780 1680//780
f 1419//780 1680//780 1682//780
f 1682//780 1421//780 1419//780
f 1670//781 1669//781 1683//781
f 1683//781 1684//781 1670//781
f 1409//781 1670//781 1684//781
f 1684//781 1423//781 1409//781
f 1684//781 1683//781 1685//781
f 1685//781 1686//781 1684//781
f 1423//781 1684//781 1686//781
f 1686//781 1425//781 1423//781
f 1687//782 1673//782 1674//782
f 1674//782 1688//782 1687//782
f 1689//782 1687//782 1688//782
f 1688//782 1690//782 1689//782
f 1688//782 1674//782 1413//782
f 1413//782 1427//782 1688//782
f 1690//782 1688//782 1427//782
f 1427//782 1429//782 1690//782
f 1691//783 1692//783 1693//783
f 1693//783 1694//783 1691//783
f 1695//783 1691//783 1694//783
f 1694//783 1696//783 1695//783
f 1694//783 1693//783 1432//783
f 1432//783 1431//783 1694//783
f 1696//783 1694//783 1431//783
f 1431//783 1435//783 1696//783
f 1697//784 1698//784 1699//784
f 1699//784 1700//784 1697//784
f 1438//784 1697//784 1700//784
f 1700//784 1439//784 1438//784
f 1700//784 1699//784 1701//784
f 1701//784 1702//784 1700//784
f 1439//784 1700//784 1702//784
f 1702//785 1441//785 1439//785
f 1693//786 1692//786 1703//786
f 1703//786 1704//786 1693//786
f 1432//786 1693//786 1704//786
f 1704//786 1443//786 1432//786
f 1704//786 1703//786 1705//786
f 1705//786 1706//786 1704//786
f 1443//786 1704//786 1706//786
f 1706//787 1445//787 1443//787
f 1707//788 1698//788 1697//788
f 1697//788 1708//788 1707//788
f 1709//788 1707//788 1708//788
f 1708//788 1710//788 1709//788
f 1708//788 1697//788 1438//788
f 1438//788 1447//788 1708//788
f 1710//788 1708//788 1447//788
f 1447//788 1449//788 1710//788
f 1711//789 1695//789 1696//789
f 1696//790 1712//790 1711//790
f 1713//789 1711//789 1712//789
f 1712//790 1714//790 1713//790
f 1712//790 1696//790 1435//790
f 1435//790 1451//790 1712//790
f 1714//790 1712//790 1451//790
f 1451//790 1453//790 1714//790
f 1702//791 1701//791 1715//791
f 1715//792 1716//792 1702//792
f 1441//792 1702//792 1716//792
f 1716//792 1455//792 1441//792
f 1716//791 1715//791 1717//791
f 1717//792 1718//792 1716//792
f 1455//792 1716//792 1718//792
f 1718//792 1457//792 1455//792
f 1706//793 1705//793 1719//793
f 1719//794 1720//794 1706//794
f 1445//794 1706//794 1720//794
f 1720//794 1459//794 1445//794
f 1720//793 1719//793 1721//793
f 1721//794 1722//794 1720//794
f 1459//794 1720//794 1722//794
f 1722//794 1461//794 1459//794
f 1723//795 1709//795 1710//795
f 1710//796 1724//796 1723//796
f 1725//795 1723//795 1724//795
f 1724//796 1726//796 1725//796
f 1724//796 1710//796 1449//796
f 1449//796 1463//796 1724//796
f 1726//796 1724//796 1463//796
f 1463//796 1465//796 1726//796
f 1727//797 1713//797 1714//797
f 1714//797 1728//797 1727//797
f 1729//797 1727//797 1728//797
f 1728//797 1730//797 1729//797
f 1728//797 1714//797 1453//797
f 1453//797 1467//797 1728//797
f 1730//797 1728//797 1467//797
f 1467//797 1469//797 1730//797
f 1718//798 1717//798 1731//798
f 1731//798 1732//798 1718//798
f 1457//798 1718//798 1732//798
f 1732//798 1471//798 1457//798
f 1732//798 1731//798 1733//798
f 1733//798 1734//798 1732//798
f 1471//798 1732//798 1734//798
f 1734//798 1473//798 1471//798
f 1722//799 1721//799 1735//799
f 1735//799 1736//799 1722//799
f 1461//799 1722//799 1736//799
f 1736//799 1475//799 1461//799
f 1736//799 1735//799 1737//799
f 1737//799 1738//799 1736//799
f 1475//799 1736//799 1738//799
f 1738//799 1477//799 1475//799
f 1739//800 1725//800 1726//800
f 1726//800 1740//800 1739//800
f 1741//800 1739//800 1740//800
f 1740//800 1742//800 1741//800
f 1740//800 1726//800 1465//800
f 1465//800 1479//800 1740//800
f 1742//800 1740//800 1479//800
f 1479//800 1481//800 1742//800
f 1743//801 1729//801 1730//801
f 1730//801 1744//801 1743//801
f 1745//801 1743//801 1744//801
f 1744//801 1746//801 1745//801
f 1744//801 1730//801 1469//801
f 1469//802 1483//802 1744//802
f 1746//801 1744//801 1483//801
f 1483//802 1485//802 1746//802
f 1734//803 1733//803 1747//803
f 1747//803 1748//803 1734//803
f 1473//803 1734//803 1748//803
f 1748//804 1487//804 1473//804
f 1748//803 1747//803 1749//803
f 1749//803 1750//803 1748//803
f 1487//803 1748//803 1750//803
f 1750//804 1489//804 1487//804
f 1738//805 1737//805 1751//805
f 1751//805 1752//805 1738//805
f 1477//805 1738//805 1752//805
f 1752//806 1491//806 1477//806
f 1752//805 1751//805 1753//805
f 1753//805 1754//805 1752//805
f 1491//805 1752//805 1754//805
f 1754//806 1493//806 1491//806
f 1755//807 1741//807 1742//807
f 1742//807 1756//807 1755//807
f 1757//807 1755//807 1756//807
f 1756//807 1758//807 1757//807
f 1756//807 1742//807 1481//807
f 1481//808 1495//808 1756//808
f 1758//807 1756//807 1495//807
f 1495//808 1497//808 1758//808
f 1759//809 1745//809 1746//809
f 1746//809 1760//809 1759//809
f 1761//809 1759//809 1760//809
f 1760//809 1762//809 1761//809
f 1760//809 1746//809 1485//809
f 1485//809 1499//809 1760//809
f 1762//809 1760//809 1499//809
f 1499//809 1501//809 1762//809
f 1750//810 1749//810 1763//810
f 1763//810 1764//810 1750//810
f 1489//810 1750//810 1764//810
f 1764//810 1503//810 1489//810
f 1764//810 1763//810 1765//810
f 1765//810 1766//810 1764//810
f 1503//810 1764//810 1766//810
f 1766//810 1505//810 1503//810
f 1754//811 1753//811 1767//811
f 1767//811 1768//811 1754//811
f 1493//811 1754//811 1768//811
f 1768//811 1507//811 1493//811
f 1768//811 1767//811 1769//811
f 1769//811 1770//811 1768//811
f 1507//811 1768//811 1770//811
f 1770//811 1509//811 1507//811
f 1771//812 1757//812 1758//812
f 1758//812 1772//812 1771//812
f 1773//812 1771//812 1772//812
f 1772//812 1774//812 1773//812
f 1772//812 1758//812 1497//812
f 1497//812 1511//812 1772//812
f 1774//812 1772//812 1511//812
f 1511//812 1513//812 1774//812
f 1775//813 1761//813 1762//813
f 1762//813 1776//813 1775//813
f 1777//813 1775//813 1776//813
f 1776//813 1778//813 1777//813
f 1776//813 1762//813 1501//813
f 1501//813 1515//813 1776//813
f 1778//813 1776//813 1515//813
f 1515//813 1517//813 1778//813
f 1766//814 1765//814 1779//814
f 1779//814 1780//814 1766//814
f 1505//814 1766//814 1780//814
f 1780//814 1519//814 1505//814
f 1780//814 1779//814 1781//814
f 1781//814 1782//814 1780//814
f 1519//814 1780//814 1782//814
f 1782//814 1521//814 1519//814
f 1770//815 1769//815 1783//815
f 1783//815 1784//815 1770//815
f 1509//815 1770//815 1784//815
f 1784//815 1523//815 1509//815
f 1784//815 1783//815 1785//815
f 1785//815 1786//815 1784//815
f 1523//815 1784//815 1786//815
f 1786//815 1525//815 1523//815
f 1787//816 1773//816 1774//816
f 1774//816 1788//816 1787//816
f 1789//816 1787//816 1788//816
f 1788//816 1790//816 1789//816
f 1788//816 1774//816 1513//816
f 1513//816 1527//816 1788//816
f 1790//816 1788//816 1527//816
f 1527//816 1529//816 1790//816
f 1791//817 1777//817 1778//817
f 1778//817 1792//817 1791//817
f 1793//817 1791//817 1792//817
f 1792//817 1794//817 1793//817
f 1792//817 1778//817 1517//817
f 1517//817 1531//817 1792//817
f 1794//817 1792//817 1531//817
f 1531//817 1533//817 1794//817
f 1782//818 1781//818 1795//818
f 1795//818 1796//818 1782//818
f 1521//818 1782//818 1796//818
f 1796//818 1535//818 1521//818
f 1796//818 1795//818 1797//818
f 1797//818 1798//818 1796//818
f 1535//818 1796//818 1798//818
f 1798//818 1537//818 1535//818
f 1786//819 1785//819 1799//819
f 1799//819 1800//819 1786//819
f 1525//819 1786//819 1800//819
f 1800//819 1539//819 1525//819
f 1800//819 1799//819 1801//819
f 1801//819 1802//819 1800//819
f 1539//819 1800//819 1802//819
f 1802//819 1541//819 1539//819
f 1803//820 1789//820 1790//820
f 1790//820 1804//820 1803//820
f 1805//820 1803//820 1804//820
f 1804//820 1806//820 1805//820
f 1804//820 1790//820 1529//820
f 1529//820 1543//820 1804//820
f 1806//820 1804//820 1543//820
f 1543//820 1545//820 1806//820
f 1807//821 1793//821 1794//821
f 1794//821 1808//821 1807//821
f 1809//821 1807//821 1808//821
f 1808//821 1810//821 1809//821
f 1808//821 1794//821 1533//821
f 1533//821 1547//821 1808//821
f 1810//821 1808//821 1547//821
f 1547//821 1549//821 1810//821
f 1798//822 1797//822 1811//822
f 1811//822 1812//822 1798//822
f 1537//822 1798//822 1812//822
f 1812//822 1551//822 1537//822
f 1812//822 1811//822 1813//822
f 1813//822 1814//822 1812//822
f 1551//822 1812//822 1814//822
f 1814//822 1553//822 1551//822
f 1802//823 1801//823 1815//823
f 1815//823 1816//823 1802//823
f 1541//823 1802//823 1816//823
f 1816//823 1555//823 1541//823
f 1816//823 1815//823 1817//823
f 1817//823 1818//823 1816//823
f 1555//823 1816//823 1818//823
f 1818//823 1557//823 1555//823
f 1819//824 1805//824 1806//824
f 1806//824 1820//824 1819//824
f 1821//824 1819//824 1820//824
f 1820//824 1822//824 1821//824
f 1820//824 1806//824 1545//824
f 1545//824 1559//824 1820//824
f 1822//824 1820//824 1559//824
f 1559//824 1561//824 1822//824
f 1823//825 1809//825 1810//825
f 1810//825 1824//825 1823//825
f 1825//825 1823//825 1824//825
f 1824//825 1826//825 1825//825
f 1824//825 1810//825 1549//825
f 1549//825 1563//825 1824//825
f 1826//825 1824//825 1563//825
f 1563//825 1565//825 1826//825
f 1814//826 1813//826 1827//826
f 1827//827 1828//827 1814//827
f 1553//827 1814//827 1828//827
f 1828//827 1567//827 1553//827
f 1828//826 1827//826 1829//826
f 1829//827 1830//827 1828//827
f 1567//827 1828//827 1830//827
f 1830//827 1569//827 1567//827
f 1818//828 1817//828 1831//828
f 1831//829 1832//829 1818//829
f 1557//829 1818//829 1832//829
f 1832//829 1571//829 1557//829
f 1832//828 1831//828 1833//828
f 1833//829 1834//829 1832//829
f 1571//829 1832//829 1834//829
f 1834//829 1573//829 1571//829
f 1835//830 1821//830 1822//830
f 1822//830 1836//830 1835//830
f 1837//830 1835//830 1836//830
f 1836//830 1838//830 1837//830
f 1836//830 1822//830 1561//830
f 1561//830 1575//830 1836//830
f 1838//830 1836//830 1575//830
f 1575//830 1577//830 1838//830
f 1839//831 1825//831 1826//831
f 1826//831 1840//831 1839//831
f 1841//831 1839//831 1840//831
f 1840//831 1842//831 1841//831
f 1840//831 1826//831 1565//831
f 1565//831 1579//831 1840//831
f 1842//831 1840//831 1579//831
f 1579//831 1581//831 1842//831
f 1830//832 1829//832 1843//832
f 1843//832 1844//832 1830//832
f 1569//832 1830//832 1844//832
f 1844//832 1583//832 1569//832
f 1844//832 1843//832 1845//832
f 1845//832 1846//832 1844//832
f 1583//832 1844//832 1846//832
f 1846//832 1585//832 1583//832
f 1834//833 1833//833 1847//833
f 1847//833 1848//833 1834//833
f 1573//833 1834//833 1848//833
f 1848//833 1587//833 1573//833
f 1848//833 1847//833 1849//833
f 1849//833 1850//833 1848//833
f 1587//833 1848//833 1850//833
f 1850//833 1589//833 1587//833
f 1851//834 1837//834 1838//834
f 1838//834 1852//834 1851//834
f 1853//834 1851//834 1852//834
f 1852//834 1854//834 1853//834
f 1852//834 1838//834 1577//834
f 1577//834 1591//834 1852//834
f 1854//834 1852//834 1591//834
f 1591//834 1593//834 1854//834
f 1855//835 1841//835 1842//835
f 1842//835 1856//835 1855//835
f 1857//835 1855//835 1856//835
f 1856//835 1858//835 1857//835
f 1856//835 1842//835 1581//835
f 1581//835 1595//835 1856//835
f 1858//835 1856//835 1595//835
f 1595//835 1597//835 1858//835
f 1846//836 1845//836 1859//836
f 1859//836 1860//836 1846//836
f 1585//836 1846//836 1860//836
f 1860//836 1599//836 1585//836
f 1860//836 1859//836 1861//836
f 1861//836 1862//836 1860//836
f 1599//836 1860//836 1862//836
f 1862//836 1601//836 1599//836
f 1850//837 1849//837 1863//837
f 1863//837 1864//837 1850//837
f 1589//837 1850//837 1864//837
f 1864//837 1603//837 1589//837
f 1864//837 1863//837 1865//837
f 1865//837 1866//837 1864//837
f 1603//837 1864//837 1866//837
f 1866//837 1605//837 1603//837
f 1867//838 1853//838 1854//838
f 1854//838 1868//838 1867//838
f 1869//838 1867//838 1868//838
f 1868//838 1870//838 1869//838
f 1868//838 1854//838 1593//838
f 1593//838 1607//838 1868//838
f 1870//838 1868//838 1607//838
f 1607//838 1609//838 1870//838
f 1871//839 1857//839 1858//839
f 1858//839 1872//839 1871//839
f 1873//839 1871//839 1872//839
f 1872//839 1874//839 1873//839
f 1872//839 1858//839 1597//839
f 1597//839 1611//839 1872//839
f 1874//839 1872//839 1611//839
f 1611//839 1613//839 1874//839
f 1862//840 1861//840 1875//840
f 1875//840 1876//840 1862//840
f 1601//840 1862//840 1876//840
f 1876//840 1615//840 1601//840
f 1876//840 1875//840 1877//840
f 1877//840 1878//840 1876//840
f 1615//840 1876//840 1878//840
f 1878//840 1617//840 1615//840
f 1866//841 1865//841 1879//841
f 1879//841 1880//841 1866//841
f 1605//841 1866//841 1880//841
f 1880//841 1619//841 1605//841
f 1880//841 1879//841 1881//841
f 1881//841 1882//841 1880//841
f 1619//841 1880//841 1882//841
f 1882//841 1621//841 1619//841
f 1883//842 1869//842 1870//842
f 1870//842 1884//842 1883//842
f 1885//842 1883//842 1884//842
f 1884//842 1886//842 1885//842
f 1884//842 1870//842 1609//842
f 1609//842 1623//842 1884//842
f 1886//842 1884//842 1623//842
f 1623//842 1625//842 1886//842
f 1887//843 1873//843 1874//843
f 1874//843 1888//843 1887//843
f 1889//843 1887//843 1888//843
f 1888//843 1890//843 1889//843
f 1888//843 1874//843 1613//843
f 1613//843 1627//843 1888//843
f 1890//843 1888//843 1627//843
f 1627//843 1629//843 1890//843
f 1878//844 1877//844 1891//844
f 1891//844 1892//844 1878//844
f 1617//844 1878//844 1892//844
f 1892//844 1631//844 1617//844
f 1892//844 1891//844 1893//844
f 1893//844 1894//844 1892//844
f 1631//844 1892//844 1894//844
f 1894//844 1633//844 1631//844
f 1882//845 1881//845 1895//845
f 1895//845 1896//845 1882//845
f 1621//845 1882//845 1896//845
f 1896//845 1635//845 1621//845
f 1896//845 1895//845 1897//845
f 1897//845 1898//845 1896//845
f 1635//845 1896//845 1898//845
f 1898//845 1637//845 1635//845
f 1899//846 1885//846 1886//846
f 1886//846 1900//846 1899//846
f 1901//846 1899//846 1900//846
f 1900//846 1902//846 1901//846
f 1900//846 1886//846 1625//846
f 1625//846 1639//846 1900//846
f 1902//846 1900//846 1639//846
f 1639//846 1641//846 1902//846
f 1903//847 1889//847 1890//847
f 1890//847 1904//847 1903//847
f 1905//847 1903//847 1904//847
f 1904//847 1906//847 1905//847
f 1904//847 1890//847 1629//847
f 1629//847 1643//847 1904//847
f 1906//847 1904//847 1643//847
f 1643//847 1645//847 1906//847
f 1894//848 1893//848 1907//848
f 1907//848 1908//848 1894//848
f 1633//848 1894//848 1908//848
f 1908//848 1647//848 1633//848
f 1908//848 1907//848 1909//848
f 1909//848 1910//848 1908//848
f 1647//848 1908//848 1910//848
f 1910//848 1649//848 1647//848
f 1898//849 1897//849 1911//849
f 1911//849 1912//849 1898//849
f 1637//849 1898//849 1912//849
f 1912//849 1651//849 1637//849
f 1912//849 1911//849 1913//849
f 1913//849 1914//849 1912//849
f 1651//849 1912//849 1914//849
f 1914//849 1653//849 1651//849
f 1915//850 1901//850 1902//850
f 1902//850 1916//850 1915//850
f 1917//850 1915//850 1916//850
f 1916//850 1918//850 1917//850
f 1916//850 1902//850 1641//850
f 1641//850 1655//850 1916//850
f 1918//850 1916//850 1655//850
f 1655//850 1657//850 1918//850
f 1919//851 1905//851 1906//851
f 1906//851 1920//851 1919//851
f 1921//851 1919//851 1920//851
f 1920//851 1922//851 1921//851
f 1920//851 1906//851 1645//851
f 1645//851 1659//851 1920//851
f 1922//851 1920//851 1659//851
f 1659//851 1661//851 1922//851
f 1910//852 1909//852 1923//852
f 1923//852 1924//852 1910//852
f 1649//852 1910//852 1924//852
f 1924//852 1663//852 1649//852
f 1924//852 1923//852 1925//852
f 1925//852 1926//852 1924//852
f 1663//852 1924//852 1926//852
f 1926//852 1665//852 1663//852
f 1914//853 1913//853 1927//853
f 1927//853 1928//853 1914//853
f 1653//853 1914//853 1928//853
f 1928//853 1667//853 1653//853
f 1928//853 1927//853 1929//853
f 1929//853 1930//853 1928//853
f 1667//853 1928//853 1930//853
f 1930//853 1669//853 1667//853
f 1931//854 1917//854 1918//854
f 1918//854 1932//854 1931//854
f 1933//854 1931//854 1932//854
f 1932//854 1934//854 1933//854
f 1932//854 1918//854 1657//854
f 1657//854 1671//854 1932//854
f 1934//854 1932//854 1671//854
f 1671//854 1673//854 1934//854
f 1935//855 1921//855 1922//855
f 1922//856 1936//856 1935//856
f 1937//855 1935//855 1936//855
f 1936//856 1938//856 1937//856
f 1936//856 1922//856 1661//856
f 1661//855 1675//855 1936//855
f 1938//856 1936//856 1675//856
f 1675//855 1677//855 1938//855
f 1926//857 1925//857 1939//857
f 1939//858 1940//858 1926//858
f 1665//857 1926//857 1940//857
f 1940//857 1679//857 1665//857
f 1940//857 1939//857 1941//857
f 1941//858 1942//858 1940//858
f 1679//857 1940//857 1942//857
f 1942//857 1681//857 1679//857
f 1930//859 1929//859 1943//859
f 1943//860 1944//860 1930//860
f 1669//859 1930//859 1944//859
f 1944//859 1683//859 1669//859
f 1944//859 1943//859 1945//859
f 1945//860 1946//860 1944//860
f 1683//859 1944//859 1946//859
f 1946//859 1685//859 1683//859
f 1947//861 1933//861 1934//861
f 1934//862 1948//862 1947//862
f 1949//861 1947//861 1948//861
f 1948//862 1950//862 1949//862
f 1948//862 1934//862 1673//862
f 1673//861 1687//861 1948//861
f 1950//862 1948//862 1687//862
f 1687//861 1689//861 1950//861
f 1951//863 1952//863 1953//863
f 1953//863 1954//863 1951//863
f 1955//863 1951//863 1954//863
f 1954//863 1953//863 1956//863
f 1957//864 1958//864 1959//864
f 1959//864 1960//864 1957//864
f 1961//864 1957//864 1960//864
f 1960//864 1959//864 1962//864
f 1963//865 1964//865 1965//865
f 1965//865 1966//865 1963//865
f 1967//865 1963//865 1966//865
f 1966//865 1965//865 1968//865
f 1969//866 1970//866 1971//866
f 1971//866 1972//866 1969//866
f 1973//866 1969//866 1972//866
f 1972//866 1971//866 1974//866
f 1975//867 1976//867 1977//867
f 1977//867 1978//867 1975//867
f 1979//867 1975//867 1978//867
f 1978//867 1977//867 1980//867
f 1981//868 1982//868 1983//868
f 1983//868 1984//868 1981//868
f 1985//868 1981//868 1984//868
f 1984//868 1983//868 1986//868
f 1987//869 1988//869 1989//869
f 1989//869 1990//869 1987//869
f 1991//869 1987//869 1990//869
f 1990//869 1989//869 1992//869
f 1993//870 1994//870 1995//870
f 1995//870 1996//870 1993//870
f 1997//870 1993//870 1996//870
f 1996//870 1995//870 1998//870
f 1999//871 2000//871 2001//871
f 2001//871 2002//871 1999//871
f 2003//871 1999//871 2002//871
f 2002//872 2004//872 2003//872
f 2002//871 2001//871 1692//871
f 1692//871 1691//871 2002//871
f 2004//871 2002//871 1691//871
f 1691//871 1695//871 2004//871
f 2005//873 2006//873 2007//873
f 2007//873 2008//873 2005//873
f 1698//873 2005//873 2008//873
f 2008//873 1699//873 1698//873
f 2008//873 2007//873 2009//873
f 2009//873 2010//873 2008//873
f 1699//873 2008//873 2010//873
f 2010//873 1701//873 1699//873
f 2001//874 2000//874 2011//874
f 2011//874 2012//874 2001//874
f 1692//874 2001//874 2012//874
f 2012//874 1703//874 1692//874
f 2012//874 2011//874 2013//874
f 2013//874 2014//874 2012//874
f 1703//874 2012//874 2014//874
f 2014//874 1705//874 1703//874
f 2015//875 2006//875 2005//875
f 2005//875 2016//875 2015//875
f 2017//875 2015//875 2016//875
f 2016//876 2018//876 2017//876
f 2016//875 2005//875 1698//875
f 1698//875 1707//875 2016//875
f 2018//875 2016//875 1707//875
f 1707//875 1709//875 2018//875
f 2019//877 2003//877 2004//877
f 2004//877 2020//877 2019//877
f 2021//877 2019//877 2020//877
f 2020//877 2022//877 2021//877
f 2020//877 2004//877 1695//877
f 1695//877 1711//877 2020//877
f 2022//877 2020//877 1711//877
f 1711//877 1713//877 2022//877
f 2010//878 2009//878 2023//878
f 2023//878 2024//878 2010//878
f 1701//878 2010//878 2024//878
f 2024//878 1715//878 1701//878
f 2024//878 2023//878 2025//878
f 2025//878 2026//878 2024//878
f 1715//878 2024//878 2026//878
f 2026//878 1717//878 1715//878
f 2014//879 2013//879 2027//879
f 2027//879 2028//879 2014//879
f 1705//879 2014//879 2028//879
f 2028//879 1719//879 1705//879
f 2028//879 2027//879 2029//879
f 2029//879 2030//879 2028//879
f 1719//879 2028//879 2030//879
f 2030//879 1721//879 1719//879
f 2031//880 2017//880 2018//880
f 2018//880 2032//880 2031//880
f 2033//880 2031//880 2032//880
f 2032//880 2034//880 2033//880
f 2032//880 2018//880 1709//880
f 1709//880 1723//880 2032//880
f 2034//880 2032//880 1723//880
f 1723//880 1725//880 2034//880
f 2035//881 2021//881 2022//881
f 2022//881 2036//881 2035//881
f 2037//881 2035//881 2036//881
f 2036//881 2038//881 2037//881
f 2036//881 2022//881 1713//881
f 1713//881 1727//881 2036//881
f 2038//881 2036//881 1727//881
f 1727//881 1729//881 2038//881
f 2026//882 2025//882 2039//882
f 2039//882 2040//882 2026//882
f 1717//882 2026//882 2040//882
f 2040//882 1731//882 1717//882
f 2040//882 2039//882 2041//882
f 2041//882 2042//882 2040//882
f 1731//882 2040//882 2042//882
f 2042//882 1733//882 1731//882
f 2030//883 2029//883 2043//883
f 2043//883 2044//883 2030//883
f 1721//883 2030//883 2044//883
f 2044//883 1735//883 1721//883
f 2044//883 2043//883 2045//883
f 2045//883 2046//883 2044//883
f 1735//883 2044//883 2046//883
f 2046//883 1737//883 1735//883
f 2047//884 2033//884 2034//884
f 2034//884 2048//884 2047//884
f 2049//884 2047//884 2048//884
f 2048//884 2050//884 2049//884
f 2048//884 2034//884 1725//884
f 1725//884 1739//884 2048//884
f 2050//884 2048//884 1739//884
f 1739//884 1741//884 2050//884
f 2051//885 2037//885 2038//885
f 2038//885 2052//885 2051//885
f 2053//885 2051//885 2052//885
f 2052//885 2054//885 2053//885
f 2052//886 2038//886 1729//886
f 1729//885 1743//885 2052//885
f 2054//885 2052//885 1743//885
f 1743//885 1745//885 2054//885
f 2042//887 2041//887 2055//887
f 2055//887 2056//887 2042//887
f 1733//887 2042//887 2056//887
f 2056//887 1747//887 1733//887
f 2056//887 2055//887 2057//887
f 2057//887 2058//887 2056//887
f 1747//887 2056//887 2058//887
f 2058//887 1749//887 1747//887
f 2046//888 2045//888 2059//888
f 2059//888 2060//888 2046//888
f 1737//888 2046//888 2060//888
f 2060//888 1751//888 1737//888
f 2060//888 2059//888 2061//888
f 2061//888 2062//888 2060//888
f 1751//888 2060//888 2062//888
f 2062//888 1753//888 1751//888
f 2063//889 2049//889 2050//889
f 2050//889 2064//889 2063//889
f 2065//889 2063//889 2064//889
f 2064//889 2066//889 2065//889
f 2064//890 2050//890 1741//890
f 1741//889 1755//889 2064//889
f 2066//889 2064//889 1755//889
f 1755//889 1757//889 2066//889
f 2067//891 2053//891 2054//891
f 2054//891 2068//891 2067//891
f 2069//891 2067//891 2068//891
f 2068//891 2070//891 2069//891
f 2068//891 2054//891 1745//891
f 1745//891 1759//891 2068//891
f 2070//891 2068//891 1759//891
f 1759//891 1761//891 2070//891
f 2058//892 2057//892 2071//892
f 2071//892 2072//892 2058//892
f 1749//892 2058//892 2072//892
f 2072//892 1763//892 1749//892
f 2072//892 2071//892 2073//892
f 2073//892 2074//892 2072//892
f 1763//892 2072//892 2074//892
f 2074//892 1765//892 1763//892
f 2062//893 2061//893 2075//893
f 2075//893 2076//893 2062//893
f 1753//893 2062//893 2076//893
f 2076//893 1767//893 1753//893
f 2076//893 2075//893 2077//893
f 2077//893 2078//893 2076//893
f 1767//893 2076//893 2078//893
f 2078//893 1769//893 1767//893
f 2079//894 2065//894 2066//894
f 2066//894 2080//894 2079//894
f 2081//894 2079//894 2080//894
f 2080//894 2082//894 2081//894
f 2080//894 2066//894 1757//894
f 1757//894 1771//894 2080//894
f 2082//894 2080//894 1771//894
f 1771//894 1773//894 2082//894
f 2083//895 2069//895 2070//895
f 2070//895 2084//895 2083//895
f 2085//895 2083//895 2084//895
f 2084//895 2086//895 2085//895
f 2084//895 2070//895 1761//895
f 1761//895 1775//895 2084//895
f 2086//895 2084//895 1775//895
f 1775//895 1777//895 2086//895
f 2074//896 2073//896 2087//896
f 2087//896 2088//896 2074//896
f 1765//896 2074//896 2088//896
f 2088//896 1779//896 1765//896
f 2088//896 2087//896 2089//896
f 2089//896 2090//896 2088//896
f 1779//896 2088//896 2090//896
f 2090//896 1781//896 1779//896
f 2078//897 2077//897 2091//897
f 2091//897 2092//897 2078//897
f 1769//897 2078//897 2092//897
f 2092//897 1783//897 1769//897
f 2092//897 2091//897 2093//897
f 2093//897 2094//897 2092//897
f 1783//897 2092//897 2094//897
f 2094//897 1785//897 1783//897
f 2095//898 2081//898 2082//898
f 2082//898 2096//898 2095//898
f 2097//898 2095//898 2096//898
f 2096//898 2098//898 2097//898
f 2096//898 2082//898 1773//898
f 1773//898 1787//898 2096//898
f 2098//898 2096//898 1787//898
f 1787//898 1789//898 2098//898
f 2099//899 2085//899 2086//899
f 2086//899 2100//899 2099//899
f 2101//899 2099//899 2100//899
f 2100//899 2102//899 2101//899
f 2100//899 2086//899 1777//899
f 1777//899 1791//899 2100//899
f 2102//899 2100//899 1791//899
f 1791//899 1793//899 2102//899
f 2090//900 2089//900 2103//900
f 2103//900 2104//900 2090//900
f 1781//900 2090//900 2104//900
f 2104//900 1795//900 1781//900
f 2104//900 2103//900 2105//900
f 2105//900 2106//900 2104//900
f 1795//900 2104//900 2106//900
f 2106//900 1797//900 1795//900
f 2094//901 2093//901 2107//901
f 2107//901 2108//901 2094//901
f 1785//901 2094//901 2108//901
f 2108//901 1799//901 1785//901
f 2108//901 2107//901 2109//901
f 2109//901 2110//901 2108//901
f 1799//901 2108//901 2110//901
f 2110//901 1801//901 1799//901
f 2111//902 2097//902 2098//902
f 2098//902 2112//902 2111//902
f 2113//902 2111//902 2112//902
f 2112//902 2114//902 2113//902
f 2112//902 2098//902 1789//902
f 1789//902 1803//902 2112//902
f 2114//902 2112//902 1803//902
f 1803//902 1805//902 2114//902
f 2115//903 2101//903 2102//903
f 2102//903 2116//903 2115//903
f 2117//903 2115//903 2116//903
f 2116//903 2118//903 2117//903
f 2116//903 2102//903 1793//903
f 1793//904 1807//904 2116//904
f 2118//903 2116//903 1807//903
f 1807//903 1809//903 2118//903
f 2106//905 2105//905 2119//905
f 2119//905 2120//905 2106//905
f 1797//905 2106//905 2120//905
f 2120//906 1811//906 1797//906
f 2120//905 2119//905 2121//905
f 2121//905 2122//905 2120//905
f 1811//905 2120//905 2122//905
f 2122//905 1813//905 1811//905
f 2110//907 2109//907 2123//907
f 2123//907 2124//907 2110//907
f 1801//907 2110//907 2124//907
f 2124//908 1815//908 1801//908
f 2124//907 2123//907 2125//907
f 2125//907 2126//907 2124//907
f 1815//907 2124//907 2126//907
f 2126//907 1817//907 1815//907
f 2127//909 2113//909 2114//909
f 2114//909 2128//909 2127//909
f 2129//909 2127//909 2128//909
f 2128//909 2130//909 2129//909
f 2128//909 2114//909 1805//909
f 1805//910 1819//910 2128//910
f 2130//909 2128//909 1819//909
f 1819//909 1821//909 2130//909
f 2131//911 2117//911 2118//911
f 2118//911 2132//911 2131//911
f 2133//911 2131//911 2132//911
f 2132//911 2134//911 2133//911
f 2132//911 2118//911 1809//911
f 1809//911 1823//911 2132//911
f 2134//911 2132//911 1823//911
f 1823//911 1825//911 2134//911
f 2122//912 2121//912 2135//912
f 2135//912 2136//912 2122//912
f 1813//912 2122//912 2136//912
f 2136//912 1827//912 1813//912
f 2136//912 2135//912 2137//912
f 2137//912 2138//912 2136//912
f 1827//912 2136//912 2138//912
f 2138//912 1829//912 1827//912
f 2126//913 2125//913 2139//913
f 2139//913 2140//913 2126//913
f 1817//913 2126//913 2140//913
f 2140//913 1831//913 1817//913
f 2140//913 2139//913 2141//913
f 2141//913 2142//913 2140//913
f 1831//913 2140//913 2142//913
f 2142//913 1833//913 1831//913
f 2143//914 2129//914 2130//914
f 2130//914 2144//914 2143//914
f 2145//914 2143//914 2144//914
f 2144//914 2146//914 2145//914
f 2144//914 2130//914 1821//914
f 1821//914 1835//914 2144//914
f 2146//914 2144//914 1835//914
f 1835//914 1837//914 2146//914
f 2147//915 2133//915 2134//915
f 2134//915 2148//915 2147//915
f 2149//915 2147//915 2148//915
f 2148//915 2150//915 2149//915
f 2148//915 2134//915 1825//915
f 1825//915 1839//915 2148//915
f 2150//915 2148//915 1839//915
f 1839//915 1841//915 2150//915
f 2138//916 2137//916 2151//916
f 2151//916 2152//916 2138//916
f 1829//916 2138//916 2152//916
f 2152//916 1843//916 1829//916
f 2152//916 2151//916 2153//916
f 2153//916 2154//916 2152//916
f 1843//916 2152//916 2154//916
f 2154//916 1845//916 1843//916
f 2142//917 2141//917 2155//917
f 2155//917 2156//917 2142//917
f 1833//917 2142//917 2156//917
f 2156//917 1847//917 1833//917
f 2156//917 2155//917 2157//917
f 2157//917 2158//917 2156//917
f 1847//917 2156//917 2158//917
f 2158//917 1849//917 1847//917
f 2159//918 2145//918 2146//918
f 2146//918 2160//918 2159//918
f 2161//918 2159//918 2160//918
f 2160//918 2162//918 2161//918
f 2160//918 2146//918 1837//918
f 1837//918 1851//918 2160//918
f 2162//918 2160//918 1851//918
f 1851//918 1853//918 2162//918
f 2163//919 2149//919 2150//919
f 2150//919 2164//919 2163//919
f 2165//919 2163//919 2164//919
f 2164//919 2166//919 2165//919
f 2164//920 2150//920 1841//920
f 1841//919 1855//919 2164//919
f 2166//919 2164//919 1855//919
f 1855//919 1857//919 2166//919
f 2154//921 2153//921 2167//921
f 2167//921 2168//921 2154//921
f 1845//921 2154//921 2168//921
f 2168//921 1859//921 1845//921
f 2168//921 2167//921 2169//921
f 2169//921 2170//921 2168//921
f 1859//921 2168//921 2170//921
f 2170//921 1861//921 1859//921
f 2158//922 2157//922 2171//922
f 2171//922 2172//922 2158//922
f 1849//922 2158//922 2172//922
f 2172//922 1863//922 1849//922
f 2172//922 2171//922 2173//922
f 2173//922 2174//922 2172//922
f 1863//922 2172//922 2174//922
f 2174//922 1865//922 1863//922
f 2175//923 2161//923 2162//923
f 2162//923 2176//923 2175//923
f 2177//923 2175//923 2176//923
f 2176//923 2178//923 2177//923
f 2176//924 2162//924 1853//924
f 1853//923 1867//923 2176//923
f 2178//923 2176//923 1867//923
f 1867//923 1869//923 2178//923
f 2179//925 2165//925 2166//925
f 2166//926 2180//926 2179//926
f 2181//925 2179//925 2180//925
f 2180//926 2182//926 2181//926
f 2180//926 2166//926 1857//926
f 1857//926 1871//926 2180//926
f 2182//926 2180//926 1871//926
f 1871//926 1873//926 2182//926
f 2170//927 2169//927 2183//927
f 2183//928 2184//928 2170//928
f 1861//928 2170//928 2184//928
f 2184//928 1875//928 1861//928
f 2184//927 2183//927 2185//927
f 2185//928 2186//928 2184//928
f 1875//928 2184//928 2186//928
f 2186//928 1877//928 1875//928
f 2174//929 2173//929 2187//929
f 2187//930 2188//930 2174//930
f 1865//930 2174//930 2188//930
f 2188//930 1879//930 1865//930
f 2188//929 2187//929 2189//929
f 2189//930 2190//930 2188//930
f 1879//930 2188//930 2190//930
f 2190//930 1881//930 1879//930
f 2191//931 2177//931 2178//931
f 2178//932 2192//932 2191//932
f 2193//931 2191//931 2192//931
f 2192//932 2194//932 2193//932
f 2192//932 2178//932 1869//932
f 1869//932 1883//932 2192//932
f 2194//932 2192//932 1883//932
f 1883//932 1885//932 2194//932
f 2195//933 2181//933 2182//933
f 2182//933 2196//933 2195//933
f 2197//933 2195//933 2196//933
f 2196//933 2198//933 2197//933
f 2196//933 2182//933 1873//933
f 1873//933 1887//933 2196//933
f 2198//933 2196//933 1887//933
f 1887//933 1889//933 2198//933
f 2186//934 2185//934 2199//934
f 2199//934 2200//934 2186//934
f 1877//934 2186//934 2200//934
f 2200//934 1891//934 1877//934
f 2200//934 2199//934 2201//934
f 2201//934 2202//934 2200//934
f 1891//934 2200//934 2202//934
f 2202//934 1893//934 1891//934
f 2190//935 2189//935 2203//935
f 2203//935 2204//935 2190//935
f 1881//935 2190//935 2204//935
f 2204//935 1895//935 1881//935
f 2204//935 2203//935 2205//935
f 2205//935 2206//935 2204//935
f 1895//935 2204//935 2206//935
f 2206//935 1897//935 1895//935
f 2207//936 2193//936 2194//936
f 2194//936 2208//936 2207//936
f 2209//936 2207//936 2208//936
f 2208//936 2210//936 2209//936
f 2208//936 2194//936 1885//936
f 1885//936 1899//936 2208//936
f 2210//936 2208//936 1899//936
f 1899//936 1901//936 2210//936
f 2211//937 2197//937 2198//937
f 2198//937 2212//937 2211//937
f 2213//937 2211//937 2212//937
f 2212//937 2214//937 2213//937
f 2212//937 2198//937 1889//937
f 1889//937 1903//937 2212//937
f 2214//937 2212//937 1903//937
f 1903//937 1905//937 2214//937
f 2202//938 2201//938 2215//938
f 2215//938 2216//938 2202//938
f 1893//938 2202//938 2216//938
f 2216//938 1907//938 1893//938
f 2216//938 2215//938 2217//938
f 2217//938 2218//938 2216//938
f 1907//938 2216//938 2218//938
f 2218//938 1909//938 1907//938
f 2206//939 2205//939 2219//939
f 2219//939 2220//939 2206//939
f 1897//939 2206//939 2220//939
f 2220//939 1911//939 1897//939
f 2220//939 2219//939 2221//939
f 2221//939 2222//939 2220//939
f 1911//939 2220//939 2222//939
f 2222//939 1913//939 1911//939
f 2223//940 2209//940 2210//940
f 2210//940 2224//940 2223//940
f 2225//940 2223//940 2224//940
f 2224//940 2226//940 2225//940
f 2224//940 2210//940 1901//940
f 1901//940 1915//940 2224//940
f 2226//940 2224//940 1915//940
f 1915//940 1917//940 2226//940
f 2227//941 2213//941 2214//941
f 2214//941 2228//941 2227//941
f 2229//941 2227//941 2228//941
f 2228//941 2230//941 2229//941
f 2228//941 2214//941 1905//941
f 1905//941 1919//941 2228//941
f 2230//941 2228//941 1919//941
f 1919//941 1921//941 2230//941
f 2218//942 2217//942 2231//942
f 2231//942 2232//942 2218//942
f 1909//942 2218//942 2232//942
f 2232//942 1923//942 1909//942
f 2232//942 2231//942 2233//942
f 2233//942 2234//942 2232//942
f 1923//942 2232//942 2234//942
f 2234//942 1925//942 1923//942
f 2222//943 2221//943 2235//943
f 2235//943 2236//943 2222//943
f 1913//943 2222//943 2236//943
f 2236//943 1927//943 1913//943
f 2236//943 2235//943 2237//943
f 2237//943 2238//943 2236//943
f 1927//943 2236//943 2238//943
f 2238//943 1929//943 1927//943
f 2239//944 2225//944 2226//944
f 2226//944 2240//944 2239//944
f 2241//944 2239//944 2240//944
f 2240//944 2242//944 2241//944
f 2240//944 2226//944 1917//944
f 1917//944 1931//944 2240//944
f 2242//944 2240//944 1931//944
f 1931//944 1933//944 2242//944
f 2243//945 2229//945 2230//945
f 2230//945 2244//945 2243//945
f 2245//945 2243//945 2244//945
f 2244//945 2246//945 2245//945
f 2244//945 2230//945 1921//945
f 1921//945 1935//945 2244//945
f 2246//945 2244//945 1935//945
f 1935//945 1937//945 2246//945
f 2234//946 2233//946 2247//946
f 2247//946 2248//946 2234//946
f 1925//946 2234//946 2248//946
f 2248//946 1939//946 1925//946
f 2248//946 2247//946 2249//946
f 2249//946 2250//946 2248//946
f 1939//946 2248//946 2250//946
f 2250//946 1941//946 1939//946
f 2238//947 2237//947 2251//947
f 2251//947 2252//947 2238//947
f 1929//947 2238//947 2252//947
f 2252//947 1943//947 1929//947
f 2252//947 2251//947 2253//947
f 2253//947 2254//947 2252//947
f 1943//947 2252//947 2254//947
f 2254//947 1945//947 1943//947
f 2255//948 2241//948 2242//948
f 2242//948 2256//948 2255//948
f 2257//948 2255//948 2256//948
f 2256//948 2258//948 2257//948
f 2256//948 2242//948 1933//948
f 1933//948 1947//948 2256//948
f 2258//948 2256//948 1947//948
f 1947//948 1949//948 2258//948
f 2259//949 2245//949 2246//949
f 2246//949 2260//949 2259//949
f 2261//949 2259//949 2260//949
f 2260//949 2262//949 2261//949
f 2260//949 2246//949 1937//949
f 1937//949 2263//949 2260//949
f 2262//949 2260//949 2263//949
f 2263//949 1955//949 2262//949
f 2250//950 2249//950 2264//950
f 2264//950 2265//950 2250//950
f 1941//950 2250//950 2265//950
f 2265//950 2266//950 1941//950
f 2265//950 2264//950 2267//950
f 2267//950 2268//950 2265//950
f 2266//950 2265//950 2268//950
f 2268//950 1958//950 2266//950
f 2254//951 2253//951 2269//951
f 2269//951 2270//951 2254//951
f 1945//951 2254//951 2270//951
f 2270//951 2271//951 1945//951
f 2270//951 2269//951 2272//951
f 2272//951 2273//951 2270//951
f 2271//951 2270//951 2273//951
f 2273//951 1964//951 2271//951
f 2274//952 2257//952 2258//952
f 2258//952 2275//952 2274//952
f 2276//952 2274//952 2275//952
f 2275//952 2277//952 2276//952
f 2275//952 2258//952 1949//952
f 1949//952 2278//952 2275//952
f 2277//952 2275//952 2278//952
f 2278//952 1973//952 2277//952
f 2279//953 1956//953 2280//953
f 2280//954 2281//954 2279//954
f 2282//955 2279//955 2281//955
f 2281//956 2283//956 2282//956
f 2281//957 2280//957 2284//957
f 2284//958 2285//958 2281//958
f 2283//954 2281//954 2285//954
f 2285//959 2286//959 2283//959
f 2287//960 1962//960 2288//960
f 2288//961 2289//961 2287//961
f 2290//962 2287//962 2289//962
f 2289//963 2291//963 2290//963
f 2289//964 2288//964 2292//964
f 2292//965 2293//965 2289//965
f 2291//961 2289//961 2293//961
f 2293//966 2294//966 2291//966
f 2295//967 1968//967 2296//967
f 2296//968 2297//968 2295//968
f 2298//969 2295//969 2297//969
f 2297//970 2299//970 2298//970
f 2297//971 2296//971 2300//971
f 2300//972 2301//972 2297//972
f 2299//968 2297//968 2301//968
f 2301//973 2302//973 2299//973
f 2303//974 1974//974 2304//974
f 2304//975 2305//975 2303//975
f 2306//976 2303//976 2305//976
f 2305//977 2307//977 2306//977
f 2305//978 2304//978 2308//978
f 2308//979 2309//979 2305//979
f 2307//975 2305//975 2309//975
f 2309//980 2310//980 2307//980
f 2285//981 2284//981 2311//981
f 2311//981 2312//981 2285//981
f 2286//981 2285//981 2312//981
f 2312//981 2311//981 2313//981
f 2291//982 2294//982 2314//982
f 2314//982 2315//982 2291//982
f 2290//982 2291//982 2315//982
f 2315//982 2314//982 2316//982
f 2299//983 2302//983 2317//983
f 2317//983 2318//983 2299//983
f 2298//983 2299//983 2318//983
f 2318//983 2317//983 2319//983
f 2309//984 2308//984 2320//984
f 2320//984 2321//984 2309//984
f 2310//984 2309//984 2321//984
f 2321//984 2320//984 2322//984
f 2323//985 2324//985 2325//985
f 2325//985 2326//985 2323//985
f 2327//985 2323//985 2326//985
f 2326//985 2325//985 2328//985
f 2329//986 2330//986 2331//986
f 2331//986 2332//986 2329//986
f 2333//986 2329//986 2332//986
f 2332//986 2331//986 2334//986
f 2335//987 2336//987 2337//987
f 2337//987 2338//987 2335//987
f 2339//987 2335//987 2338//987
f 2338//987 2337//987 2340//987
f 2341//988 2342//988 2343//988
f 2343//988 2344//988 2341//988
f 2345//988 2341//988 2344//988
f 2344//988 2343//988 2346//988
f 2326//989 2328//989 2347//989
f 2347//990 2348//990 2326//990
f 2327//989 2326//989 2348//989
f 2348//990 2349//990 2327//990
f 2348//989 2347//989 2350//989
f 2350//990 2351//990 2348//990
f 2349//990 2348//990 2351//990
f 2351//990 2352//990 2349//990
f 2353//991 2334//991 2331//991
f 2331//992 2354//992 2353//992
f 2355//991 2353//991 2354//991
f 2354//992 2356//992 2355//992
f 2354//991 2331//991 2330//991
f 2330//992 2357//992 2354//992
f 2356//992 2354//992 2357//992
f 2357//992 2358//992 2356//992
f 2359//993 2340//993 2337//993
f 2337//994 2360//994 2359//994
f 2361//993 2359//993 2360//993
f 2360//994 2362//994 2361//994
f 2360//993 2337//993 2336//993
f 2336//994 2363//994 2360//994
f 2362//994 2360//994 2363//994
f 2363//994 2364//994 2362//994
f 2344//995 2346//995 2365//995
f 2365//996 2366//996 2344//996
f 2345//995 2344//995 2366//995
f 2366//996 2367//996 2345//996
f 2366//995 2365//995 2368//995
f 2368//996 2369//996 2366//996
f 2367//996 2366//996 2369//996
f 2369//996 2370//996 2367//996
f 2371//997 2372//997 2373//997
f 2373//998 2374//998 2371//998
f 2375//997 2371//997 2374//997
f 2374//998 2376//998 2375//998
f 2374//998 2373//998 1979//998
f 1979//998 2377//998 2374//998
f 2376//998 2374//998 2377//998
f 2377//998 2378//998 2376//998
f 2379//999 2380//999 2381//999
f 2381//1000 2382//1000 2379//1000
f 1982//1000 2379//1000 2382//1000
f 2382//1000 2383//1000 1982//1000
f 2382//999 2381//999 2384//999
f 2384//1000 2385//1000 2382//1000
f 2383//1000 2382//1000 2385//1000
f 2385//1000 2386//1000 2383//1000
f 2387//1001 2388//1001 2389//1001
f 2389//1002 2390//1002 2387//1002
f 1988//1002 2387//1002 2390//1002
f 2390//1002 2391//1002 1988//1002
f 2390//1001 2389//1001 2375//1001
f 2375//1002 2376//1002 2390//1002
f 2391//1002 2390//1002 2376//1002
f 2376//1002 2378//1002 2391//1002
f 2392//1003 2393//1003 2394//1003
f 2394//1004 2395//1004 2392//1004
f 2384//1003 2392//1003 2395//1003
f 2395//1004 2385//1004 2384//1004
f 2395//1004 2394//1004 1997//1004
f 1997//1004 2396//1004 2395//1004
f 2385//1004 2395//1004 2396//1004
f 2396//1004 2386//1004 2385//1004
f 2397//1005 2398//1005 2399//1005
f 2399//1005 1999//1005 2397//1005
f 2003//1005 2397//1005 1999//1005
f 1999//1005 2399//1005 2000//1005
f 2400//1006 2009//1006 2007//1006
f 2007//1006 2401//1006 2400//1006
f 2402//1006 2400//1006 2401//1006
f 2401//1006 2007//1006 2006//1006
f 2403//1007 2013//1007 2011//1007
f 2011//1007 2399//1007 2403//1007
f 2398//1007 2403//1007 2399//1007
f 2399//1007 2011//1007 2000//1007
f 2404//1008 2402//1008 2401//1008
f 2401//1008 2015//1008 2404//1008
f 2017//1008 2404//1008 2015//1008
f 2015//1008 2401//1008 2006//1008
f 2405//1009 2398//1009 2397//1009
f 2397//1010 2406//1010 2405//1010
f 2407//1011 2405//1011 2406//1011
f 2406//1012 2408//1012 2407//1012
f 2406//1013 2397//1013 2003//1013
f 2003//1014 2019//1014 2406//1014
f 2408//1010 2406//1010 2019//1010
f 2019//1015 2021//1015 2408//1015
f 2400//1016 2402//1016 2409//1016
f 2409//1017 2410//1017 2400//1017
f 2009//1018 2400//1018 2410//1018
f 2410//1019 2023//1019 2009//1019
f 2410//1020 2409//1020 2411//1020
f 2411//1021 2412//1021 2410//1021
f 2023//1017 2410//1017 2412//1017
f 2412//1022 2025//1022 2023//1022
f 2403//1023 2398//1023 2413//1023
f 2413//1024 2414//1024 2403//1024
f 2013//1025 2403//1025 2414//1025
f 2414//1026 2027//1026 2013//1026
f 2414//1027 2413//1027 2415//1027
f 2415//1028 2416//1028 2414//1028
f 2027//1024 2414//1024 2416//1024
f 2416//1029 2029//1029 2027//1029
f 2417//1030 2402//1030 2404//1030
f 2404//1031 2418//1031 2417//1031
f 2419//1032 2417//1032 2418//1032
f 2418//1033 2420//1033 2419//1033
f 2418//1034 2404//1034 2017//1034
f 2017//1035 2031//1035 2418//1035
f 2420//1031 2418//1031 2031//1031
f 2031//1036 2033//1036 2420//1036
f 2421//1037 2407//1037 2408//1037
f 2408//1037 2422//1037 2421//1037
f 2423//1037 2421//1037 2422//1037
f 2422//1037 2424//1037 2423//1037
f 2422//1037 2408//1037 2021//1037
f 2021//1037 2035//1037 2422//1037
f 2424//1037 2422//1037 2035//1037
f 2035//1037 2037//1037 2424//1037
f 2412//1038 2411//1038 2425//1038
f 2425//1038 2426//1038 2412//1038
f 2025//1038 2412//1038 2426//1038
f 2426//1038 2039//1038 2025//1038
f 2426//1038 2425//1038 2427//1038
f 2427//1038 2428//1038 2426//1038
f 2039//1038 2426//1038 2428//1038
f 2428//1038 2041//1038 2039//1038
f 2416//1039 2415//1039 2429//1039
f 2429//1039 2430//1039 2416//1039
f 2029//1039 2416//1039 2430//1039
f 2430//1039 2043//1039 2029//1039
f 2430//1039 2429//1039 2431//1039
f 2431//1039 2432//1039 2430//1039
f 2043//1039 2430//1039 2432//1039
f 2432//1039 2045//1039 2043//1039
f 2433//1040 2419//1040 2420//1040
f 2420//1040 2434//1040 2433//1040
f 2435//1040 2433//1040 2434//1040
f 2434//1040 2436//1040 2435//1040
f 2434//1040 2420//1040 2033//1040
f 2033//1040 2047//1040 2434//1040
f 2436//1040 2434//1040 2047//1040
f 2047//1040 2049//1040 2436//1040
f 2437//1041 2423//1041 2424//1041
f 2424//1041 2438//1041 2437//1041
f 2439//1041 2437//1041 2438//1041
f 2438//1041 2440//1041 2439//1041
f 2438//1041 2424//1041 2037//1041
f 2037//1041 2051//1041 2438//1041
f 2440//1041 2438//1041 2051//1041
f 2051//1041 2053//1041 2440//1041
f 2428//1042 2427//1042 2441//1042
f 2441//1042 2442//1042 2428//1042
f 2041//1042 2428//1042 2442//1042
f 2442//1042 2055//1042 2041//1042
f 2442//1042 2441//1042 2443//1042
f 2443//1042 2444//1042 2442//1042
f 2055//1042 2442//1042 2444//1042
f 2444//1042 2057//1042 2055//1042
f 2432//1043 2431//1043 2445//1043
f 2445//1043 2446//1043 2432//1043
f 2045//1043 2432//1043 2446//1043
f 2446//1043 2059//1043 2045//1043
f 2446//1043 2445//1043 2447//1043
f 2447//1043 2448//1043 2446//1043
f 2059//1043 2446//1043 2448//1043
f 2448//1043 2061//1043 2059//1043
f 2449//1044 2435//1044 2436//1044
f 2436//1044 2450//1044 2449//1044
f 2451//1044 2449//1044 2450//1044
f 2450//1044 2452//1044 2451//1044
f 2450//1044 2436//1044 2049//1044
f 2049//1044 2063//1044 2450//1044
f 2452//1044 2450//1044 2063//1044
f 2063//1044 2065//1044 2452//1044
f 2453//1045 2439//1045 2440//1045
f 2440//1046 2454//1046 2453//1046
f 2455//1046 2453//1046 2454//1046
f 2454//1046 2456//1046 2455//1046
f 2454//1046 2440//1046 2053//1046
f 2053//1046 2067//1046 2454//1046
f 2456//1046 2454//1046 2067//1046
f 2067//1046 2069//1046 2456//1046
f 2444//1047 2443//1047 2457//1047
f 2457//1047 2458//1047 2444//1047
f 2057//1047 2444//1047 2458//1047
f 2458//1047 2071//1047 2057//1047
f 2458//1047 2457//1047 2459//1047
f 2459//1047 2460//1047 2458//1047
f 2071//1047 2458//1047 2460//1047
f 2460//1047 2073//1047 2071//1047
f 2448//1048 2447//1048 2461//1048
f 2461//1048 2462//1048 2448//1048
f 2061//1048 2448//1048 2462//1048
f 2462//1048 2075//1048 2061//1048
f 2462//1048 2461//1048 2463//1048
f 2463//1048 2464//1048 2462//1048
f 2075//1048 2462//1048 2464//1048
f 2464//1048 2077//1048 2075//1048
f 2465//1049 2451//1049 2452//1049
f 2452//1050 2466//1050 2465//1050
f 2467//1050 2465//1050 2466//1050
f 2466//1050 2468//1050 2467//1050
f 2466//1050 2452//1050 2065//1050
f 2065//1050 2079//1050 2466//1050
f 2468//1050 2466//1050 2079//1050
f 2079//1050 2081//1050 2468//1050
f 2469//1051 2455//1051 2456//1051
f 2456//1052 2470//1052 2469//1052
f 2471//1052 2469//1052 2470//1052
f 2470//1051 2472//1051 2471//1051
f 2470//1052 2456//1052 2069//1052
f 2069//1052 2083//1052 2470//1052
f 2472//1052 2470//1052 2083//1052
f 2083//1051 2085//1051 2472//1051
f 2460//1053 2459//1053 2473//1053
f 2473//1054 2474//1054 2460//1054
f 2073//1054 2460//1054 2474//1054
f 2474//1053 2087//1053 2073//1053
f 2474//1054 2473//1054 2475//1054
f 2475//1053 2476//1053 2474//1053
f 2087//1054 2474//1054 2476//1054
f 2476//1053 2089//1053 2087//1053
f 2464//1055 2463//1055 2477//1055
f 2477//1056 2478//1056 2464//1056
f 2077//1056 2464//1056 2478//1056
f 2478//1055 2091//1055 2077//1055
f 2478//1056 2477//1056 2479//1056
f 2479//1055 2480//1055 2478//1055
f 2091//1056 2478//1056 2480//1056
f 2480//1055 2093//1055 2091//1055
f 2481//1057 2467//1057 2468//1057
f 2468//1058 2482//1058 2481//1058
f 2483//1058 2481//1058 2482//1058
f 2482//1057 2484//1057 2483//1057
f 2482//1058 2468//1058 2081//1058
f 2081//1058 2095//1058 2482//1058
f 2484//1058 2482//1058 2095//1058
f 2095//1057 2097//1057 2484//1057
f 2485//1059 2471//1059 2472//1059
f 2472//1059 2486//1059 2485//1059
f 2487//1059 2485//1059 2486//1059
f 2486//1059 2488//1059 2487//1059
f 2486//1060 2472//1060 2085//1060
f 2085//1060 2099//1060 2486//1060
f 2488//1059 2486//1059 2099//1059
f 2099//1060 2101//1060 2488//1060
f 2476//1061 2475//1061 2489//1061
f 2489//1061 2490//1061 2476//1061
f 2089//1062 2476//1062 2490//1062
f 2490//1062 2103//1062 2089//1062
f 2490//1061 2489//1061 2491//1061
f 2491//1061 2492//1061 2490//1061
f 2103//1062 2490//1062 2492//1062
f 2492//1062 2105//1062 2103//1062
f 2480//1063 2479//1063 2493//1063
f 2493//1063 2494//1063 2480//1063
f 2093//1064 2480//1064 2494//1064
f 2494//1064 2107//1064 2093//1064
f 2494//1063 2493//1063 2495//1063
f 2495//1063 2496//1063 2494//1063
f 2107//1064 2494//1064 2496//1064
f 2496//1064 2109//1064 2107//1064
f 2497//1065 2483//1065 2484//1065
f 2484//1065 2498//1065 2497//1065
f 2499//1065 2497//1065 2498//1065
f 2498//1065 2500//1065 2499//1065
f 2498//1066 2484//1066 2097//1066
f 2097//1066 2111//1066 2498//1066
f 2500//1065 2498//1065 2111//1065
f 2111//1066 2113//1066 2500//1066
f 2501//1067 2487//1067 2488//1067
f 2488//1067 2502//1067 2501//1067
f 2503//1067 2501//1067 2502//1067
f 2502//1067 2504//1067 2503//1067
f 2502//1067 2488//1067 2101//1067
f 2101//1067 2115//1067 2502//1067
f 2504//1067 2502//1067 2115//1067
f 2115//1067 2117//1067 2504//1067
f 2492//1068 2491//1068 2505//1068
f 2505//1068 2506//1068 2492//1068
f 2105//1068 2492//1068 2506//1068
f 2506//1068 2119//1068 2105//1068
f 2506//1068 2505//1068 2507//1068
f 2507//1068 2508//1068 2506//1068
f 2119//1069 2506//1069 2508//1069
f 2508//1068 2121//1068 2119//1068
f 2496//1070 2495//1070 2509//1070
f 2509//1070 2510//1070 2496//1070
f 2109//1070 2496//1070 2510//1070
f 2510//1070 2123//1070 2109//1070
f 2510//1070 2509//1070 2511//1070
f 2511//1070 2512//1070 2510//1070
f 2123//1071 2510//1071 2512//1071
f 2512//1070 2125//1070 2123//1070
f 2513//1072 2499//1072 2500//1072
f 2500//1072 2514//1072 2513//1072
f 2515//1072 2513//1072 2514//1072
f 2514//1072 2516//1072 2515//1072
f 2514//1072 2500//1072 2113//1072
f 2113//1072 2127//1072 2514//1072
f 2516//1072 2514//1072 2127//1072
f 2127//1072 2129//1072 2516//1072
f 2517//1073 2503//1073 2504//1073
f 2504//1073 2518//1073 2517//1073
f 2519//1073 2517//1073 2518//1073
f 2518//1073 2520//1073 2519//1073
f 2518//1073 2504//1073 2117//1073
f 2117//1073 2131//1073 2518//1073
f 2520//1073 2518//1073 2131//1073
f 2131//1073 2133//1073 2520//1073
f 2508//1074 2507//1074 2521//1074
f 2521//1074 2522//1074 2508//1074
f 2121//1074 2508//1074 2522//1074
f 2522//1074 2135//1074 2121//1074
f 2522//1074 2521//1074 2523//1074
f 2523//1074 2524//1074 2522//1074
f 2135//1074 2522//1074 2524//1074
f 2524//1074 2137//1074 2135//1074
f 2512//1075 2511//1075 2525//1075
f 2525//1075 2526//1075 2512//1075
f 2125//1075 2512//1075 2526//1075
f 2526//1075 2139//1075 2125//1075
f 2526//1075 2525//1075 2527//1075
f 2527//1075 2528//1075 2526//1075
f 2139//1075 2526//1075 2528//1075
f 2528//1075 2141//1075 2139//1075
f 2529//1076 2515//1076 2516//1076
f 2516//1076 2530//1076 2529//1076
f 2531//1076 2529//1076 2530//1076
f 2530//1076 2532//1076 2531//1076
f 2530//1076 2516//1076 2129//1076
f 2129//1076 2143//1076 2530//1076
f 2532//1076 2530//1076 2143//1076
f 2143//1076 2145//1076 2532//1076
f 2533//1077 2519//1077 2520//1077
f 2520//1077 2534//1077 2533//1077
f 2535//1078 2533//1078 2534//1078
f 2534//1077 2536//1077 2535//1077
f 2534//1077 2520//1077 2133//1077
f 2133//1077 2147//1077 2534//1077
f 2536//1077 2534//1077 2147//1077
f 2147//1077 2149//1077 2536//1077
f 2524//1079 2523//1079 2537//1079
f 2537//1079 2538//1079 2524//1079
f 2137//1079 2524//1079 2538//1079
f 2538//1079 2151//1079 2137//1079
f 2538//1080 2537//1080 2539//1080
f 2539//1079 2540//1079 2538//1079
f 2151//1079 2538//1079 2540//1079
f 2540//1079 2153//1079 2151//1079
f 2528//1081 2527//1081 2541//1081
f 2541//1081 2542//1081 2528//1081
f 2141//1081 2528//1081 2542//1081
f 2542//1081 2155//1081 2141//1081
f 2542//1082 2541//1082 2543//1082
f 2543//1081 2544//1081 2542//1081
f 2155//1081 2542//1081 2544//1081
f 2544//1081 2157//1081 2155//1081
f 2545//1083 2531//1083 2532//1083
f 2532//1083 2546//1083 2545//1083
f 2547//1084 2545//1084 2546//1084
f 2546//1083 2548//1083 2547//1083
f 2546//1083 2532//1083 2145//1083
f 2145//1083 2159//1083 2546//1083
f 2548//1083 2546//1083 2159//1083
f 2159//1083 2161//1083 2548//1083
f 2549//1085 2535//1085 2536//1085
f 2536//1086 2550//1086 2549//1086
f 2551//1086 2549//1086 2550//1086
f 2550//1086 2552//1086 2551//1086
f 2550//1086 2536//1086 2149//1086
f 2149//1086 2163//1086 2550//1086
f 2552//1086 2550//1086 2163//1086
f 2163//1086 2165//1086 2552//1086
f 2540//1087 2539//1087 2553//1087
f 2553//1088 2554//1088 2540//1088
f 2153//1088 2540//1088 2554//1088
f 2554//1088 2167//1088 2153//1088
f 2554//1088 2553//1088 2555//1088
f 2555//1088 2556//1088 2554//1088
f 2167//1088 2554//1088 2556//1088
f 2556//1088 2169//1088 2167//1088
f 2544//1089 2543//1089 2557//1089
f 2557//1090 2558//1090 2544//1090
f 2157//1090 2544//1090 2558//1090
f 2558//1090 2171//1090 2157//1090
f 2558//1090 2557//1090 2559//1090
f 2559//1090 2560//1090 2558//1090
f 2171//1090 2558//1090 2560//1090
f 2560//1090 2173//1090 2171//1090
f 2561//1091 2547//1091 2548//1091
f 2548//1092 2562//1092 2561//1092
f 2563//1092 2561//1092 2562//1092
f 2562//1092 2564//1092 2563//1092
f 2562//1092 2548//1092 2161//1092
f 2161//1092 2175//1092 2562//1092
f 2564//1092 2562//1092 2175//1092
f 2175//1092 2177//1092 2564//1092
f 2565//1093 2551//1093 2552//1093
f 2552//1093 2566//1093 2565//1093
f 2567//1093 2565//1093 2566//1093
f 2566//1093 2568//1093 2567//1093
f 2566//1093 2552//1093 2165//1093
f 2165//1093 2179//1093 2566//1093
f 2568//1093 2566//1093 2179//1093
f 2179//1093 2181//1093 2568//1093
f 2556//1094 2555//1094 2569//1094
f 2569//1094 2570//1094 2556//1094
f 2169//1094 2556//1094 2570//1094
f 2570//1094 2183//1094 2169//1094
f 2570//1094 2569//1094 2571//1094
f 2571//1094 2572//1094 2570//1094
f 2183//1094 2570//1094 2572//1094
f 2572//1094 2185//1094 2183//1094
f 2560//1095 2559//1095 2573//1095
f 2573//1095 2574//1095 2560//1095
f 2173//1095 2560//1095 2574//1095
f 2574//1095 2187//1095 2173//1095
f 2574//1095 2573//1095 2575//1095
f 2575//1095 2576//1095 2574//1095
f 2187//1095 2574//1095 2576//1095
f 2576//1095 2189//1095 2187//1095
f 2577//1096 2563//1096 2564//1096
f 2564//1096 2578//1096 2577//1096
f 2579//1096 2577//1096 2578//1096
f 2578//1096 2580//1096 2579//1096
f 2578//1096 2564//1096 2177//1096
f 2177//1096 2191//1096 2578//1096
f 2580//1096 2578//1096 2191//1096
f 2191//1096 2193//1096 2580//1096
f 2581//1097 2567//1097 2568//1097
f 2568//1097 2582//1097 2581//1097
f 2583//1097 2581//1097 2582//1097
f 2582//1097 2584//1097 2583//1097
f 2582//1097 2568//1097 2181//1097
f 2181//1097 2195//1097 2582//1097
f 2584//1097 2582//1097 2195//1097
f 2195//1097 2197//1097 2584//1097
f 2572//1098 2571//1098 2585//1098
f 2585//1098 2586//1098 2572//1098
f 2185//1098 2572//1098 2586//1098
f 2586//1098 2199//1098 2185//1098
f 2586//1098 2585//1098 2587//1098
f 2587//1098 2588//1098 2586//1098
f 2199//1099 2586//1099 2588//1099
f 2588//1098 2201//1098 2199//1098
f 2576//1100 2575//1100 2589//1100
f 2589//1100 2590//1100 2576//1100
f 2189//1100 2576//1100 2590//1100
f 2590//1100 2203//1100 2189//1100
f 2590//1100 2589//1100 2591//1100
f 2591//1100 2592//1100 2590//1100
f 2203//1101 2590//1101 2592//1101
f 2592//1100 2205//1100 2203//1100
f 2593//1102 2579//1102 2580//1102
f 2580//1102 2594//1102 2593//1102
f 2595//1102 2593//1102 2594//1102
f 2594//1102 2596//1102 2595//1102
f 2594//1102 2580//1102 2193//1102
f 2193//1102 2207//1102 2594//1102
f 2596//1102 2594//1102 2207//1102
f 2207//1102 2209//1102 2596//1102
f 2597//1103 2583//1103 2584//1103
f 2584//1104 2598//1104 2597//1104
f 2599//1103 2597//1103 2598//1103
f 2598//1104 2600//1104 2599//1104
f 2598//1103 2584//1103 2197//1103
f 2197//1103 2211//1103 2598//1103
f 2600//1104 2598//1104 2211//1104
f 2211//1104 2213//1104 2600//1104
f 2588//1105 2587//1105 2601//1105
f 2601//1106 2602//1106 2588//1106
f 2201//1106 2588//1106 2602//1106
f 2602//1105 2215//1105 2201//1105
f 2602//1105 2601//1105 2603//1105
f 2603//1106 2604//1106 2602//1106
f 2215//1106 2602//1106 2604//1106
f 2604//1105 2217//1105 2215//1105
f 2592//1107 2591//1107 2605//1107
f 2605//1108 2606//1108 2592//1108
f 2205//1108 2592//1108 2606//1108
f 2606//1107 2219//1107 2205//1107
f 2606//1107 2605//1107 2607//1107
f 2607//1108 2608//1108 2606//1108
f 2219//1108 2606//1108 2608//1108
f 2608//1107 2221//1107 2219//1107
f 2609//1109 2595//1109 2596//1109
f 2596//1110 2610//1110 2609//1110
f 2611//1109 2609//1109 2610//1109
f 2610//1110 2612//1110 2611//1110
f 2610//1109 2596//1109 2209//1109
f 2209//1109 2223//1109 2610//1109
f 2612//1110 2610//1110 2223//1110
f 2223//1110 2225//1110 2612//1110
f 2613//1111 2599//1111 2600//1111
f 2600//1112 2614//1112 2613//1112
f 2615//1111 2613//1111 2614//1111
f 2614//1112 2616//1112 2615//1112
f 2614//1112 2600//1112 2213//1112
f 2213//1112 2227//1112 2614//1112
f 2616//1112 2614//1112 2227//1112
f 2227//1112 2229//1112 2616//1112
f 2604//1113 2603//1113 2617//1113
f 2617//1114 2618//1114 2604//1114
f 2217//1114 2604//1114 2618//1114
f 2618//1114 2231//1114 2217//1114
f 2618//1113 2617//1113 2619//1113
f 2619//1114 2620//1114 2618//1114
f 2231//1114 2618//1114 2620//1114
f 2620//1114 2233//1114 2231//1114
f 2608//1115 2607//1115 2621//1115
f 2621//1116 2622//1116 2608//1116
f 2221//1116 2608//1116 2622//1116
f 2622//1116 2235//1116 2221//1116
f 2622//1115 2621//1115 2623//1115
f 2623//1116 2624//1116 2622//1116
f 2235//1116 2622//1116 2624//1116
f 2624//1116 2237//1116 2235//1116
f 2625//1117 2611//1117 2612//1117
f 2612//1118 2626//1118 2625//1118
f 2627//1117 2625//1117 2626//1117
f 2626//1118 2628//1118 2627//1118
f 2626//1118 2612//1118 2225//1118
f 2225//1118 2239//1118 2626//1118
f 2628//1118 2626//1118 2239//1118
f 2239//1118 2241//1118 2628//1118
f 2629//1119 2615//1119 2616//1119
f 2616//1119 2630//1119 2629//1119
f 2631//1119 2629//1119 2630//1119
f 2630//1119 2632//1119 2631//1119
f 2630//1119 2616//1119 2229//1119
f 2229//1119 2243//1119 2630//1119
f 2632//1119 2630//1119 2243//1119
f 2243//1119 2245//1119 2632//1119
f 2620//1120 2619//1120 2633//1120
f 2633//1120 2634//1120 2620//1120
f 2233//1120 2620//1120 2634//1120
f 2634//1120 2247//1120 2233//1120
f 2634//1120 2633//1120 2635//1120
f 2635//1120 2636//1120 2634//1120
f 2247//1120 2634//1120 2636//1120
f 2636//1120 2249//1120 2247//1120
f 2624//1121 2623//1121 2637//1121
f 2637//1121 2638//1121 2624//1121
f 2237//1121 2624//1121 2638//1121
f 2638//1121 2251//1121 2237//1121
f 2638//1121 2637//1121 2639//1121
f 2639//1121 2640//1121 2638//1121
f 2251//1121 2638//1121 2640//1121
f 2640//1121 2253//1121 2251//1121
f 2641//1122 2627//1122 2628//1122
f 2628//1122 2642//1122 2641//1122
f 2643//1122 2641//1122 2642//1122
f 2642//1122 2644//1122 2643//1122
f 2642//1122 2628//1122 2241//1122
f 2241//1122 2255//1122 2642//1122
f 2644//1122 2642//1122 2255//1122
f 2255//1122 2257//1122 2644//1122
f 2645//1123 2631//1123 2632//1123
f 2632//1123 2646//1123 2645//1123
f 2647//1123 2645//1123 2646//1123
f 2646//1123 2648//1123 2647//1123
f 2646//1123 2632//1123 2245//1123
f 2245//1123 2259//1123 2646//1123
f 2648//1123 2646//1123 2259//1123
f 2259//1123 2261//1123 2648//1123
f 2636//1124 2635//1124 2649//1124
f 2649//1124 2650//1124 2636//1124
f 2249//1124 2636//1124 2650//1124
f 2650//1124 2264//1124 2249//1124
f 2650//1124 2649//1124 2651//1124
f 2651//1124 2652//1124 2650//1124
f 2264//1124 2650//1124 2652//1124
f 2652//1124 2267//1124 2264//1124
f 2640//1125 2639//1125 2653//1125
f 2653//1125 2654//1125 2640//1125
f 2253//1125 2640//1125 2654//1125
f 2654//1125 2269//1125 2253//1125
f 2654//1125 2653//1125 2655//1125
f 2655//1125 2656//1125 2654//1125
f 2269//1125 2654//1125 2656//1125
f 2656//1125 2272//1125 2269//1125
f 2657//1126 2643//1126 2644//1126
f 2644//1126 2658//1126 2657//1126
f 2659//1126 2657//1126 2658//1126
f 2658//1126 2660//1126 2659//1126
f 2658//1126 2644//1126 2257//1126
f 2257//1126 2274//1126 2658//1126
f 2660//1126 2658//1126 2274//1126
f 2274//1126 2276//1126 2660//1126
f 2661//1127 2647//1127 2648//1127
f 2648//1127 2662//1127 2661//1127
f 2663//1127 2661//1127 2662//1127
f 2662//1127 2664//1127 2663//1127
f 2662//1127 2648//1127 2261//1127
f 2261//1127 2665//1127 2662//1127
f 2664//1127 2662//1127 2665//1127
f 2665//1127 2282//1127 2664//1127
f 2652//1128 2651//1128 2666//1128
f 2666//1128 2667//1128 2652//1128
f 2267//1128 2652//1128 2667//1128
f 2667//1128 2668//1128 2267//1128
f 2667//1128 2666//1128 2669//1128
f 2669//1128 2670//1128 2667//1128
f 2668//1128 2667//1128 2670//1128
f 2670//1128 2292//1128 2668//1128
f 2656//1129 2655//1129 2671//1129
f 2671//1129 2672//1129 2656//1129
f 2272//1129 2656//1129 2672//1129
f 2672//1129 2673//1129 2272//1129
f 2672//1129 2671//1129 2674//1129
f 2674//1129 2675//1129 2672//1129
f 2673//1129 2672//1129 2675//1129
f 2675//1129 2300//1129 2673//1129
f 2676//1130 2659//1130 2660//1130
f 2660//1130 2677//1130 2676//1130
f 2678//1130 2676//1130 2677//1130
f 2677//1130 2679//1130 2678//1130
f 2677//1130 2660//1130 2276//1130
f 2276//1130 2680//1130 2677//1130
f 2679//1130 2677//1130 2680//1130
f 2680//1130 2306//1130 2679//1130
f 2681//1131 2663//1131 2664//1131
f 2664//1132 2682//1132 2681//1132
f 2683//1131 2681//1131 2682//1131
f 2682//1131 2684//1131 2683//1131
f 2682//1132 2664//1132 2282//1132
f 2282//1132 2283//1132 2682//1132
f 2684//1132 2682//1132 2283//1132
f 2283//1132 2286//1132 2684//1132
f 2670//1133 2669//1133 2685//1133
f 2685//1134 2686//1134 2670//1134
f 2292//1134 2670//1134 2686//1134
f 2686//1134 2293//1134 2292//1134
f 2686//1133 2685//1133 2687//1133
f 2687//1133 2688//1133 2686//1133
f 2293//1134 2686//1134 2688//1134
f 2688//1134 2294//1134 2293//1134
f 2675//1135 2674//1135 2689//1135
f 2689//1136 2690//1136 2675//1136
f 2300//1136 2675//1136 2690//1136
f 2690//1136 2301//1136 2300//1136
f 2690//1135 2689//1135 2691//1135
f 2691//1135 2692//1135 2690//1135
f 2301//1136 2690//1136 2692//1136
f 2692//1136 2302//1136 2301//1136
f 2693//1137 2678//1137 2679//1137
f 2679//1138 2694//1138 2693//1138
f 2695//1137 2693//1137 2694//1137
f 2694//1137 2696//1137 2695//1137
f 2694//1138 2679//1138 2306//1138
f 2306//1138 2307//1138 2694//1138
f 2696//1138 2694//1138 2307//1138
f 2307//1138 2310//1138 2696//1138
f 2697//1139 2683//1139 2684//1139
f 2684//1140 2698//1140 2697//1140
f 2699//1139 2697//1139 2698//1139
f 2698//1140 2700//1140 2699//1140
f 2698//1140 2684//1140 2286//1140
f 2286//1140 2312//1140 2698//1140
f 2700//1140 2698//1140 2312//1140
f 2312//1140 2313//1140 2700//1140
f 2688//1141 2687//1141 2701//1141
f 2701//1142 2702//1142 2688//1142
f 2294//1142 2688//1142 2702//1142
f 2702//1142 2314//1142 2294//1142
f 2702//1141 2701//1141 2703//1141
f 2703//1142 2704//1142 2702//1142
f 2314//1142 2702//1142 2704//1142
f 2704//1142 2316//1142 2314//1142
f 2692//1143 2691//1143 2705//1143
f 2705//1144 2706//1144 2692//1144
f 2302//1144 2692//1144 2706//1144
f 2706//1144 2317//1144 2302//1144
f 2706//1143 2705//1143 2707//1143
f 2707//1144 2708//1144 2706//1144
f 2317//1144 2706//1144 2708//1144
f 2708//1144 2319//1144 2317//1144
f 2709//1145 2695//1145 2696//1145
f 2696//1146 2710//1146 2709//1146
f 2711//1145 2709//1145 2710//1145
f 2710//1146 2712//1146 2711//1146
f 2710//1146 2696//1146 2310//1146
f 2310//1146 2321//1146 2710//1146
f 2712//1146 2710//1146 2321//1146
f 2321//1146 2322//1146 2712//1146
f 2700//1147 2313//1147 2713//1147
f 2713//1147 2714//1147 2700//1147
f 2699//1147 2700//1147 2714//1147
f 2714//1148 2715//1148 2699//1148
f 2714//1147 2713//1147 2716//1147
f 2716//1147 2717//1147 2714//1147
f 2715//1147 2714//1147 2717//1147
f 2717//1148 2718//1148 2715//1148
f 2719//1149 2316//1149 2704//1149
f 2704//1149 2720//1149 2719//1149
f 2721//1149 2719//1149 2720//1149
f 2720//1149 2722//1149 2721//1149
f 2720//1149 2704//1149 2703//1149
f 2703//1150 2723//1150 2720//1150
f 2722//1149 2720//1149 2723//1149
f 2723//1150 2724//1150 2722//1150
f 2725//1151 2319//1151 2708//1151
f 2708//1151 2726//1151 2725//1151
f 2727//1151 2725//1151 2726//1151
f 2726//1151 2728//1151 2727//1151
f 2726//1151 2708//1151 2707//1151
f 2707//1152 2729//1152 2726//1152
f 2728//1151 2726//1151 2729//1151
f 2729//1152 2730//1152 2728//1152
f 2712//1153 2322//1153 2731//1153
f 2731//1153 2732//1153 2712//1153
f 2711//1153 2712//1153 2732//1153
f 2732//1154 2733//1154 2711//1154
f 2732//1153 2731//1153 2734//1153
f 2734//1153 2735//1153 2732//1153
f 2733//1153 2732//1153 2735//1153
f 2735//1154 2736//1154 2733//1154
f 2717//1155 2716//1155 2737//1155
f 2737//1155 2738//1155 2717//1155
f 2718//1155 2717//1155 2738//1155
f 2738//1156 2739//1156 2718//1156
f 2738//1155 2737//1155 2740//1155
f 2740//1156 2741//1156 2738//1156
f 2739//1156 2738//1156 2741//1156
f 2741//1156 2742//1156 2739//1156
f 2743//1157 2721//1157 2722//1157
f 2722//1158 2744//1158 2743//1158
f 2745//1157 2743//1157 2744//1157
f 2744//1157 2746//1157 2745//1157
f 2744//1158 2722//1158 2724//1158
f 2724//1158 2747//1158 2744//1158
f 2746//1157 2744//1157 2747//1157
f 2747//1158 2748//1158 2746//1158
f 2749//1159 2727//1159 2728//1159
f 2728//1160 2750//1160 2749//1160
f 2751//1159 2749//1159 2750//1159
f 2750//1159 2752//1159 2751//1159
f 2750//1160 2728//1160 2730//1160
f 2730//1160 2753//1160 2750//1160
f 2752//1159 2750//1159 2753//1159
f 2753//1160 2754//1160 2752//1160
f 2735//1161 2734//1161 2755//1161
f 2755//1161 2756//1161 2735//1161
f 2736//1161 2735//1161 2756//1161
f 2756//1162 2757//1162 2736//1162
f 2756//1161 2755//1161 2758//1161
f 2758//1162 2759//1162 2756//1162
f 2757//1162 2756//1162 2759//1162
f 2759//1162 2760//1162 2757//1162
f 2761//1163 2742//1163 2741//1163
f 2741//1163 2762//1163 2761//1163
f 2763//1163 2761//1163 2762//1163
f 2762//1163 2741//1163 2740//1163
f 2764//1164 2765//1164 2766//1164
f 2766//1164 2746//1164 2764//1164
f 2748//1164 2764//1164 2746//1164
f 2746//1164 2766//1164 2745//1164
f 2767//1165 2768//1165 2769//1165
f 2769//1165 2752//1165 2767//1165
f 2754//1165 2767//1165 2752//1165
f 2752//1165 2769//1165 2751//1165
f 2770//1166 2760//1166 2759//1166
f 2759//1166 2771//1166 2770//1166
f 2772//1166 2770//1166 2771//1166
f 2771//1166 2759//1166 2758//1166
f 2773//1167 2774//1167 2775//1167
f 2775//1168 2776//1168 2773//1168
f 2777//1169 2773//1169 2776//1169
f 2776//1170 2778//1170 2777//1170
f 2776//1171 2775//1171 2779//1171
f 2779//1172 2780//1172 2776//1172
f 2778//1168 2776//1168 2780//1168
f 2780//1173 2781//1173 2778//1173
f 2782//1174 2783//1174 2784//1174
f 2784//1175 2785//1175 2782//1175
f 2786//1176 2782//1176 2785//1176
f 2785//1177 2787//1177 2786//1177
f 2785//1178 2784//1178 2788//1178
f 2788//1179 2789//1179 2785//1179
f 2787//1175 2785//1175 2789//1175
f 2789//1180 2790//1180 2787//1180
f 2791//1181 2792//1181 2793//1181
f 2793//1182 2794//1182 2791//1182
f 2795//1183 2791//1183 2794//1183
f 2794//1184 2796//1184 2795//1184
f 2794//1185 2793//1185 2797//1185
f 2797//1186 2798//1186 2794//1186
f 2796//1182 2794//1182 2798//1182
f 2798//1187 2799//1187 2796//1187
f 2800//1188 2801//1188 2802//1188
f 2802//1189 2803//1189 2800//1189
f 2804//1190 2800//1190 2803//1190
f 2803//1191 2805//1191 2804//1191
f 2803//1192 2802//1192 2806//1192
f 2806//1193 2807//1193 2803//1193
f 2805//1189 2803//1189 2807//1189
f 2807//1194 2808//1194 2805//1194
f 2809//1195 2781//1195 2780//1195
f 2780//1196 2810//1196 2809//1196
f 2811//1195 2809//1195 2810//1195
f 2810//1196 2780//1196 2779//1196
f 2812//1197 2813//1197 2814//1197
f 2814//1198 2787//1198 2812//1198
f 2790//1197 2812//1197 2787//1197
f 2787//1198 2814//1198 2786//1198
f 2815//1199 2816//1199 2817//1199
f 2817//1200 2796//1200 2815//1200
f 2799//1199 2815//1199 2796//1199
f 2796//1200 2817//1200 2795//1200
f 2818//1201 2808//1201 2807//1201
f 2807//1202 2819//1202 2818//1202
f 2820//1201 2818//1201 2819//1201
f 2819//1202 2807//1202 2806//1202
f 2810//1203 2779//1203 2821//1203
f 2821//1204 2822//1204 2810//1204
f 2811//1205 2810//1205 2822//1205
f 2822//1206 2823//1206 2811//1206
f 2822//1207 2821//1207 2824//1207
f 2824//1208 2825//1208 2822//1208
f 2823//1204 2822//1204 2825//1204
f 2825//1209 2826//1209 2823//1209
f 2827//1210 2786//1210 2814//1210
f 2814//1211 2828//1211 2827//1211
f 2829//1212 2827//1212 2828//1212
f 2828//1213 2830//1213 2829//1213
f 2828//1214 2814//1214 2813//1214
f 2813//1215 2831//1215 2828//1215
f 2830//1211 2828//1211 2831//1211
f 2831//1216 2832//1216 2830//1216
f 2833//1217 2795//1217 2817//1217
f 2817//1218 2834//1218 2833//1218
f 2835//1219 2833//1219 2834//1219
f 2834//1220 2836//1220 2835//1220
f 2834//1221 2817//1221 2816//1221
f 2816//1222 2837//1222 2834//1222
f 2836//1218 2834//1218 2837//1218
f 2837//1223 2838//1223 2836//1223
f 2819//1224 2806//1224 2839//1224
f 2839//1225 2840//1225 2819//1225
f 2820//1226 2819//1226 2840//1226
f 2840//1227 2841//1227 2820//1227
f 2840//1228 2839//1228 2842//1228
f 2842//1229 2843//1229 2840//1229
f 2841//1225 2840//1225 2843//1225
f 2843//1230 2844//1230 2841//1230
f 2845//1231 2826//1231 2825//1231
f 2825//1231 2846//1231 2845//1231
f 2847//1231 2845//1231 2846//1231
f 2846//1231 2825//1231 2824//1231
f 2848//1232 2849//1232 2850//1232
f 2850//1232 2830//1232 2848//1232
f 2832//1232 2848//1232 2830//1232
f 2830//1232 2850//1232 2829//1232
f 2851//1233 2852//1233 2853//1233
f 2853//1233 2836//1233 2851//1233
f 2838//1233 2851//1233 2836//1233
f 2836//1233 2853//1233 2835//1233
f 2854//1234 2844//1234 2843//1234
f 2843//1234 2855//1234 2854//1234
f 2856//1234 2854//1234 2855//1234
f 2855//1234 2843//1234 2842//1234
f 2846//1235 2824//1235 2857//1235
f 2857//1236 2858//1236 2846//1236
f 2847//1237 2846//1237 2858//1237
f 2858//1238 2859//1238 2847//1238
f 2858//1239 2857//1239 2860//1239
f 2860//1240 2861//1240 2858//1240
f 2859//1236 2858//1236 2861//1236
f 2861//1241 2862//1241 2859//1241
f 2863//1242 2829//1242 2850//1242
f 2850//1243 2864//1243 2863//1243
f 2865//1244 2863//1244 2864//1244
f 2864//1245 2866//1245 2865//1245
f 2864//1246 2850//1246 2849//1246
f 2849//1247 2867//1247 2864//1247
f 2866//1243 2864//1243 2867//1243
f 2867//1248 2868//1248 2866//1248
f 2869//1249 2835//1249 2853//1249
f 2853//1250 2870//1250 2869//1250
f 2871//1251 2869//1251 2870//1251
f 2870//1252 2872//1252 2871//1252
f 2870//1253 2853//1253 2852//1253
f 2852//1254 2873//1254 2870//1254
f 2872//1250 2870//1250 2873//1250
f 2873//1255 2874//1255 2872//1255
f 2855//1256 2842//1256 2875//1256
f 2875//1257 2876//1257 2855//1257
f 2856//1258 2855//1258 2876//1258
f 2876//1259 2877//1259 2856//1259
f 2876//1260 2875//1260 2878//1260
f 2878//1261 2879//1261 2876//1261
f 2877//1257 2876//1257 2879//1257
f 2879//1262 2880//1262 2877//1262
f 2881//1263 2862//1263 2861//1263
f 2861//1263 2882//1263 2881//1263
f 2883//1263 2881//1263 2882//1263
f 2882//1264 2861//1264 2860//1264
f 2884//1265 2885//1265 2886//1265
f 2886//1265 2866//1265 2884//1265
f 2868//1265 2884//1265 2866//1265
f 2866//1266 2886//1266 2865//1266
f 2887//1267 2888//1267 2889//1267
f 2889//1267 2872//1267 2887//1267
f 2874//1267 2887//1267 2872//1267
f 2872//1268 2889//1268 2871//1268
f 2890//1269 2880//1269 2879//1269
f 2879//1269 2891//1269 2890//1269
f 2892//1269 2890//1269 2891//1269
f 2891//1270 2879//1270 2878//1270
f 2893//1271 2883//1271 2882//1271
f 2882//1271 2894//1271 2893//1271
f 2895//1271 2893//1271 2894//1271
f 2894//1271 2882//1271 2860//1271
f 2896//1272 2897//1272 2898//1272
f 2898//1272 2886//1272 2896//1272
f 2885//1272 2896//1272 2886//1272
f 2886//1272 2898//1272 2865//1272
f 2899//1273 2900//1273 2901//1273
f 2901//1273 2889//1273 2899//1273
f 2888//1273 2899//1273 2889//1273
f 2889//1273 2901//1273 2871//1273
f 2902//1274 2892//1274 2891//1274
f 2891//1274 2903//1274 2902//1274
f 2904//1274 2902//1274 2903//1274
f 2903//1274 2891//1274 2878//1274
f 2894//1275 2860//1275 2905//1275
f 2905//1275 2906//1275 2894//1275
f 2895//1275 2894//1275 2906//1275
f 2906//1275 2907//1275 2895//1275
f 2906//1275 2905//1275 2908//1275
f 2908//1275 2909//1275 2906//1275
f 2907//1275 2906//1275 2909//1275
f 2909//1275 2910//1275 2907//1275
f 2911//1276 2865//1276 2898//1276
f 2898//1276 2912//1276 2911//1276
f 2913//1276 2911//1276 2912//1276
f 2912//1276 2914//1276 2913//1276
f 2912//1276 2898//1276 2897//1276
f 2897//1276 2915//1276 2912//1276
f 2914//1276 2912//1276 2915//1276
f 2915//1276 2916//1276 2914//1276
f 2917//1277 2871//1277 2901//1277
f 2901//1277 2918//1277 2917//1277
f 2919//1277 2917//1277 2918//1277
f 2918//1277 2920//1277 2919//1277
f 2918//1277 2901//1277 2900//1277
f 2900//1277 2921//1277 2918//1277
f 2920//1277 2918//1277 2921//1277
f 2921//1277 2922//1277 2920//1277
f 2903//1278 2878//1278 2923//1278
f 2923//1278 2924//1278 2903//1278
f 2904//1278 2903//1278 2924//1278
f 2924//1278 2925//1278 2904//1278
f 2924//1278 2923//1278 2926//1278
f 2926//1278 2927//1278 2924//1278
f 2925//1278 2924//1278 2927//1278
f 2927//1278 2928//1278 2925//1278
f 2909//1279 2908//1279 2929//1279
f 2929//1279 2930//1279 2909//1279
f 2910//1280 2909//1280 2930//1280
f 2930//1280 2931//1280 2910//1280
f 2930//1279 2929//1279 2932//1279
f 2932//1279 2933//1279 2930//1279
f 2931//1279 2930//1279 2933//1279
f 2933//1279 2934//1279 2931//1279
f 2935//1281 2913//1281 2914//1281
f 2914//1281 2936//1281 2935//1281
f 2937//1281 2935//1281 2936//1281
f 2936//1281 2938//1281 2937//1281
f 2936//1282 2914//1282 2916//1282
f 2916//1282 2939//1282 2936//1282
f 2938//1281 2936//1281 2939//1281
f 2939//1281 2940//1281 2938//1281
f 2941//1283 2919//1283 2920//1283
f 2920//1283 2942//1283 2941//1283
f 2943//1283 2941//1283 2942//1283
f 2942//1283 2944//1283 2943//1283
f 2942//1284 2920//1284 2922//1284
f 2922//1284 2945//1284 2942//1284
f 2944//1283 2942//1283 2945//1283
f 2945//1283 2946//1283 2944//1283
f 2927//1285 2926//1285 2947//1285
f 2947//1285 2948//1285 2927//1285
f 2928//1286 2927//1286 2948//1286
f 2948//1286 2949//1286 2928//1286
f 2948//1285 2947//1285 2950//1285
f 2950//1285 2951//1285 2948//1285
f 2949//1285 2948//1285 2951//1285
f 2951//1285 2952//1285 2949//1285
f 2933//1287 2932//1287 2953//1287
f 2953//1287 2954//1287 2933//1287
f 2934//1287 2933//1287 2954//1287
f 2954//1287 2955//1287 2934//1287
f 2954//1287 2953//1287 2956//1287
f 2956//1287 2957//1287 2954//1287
f 2955//1288 2954//1288 2957//1288
f 2957//1287 2958//1287 2955//1287
f 2959//1289 2937//1289 2938//1289
f 2938//1289 2960//1289 2959//1289
f 2961//1289 2959//1289 2960//1289
f 2960//1289 2962//1289 2961//1289
f 2960//1289 2938//1289 2940//1289
f 2940//1289 2963//1289 2960//1289
f 2962//1290 2960//1290 2963//1290
f 2963//1289 2964//1289 2962//1289
f 2965//1291 2943//1291 2944//1291
f 2944//1291 2966//1291 2965//1291
f 2967//1291 2965//1291 2966//1291
f 2966//1291 2968//1291 2967//1291
f 2966//1291 2944//1291 2946//1291
f 2946//1291 2969//1291 2966//1291
f 2968//1292 2966//1292 2969//1292
f 2969//1291 2970//1291 2968//1291
f 2951//1293 2950//1293 2971//1293
f 2971//1293 2972//1293 2951//1293
f 2952//1293 2951//1293 2972//1293
f 2972//1293 2973//1293 2952//1293
f 2972//1293 2971//1293 2974//1293
f 2974//1293 2975//1293 2972//1293
f 2973//1294 2972//1294 2975//1294
f 2975//1293 2976//1293 2973//1293
f 2957//1295 2956//1295 2977//1295
f 2977//1296 2978//1296 2957//1296
f 2958//1296 2957//1296 2978//1296
f 2978//1296 2979//1296 2958//1296
f 2978//1296 2977//1296 2324//1296
f 2324//1296 2980//1296 2978//1296
f 2979//1296 2978//1296 2980//1296
f 2980//1296 2981//1296 2979//1296
f 2982//1297 2961//1297 2962//1297
f 2962//1298 2983//1298 2982//1298
f 2333//1298 2982//1298 2983//1298
f 2983//1298 2984//1298 2333//1298
f 2983//1298 2962//1298 2964//1298
f 2964//1298 2985//1298 2983//1298
f 2984//1298 2983//1298 2985//1298
f 2985//1298 2986//1298 2984//1298
f 2987//1299 2967//1299 2968//1299
f 2968//1300 2988//1300 2987//1300
f 2339//1300 2987//1300 2988//1300
f 2988//1300 2989//1300 2339//1300
f 2988//1300 2968//1300 2970//1300
f 2970//1300 2990//1300 2988//1300
f 2989//1300 2988//1300 2990//1300
f 2990//1300 2991//1300 2989//1300
f 2975//1301 2974//1301 2992//1301
f 2992//1302 2993//1302 2975//1302
f 2976//1302 2975//1302 2993//1302
f 2993//1302 2994//1302 2976//1302
f 2993//1302 2992//1302 2342//1302
f 2342//1302 2995//1302 2993//1302
f 2994//1302 2993//1302 2995//1302
f 2995//1302 2996//1302 2994//1302
f 2997//1303 2981//1303 2980//1303
f 2980//1303 2998//1303 2997//1303
f 2999//1303 2997//1303 2998//1303
f 2998//1303 3000//1303 2999//1303
f 2998//1303 2980//1303 2324//1303
f 2324//1303 2323//1303 2998//1303
f 3000//1303 2998//1303 2323//1303
f 2323//1303 2327//1303 3000//1303
f 2984//1304 2986//1304 3001//1304
f 3001//1304 3002//1304 2984//1304
f 2333//1304 2984//1304 3002//1304
f 3002//1304 2329//1304 2333//1304
f 3002//1304 3001//1304 3003//1304
f 3003//1304 3004//1304 3002//1304
f 2329//1304 3002//1304 3004//1304
f 3004//1304 2330//1304 2329//1304
f 2989//1305 2991//1305 3005//1305
f 3005//1305 3006//1305 2989//1305
f 2339//1305 2989//1305 3006//1305
f 3006//1305 2335//1305 2339//1305
f 3006//1305 3005//1305 3007//1305
f 3007//1305 3008//1305 3006//1305
f 2335//1305 3006//1305 3008//1305
f 3008//1305 2336//1305 2335//1305
f 3009//1306 2996//1306 2995//1306
f 2995//1306 3010//1306 3009//1306
f 3011//1306 3009//1306 3010//1306
f 3010//1306 3012//1306 3011//1306
f 3010//1306 2995//1306 2342//1306
f 2342//1306 2341//1306 3010//1306
f 3012//1306 3010//1306 2341//1306
f 2341//1306 2345//1306 3012//1306
f 3013//1307 2999//1307 3000//1307
f 3000//1307 3014//1307 3013//1307
f 3015//1307 3013//1307 3014//1307
f 3014//1307 3016//1307 3015//1307
f 3014//1307 3000//1307 2327//1307
f 2327//1307 2349//1307 3014//1307
f 3016//1307 3014//1307 2349//1307
f 2349//1307 2352//1307 3016//1307
f 3004//1308 3003//1308 3017//1308
f 3017//1308 3018//1308 3004//1308
f 2330//1308 3004//1308 3018//1308
f 3018//1308 2357//1308 2330//1308
f 3018//1308 3017//1308 3019//1308
f 3019//1308 3020//1308 3018//1308
f 2357//1308 3018//1308 3020//1308
f 3020//1308 2358//1308 2357//1308
f 3008//1309 3007//1309 3021//1309
f 3021//1309 3022//1309 3008//1309
f 2336//1309 3008//1309 3022//1309
f 3022//1309 2363//1309 2336//1309
f 3022//1309 3021//1309 3023//1309
f 3023//1309 3024//1309 3022//1309
f 2363//1309 3022//1309 3024//1309
f 3024//1309 2364//1309 2363//1309
f 3025//1310 3011//1310 3012//1310
f 3012//1310 3026//1310 3025//1310
f 3027//1310 3025//1310 3026//1310
f 3026//1310 3028//1310 3027//1310
f 3026//1310 3012//1310 2345//1310
f 2345//1310 2367//1310 3026//1310
f 3028//1310 3026//1310 2367//1310
f 2367//1310 2370//1310 3028//1310
f 3029//1311 3015//1311 3016//1311
f 3016//1312 3030//1312 3029//1312
f 3031//1313 3029//1313 3030//1313
f 3030//1314 3032//1314 3031//1314
f 3030//1315 3016//1315 2352//1315
f 2352//1316 3033//1316 3030//1316
f 3032//1312 3030//1312 3033//1312
f 3033//1317 2372//1317 3032//1317
f 3020//1318 3019//1318 3034//1318
f 3034//1319 3035//1319 3020//1319
f 2358//1320 3020//1320 3035//1320
f 3035//1321 3036//1321 2358//1321
f 3035//1322 3034//1322 3037//1322
f 3037//1323 3038//1323 3035//1323
f 3036//1319 3035//1319 3038//1319
f 3038//1324 2380//1324 3036//1324
f 3024//1325 3023//1325 3039//1325
f 3039//1326 3040//1326 3024//1326
f 2364//1327 3024//1327 3040//1327
f 3040//1328 3041//1328 2364//1328
f 3040//1329 3039//1329 3031//1329
f 3031//1330 3042//1330 3040//1330
f 3041//1326 3040//1326 3042//1326
f 3042//1331 2388//1331 3041//1331
f 3043//1332 3027//1332 3028//1332
f 3028//1333 3044//1333 3043//1333
f 3037//1334 3043//1334 3044//1334
f 3044//1335 3045//1335 3037//1335
f 3044//1336 3028//1336 2370//1336
f 2370//1337 3046//1337 3044//1337
f 3045//1333 3044//1333 3046//1333
f 3046//1338 2393//1338 3045//1338
f 3047//1339 3031//1339 3032//1339
f 3032//1339 2371//1339 3047//1339
f 2375//1339 3047//1339 2371//1339
f 2371//1339 3032//1339 2372//1339
f 3048//1340 2384//1340 2381//1340
f 2381//1340 3038//1340 3048//1340
f 3037//1340 3048//1340 3038//1340
f 3038//1340 2381//1340 2380//1340
f 3047//1341 2375//1341 2389//1341
f 2389//1341 3042//1341 3047//1341
f 3031//1341 3047//1341 3042//1341
f 3042//1341 2389//1341 2388//1341
f 3048//1342 3037//1342 3045//1342
f 3045//1342 2392//1342 3048//1342
f 2384//1342 3048//1342 2392//1342
f 2392//1342 3045//1342 2393//1342
f 3049//1343 3050//1343 3051//1343
f 3051//1343 2405//1343 3049//1343
f 2407//1343 3049//1343 2405//1343
f 2405//1343 3051//1343 2398//1343
f 3052//1344 2411//1344 2409//1344
f 2409//1344 3053//1344 3052//1344
f 3054//1344 3052//1344 3053//1344
f 3053//1344 2409//1344 2402//1344
f 3055//1345 2415//1345 2413//1345
f 2413//1345 3051//1345 3055//1345
f 3050//1345 3055//1345 3051//1345
f 3051//1345 2413//1345 2398//1345
f 3056//1346 3054//1346 3053//1346
f 3053//1346 2417//1346 3056//1346
f 2419//1346 3056//1346 2417//1346
f 2417//1346 3053//1346 2402//1346
f 3057//1347 3050//1347 3049//1347
f 3049//1348 3058//1348 3057//1348
f 3059//1349 3057//1349 3058//1349
f 3058//1350 3060//1350 3059//1350
f 3058//1351 3049//1351 2407//1351
f 2407//1352 2421//1352 3058//1352
f 3060//1348 3058//1348 2421//1348
f 2421//1353 2423//1353 3060//1353
f 3052//1354 3054//1354 3061//1354
f 3061//1355 3062//1355 3052//1355
f 2411//1356 3052//1356 3062//1356
f 3062//1357 2425//1357 2411//1357
f 3062//1358 3061//1358 3063//1358
f 3063//1359 3064//1359 3062//1359
f 2425//1355 3062//1355 3064//1355
f 3064//1360 2427//1360 2425//1360
f 3055//1361 3050//1361 3065//1361
f 3065//1362 3066//1362 3055//1362
f 2415//1363 3055//1363 3066//1363
f 3066//1364 2429//1364 2415//1364
f 3066//1365 3065//1365 3067//1365
f 3067//1366 3068//1366 3066//1366
f 2429//1362 3066//1362 3068//1362
f 3068//1367 2431//1367 2429//1367
f 3069//1368 3054//1368 3056//1368
f 3056//1369 3070//1369 3069//1369
f 3071//1370 3069//1370 3070//1370
f 3070//1371 3072//1371 3071//1371
f 3070//1372 3056//1372 2419//1372
f 2419//1373 2433//1373 3070//1373
f 3072//1369 3070//1369 2433//1369
f 2433//1374 2435//1374 3072//1374
f 3073//1375 3059//1375 3060//1375
f 3060//1375 3074//1375 3073//1375
f 3075//1375 3073//1375 3074//1375
f 3074//1375 3076//1375 3075//1375
f 3074//1375 3060//1375 2423//1375
f 2423//1375 2437//1375 3074//1375
f 3076//1375 3074//1375 2437//1375
f 2437//1375 2439//1375 3076//1375
f 3064//1376 3063//1376 3077//1376
f 3077//1376 3078//1376 3064//1376
f 2427//1376 3064//1376 3078//1376
f 3078//1376 2441//1376 2427//1376
f 3078//1376 3077//1376 3079//1376
f 3079//1376 3080//1376 3078//1376
f 2441//1376 3078//1376 3080//1376
f 3080//1376 2443//1376 2441//1376
f 3068//1377 3067//1377 3081//1377
f 3081//1377 3082//1377 3068//1377
f 2431//1377 3068//1377 3082//1377
f 3082//1377 2445//1377 2431//1377
f 3082//1377 3081//1377 3083//1377
f 3083//1377 3084//1377 3082//1377
f 2445//1377 3082//1377 3084//1377
f 3084//1377 2447//1377 2445//1377
f 3085//1378 3071//1378 3072//1378
f 3072//1378 3086//1378 3085//1378
f 3087//1378 3085//1378 3086//1378
f 3086//1378 3088//1378 3087//1378
f 3086//1378 3072//1378 2435//1378
f 2435//1378 2449//1378 3086//1378
f 3088//1378 3086//1378 2449//1378
f 2449//1378 2451//1378 3088//1378
f 3089//1379 3075//1379 3076//1379
f 3076//1380 3090//1380 3089//1380
f 3091//1380 3089//1380 3090//1380
f 3090//1380 3092//1380 3091//1380
f 3090//1380 3076//1380 2439//1380
f 2439//1380 2453//1380 3090//1380
f 3092//1379 3090//1379 2453//1379
f 2453//1380 2455//1380 3092//1380
f 3080//1381 3079//1381 3093//1381
f 3093//1381 3094//1381 3080//1381
f 2443//1381 3080//1381 3094//1381
f 3094//1381 2457//1381 2443//1381
f 3094//1381 3093//1381 3095//1381
f 3095//1381 3096//1381 3094//1381
f 2457//1381 3094//1381 3096//1381
f 3096//1381 2459//1381 2457//1381
f 3084//1382 3083//1382 3097//1382
f 3097//1382 3098//1382 3084//1382
f 2447//1382 3084//1382 3098//1382
f 3098//1382 2461//1382 2447//1382
f 3098//1382 3097//1382 3099//1382
f 3099//1382 3100//1382 3098//1382
f 2461//1382 3098//1382 3100//1382
f 3100//1382 2463//1382 2461//1382
f 3101//1383 3087//1383 3088//1383
f 3088//1384 3102//1384 3101//1384
f 3103//1384 3101//1384 3102//1384
f 3102//1384 3104//1384 3103//1384
f 3102//1384 3088//1384 2451//1384
f 2451//1384 2465//1384 3102//1384
f 3104//1383 3102//1383 2465//1383
f 2465//1384 2467//1384 3104//1384
f 3105//1385 3091//1385 3092//1385
f 3092//1386 3106//1386 3105//1386
f 3107//1385 3105//1385 3106//1385
f 3106//1385 3108//1385 3107//1385
f 3106//1386 3092//1386 2455//1386
f 2455//1385 2469//1385 3106//1385
f 3108//1386 3106//1386 2469//1386
f 2469//1385 2471//1385 3108//1385
f 3096//1387 3095//1387 3109//1387
f 3109//1388 3110//1388 3096//1388
f 2459//1387 3096//1387 3110//1387
f 3110//1387 2473//1387 2459//1387
f 3110//1387 3109//1387 3111//1387
f 3111//1387 3112//1387 3110//1387
f 2473//1388 3110//1388 3112//1388
f 3112//1387 2475//1387 2473//1387
f 3100//1389 3099//1389 3113//1389
f 3113//1390 3114//1390 3100//1390
f 2463//1389 3100//1389 3114//1389
f 3114//1389 2477//1389 2463//1389
f 3114//1389 3113//1389 3115//1389
f 3115//1389 3116//1389 3114//1389
f 2477//1390 3114//1390 3116//1390
f 3116//1389 2479//1389 2477//1389
f 3117//1391 3103//1391 3104//1391
f 3104//1392 3118//1392 3117//1392
f 3119//1391 3117//1391 3118//1391
f 3118//1391 3120//1391 3119//1391
f 3118//1392 3104//1392 2467//1392
f 2467//1391 2481//1391 3118//1391
f 3120//1392 3118//1392 2481//1392
f 2481//1391 2483//1391 3120//1391
f 3121//1393 3107//1393 3108//1393
f 3108//1394 3122//1394 3121//1394
f 3123//1394 3121//1394 3122//1394
f 3122//1394 3124//1394 3123//1394
f 3122//1394 3108//1394 2471//1394
f 2471//1394 2485//1394 3122//1394
f 3124//1394 3122//1394 2485//1394
f 2485//1394 2487//1394 3124//1394
f 3112//1395 3111//1395 3125//1395
f 3125//1396 3126//1396 3112//1396
f 2475//1396 3112//1396 3126//1396
f 3126//1396 2489//1396 2475//1396
f 3126//1396 3125//1396 3127//1396
f 3127//1396 3128//1396 3126//1396
f 2489//1396 3126//1396 3128//1396
f 3128//1396 2491//1396 2489//1396
f 3116//1397 3115//1397 3129//1397
f 3129//1398 3130//1398 3116//1398
f 2479//1398 3116//1398 3130//1398
f 3130//1398 2493//1398 2479//1398
f 3130//1398 3129//1398 3131//1398
f 3131//1398 3132//1398 3130//1398
f 2493//1398 3130//1398 3132//1398
f 3132//1398 2495//1398 2493//1398
f 3133//1399 3119//1399 3120//1399
f 3120//1400 3134//1400 3133//1400
f 3135//1400 3133//1400 3134//1400
f 3134//1400 3136//1400 3135//1400
f 3134//1400 3120//1400 2483//1400
f 2483//1400 2497//1400 3134//1400
f 3136//1400 3134//1400 2497//1400
f 2497//1400 2499//1400 3136//1400
f 3137//1401 3123//1401 3124//1401
f 3124//1402 3138//1402 3137//1402
f 3139//1401 3137//1401 3138//1401
f 3138//1402 3140//1402 3139//1402
f 3138//1402 3124//1402 2487//1402
f 2487//1402 2501//1402 3138//1402
f 3140//1402 3138//1402 2501//1402
f 2501//1402 2503//1402 3140//1402
f 3128//1403 3127//1403 3141//1403
f 3141//1404 3142//1404 3128//1404
f 2491//1404 3128//1404 3142//1404
f 3142//1404 2505//1404 2491//1404
f 3142//1404 3141//1404 3143//1404
f 3143//1404 3144//1404 3142//1404
f 2505//1403 3142//1403 3144//1403
f 3144//1404 2507//1404 2505//1404
f 3132//1405 3131//1405 3145//1405
f 3145//1406 3146//1406 3132//1406
f 2495//1406 3132//1406 3146//1406
f 3146//1406 2509//1406 2495//1406
f 3146//1406 3145//1406 3147//1406
f 3147//1406 3148//1406 3146//1406
f 2509//1405 3146//1405 3148//1405
f 3148//1406 2511//1406 2509//1406
f 3149//1407 3135//1407 3136//1407
f 3136//1408 3150//1408 3149//1408
f 3151//1407 3149//1407 3150//1407
f 3150//1408 3152//1408 3151//1408
f 3150//1408 3136//1408 2499//1408
f 2499//1408 2513//1408 3150//1408
f 3152//1408 3150//1408 2513//1408
f 2513//1408 2515//1408 3152//1408
f 3153//1409 3139//1409 3140//1409
f 3140//1410 3154//1410 3153//1410
f 3155//1409 3153//1409 3154//1409
f 3154//1410 3156//1410 3155//1410
f 3154//1410 3140//1410 2503//1410
f 2503//1410 2517//1410 3154//1410
f 3156//1410 3154//1410 2517//1410
f 2517//1410 2519//1410 3156//1410
f 3144//1411 3143//1411 3157//1411
f 3157//1412 3158//1412 3144//1412
f 2507//1412 3144//1412 3158//1412
f 3158//1412 2521//1412 2507//1412
f 3158//1411 3157//1411 3159//1411
f 3159//1412 3160//1412 3158//1412
f 2521//1412 3158//1412 3160//1412
f 3160//1412 2523//1412 2521//1412
f 3148//1413 3147//1413 3161//1413
f 3161//1414 3162//1414 3148//1414
f 2511//1414 3148//1414 3162//1414
f 3162//1414 2525//1414 2511//1414
f 3162//1413 3161//1413 3163//1413
f 3163//1414 3164//1414 3162//1414
f 2525//1414 3162//1414 3164//1414
f 3164//1414 2527//1414 2525//1414
f 3165//1415 3151//1415 3152//1415
f 3152//1416 3166//1416 3165//1416
f 3167//1415 3165//1415 3166//1415
f 3166//1416 3168//1416 3167//1416
f 3166//1416 3152//1416 2515//1416
f 2515//1416 2529//1416 3166//1416
f 3168//1416 3166//1416 2529//1416
f 2529//1416 2531//1416 3168//1416
f 3169//1417 3155//1417 3156//1417
f 3156//1417 3170//1417 3169//1417
f 3171//1417 3169//1417 3170//1417
f 3170//1418 3172//1418 3171//1418
f 3170//1418 3156//1418 2519//1418
f 2519//1417 2533//1417 3170//1417
f 3172//1417 3170//1417 2533//1417
f 2533//1418 2535//1418 3172//1418
f 3160//1419 3159//1419 3173//1419
f 3173//1419 3174//1419 3160//1419
f 2523//1419 3160//1419 3174//1419
f 3174//1419 2537//1419 2523//1419
f 3174//1419 3173//1419 3175//1419
f 3175//1420 3176//1420 3174//1420
f 2537//1419 3174//1419 3176//1419
f 3176//1420 2539//1420 2537//1420
f 3164//1421 3163//1421 3177//1421
f 3177//1421 3178//1421 3164//1421
f 2527//1421 3164//1421 3178//1421
f 3178//1421 2541//1421 2527//1421
f 3178//1421 3177//1421 3179//1421
f 3179//1422 3180//1422 3178//1422
f 2541//1421 3178//1421 3180//1421
f 3180//1422 2543//1422 2541//1422
f 3181//1423 3167//1423 3168//1423
f 3168//1423 3182//1423 3181//1423
f 3183//1423 3181//1423 3182//1423
f 3182//1424 3184//1424 3183//1424
f 3182//1424 3168//1424 2531//1424
f 2531//1423 2545//1423 3182//1423
f 3184//1423 3182//1423 2545//1423
f 2545//1424 2547//1424 3184//1424
f 3185//1425 3171//1425 3172//1425
f 3172//1425 3186//1425 3185//1425
f 3187//1425 3185//1425 3186//1425
f 3186//1425 3188//1425 3187//1425
f 3186//1425 3172//1425 2535//1425
f 2535//1425 2549//1425 3186//1425
f 3188//1425 3186//1425 2549//1425
f 2549//1425 2551//1425 3188//1425
f 3176//1426 3175//1426 3189//1426
f 3189//1426 3190//1426 3176//1426
f 2539//1426 3176//1426 3190//1426
f 3190//1426 2553//1426 2539//1426
f 3190//1426 3189//1426 3191//1426
f 3191//1426 3192//1426 3190//1426
f 2553//1426 3190//1426 3192//1426
f 3192//1426 2555//1426 2553//1426
f 3180//1427 3179//1427 3193//1427
f 3193//1427 3194//1427 3180//1427
f 2543//1427 3180//1427 3194//1427
f 3194//1427 2557//1427 2543//1427
f 3194//1427 3193//1427 3195//1427
f 3195//1427 3196//1427 3194//1427
f 2557//1427 3194//1427 3196//1427
f 3196//1427 2559//1427 2557//1427
f 3197//1428 3183//1428 3184//1428
f 3184//1428 3198//1428 3197//1428
f 3199//1428 3197//1428 3198//1428
f 3198//1428 3200//1428 3199//1428
f 3198//1428 3184//1428 2547//1428
f 2547//1428 2561//1428 3198//1428
f 3200//1428 3198//1428 2561//1428
f 2561//1428 2563//1428 3200//1428
f 3201//1429 3187//1429 3188//1429
f 3188//1429 3202//1429 3201//1429
f 3203//1429 3201//1429 3202//1429
f 3202//1429 3204//1429 3203//1429
f 3202//1429 3188//1429 2551//1429
f 2551//1429 2565//1429 3202//1429
f 3204//1429 3202//1429 2565//1429
f 2565//1429 2567//1429 3204//1429
f 3192//1430 3191//1430 3205//1430
f 3205//1430 3206//1430 3192//1430
f 2555//1430 3192//1430 3206//1430
f 3206//1430 2569//1430 2555//1430
f 3206//1430 3205//1430 3207//1430
f 3207//1430 3208//1430 3206//1430
f 2569//1430 3206//1430 3208//1430
f 3208//1430 2571//1430 2569//1430
f 3196//1431 3195//1431 3209//1431
f 3209//1431 3210//1431 3196//1431
f 2559//1431 3196//1431 3210//1431
f 3210//1431 2573//1431 2559//1431
f 3210//1431 3209//1431 3211//1431
f 3211//1431 3212//1431 3210//1431
f 2573//1431 3210//1431 3212//1431
f 3212//1431 2575//1431 2573//1431
f 3213//1432 3199//1432 3200//1432
f 3200//1432 3214//1432 3213//1432
f 3215//1432 3213//1432 3214//1432
f 3214//1432 3216//1432 3215//1432
f 3214//1432 3200//1432 2563//1432
f 2563//1432 2577//1432 3214//1432
f 3216//1432 3214//1432 2577//1432
f 2577//1432 2579//1432 3216//1432
f 3217//1433 3203//1433 3204//1433
f 3204//1434 3218//1434 3217//1434
f 3219//1433 3217//1433 3218//1433
f 3218//1434 3220//1434 3219//1434
f 3218//1434 3204//1434 2567//1434
f 2567//1434 2581//1434 3218//1434
f 3220//1434 3218//1434 2581//1434
f 2581//1434 2583//1434 3220//1434
f 3208//1435 3207//1435 3221//1435
f 3221//1436 3222//1436 3208//1436
f 2571//1436 3208//1436 3222//1436
f 3222//1436 2585//1436 2571//1436
f 3222//1435 3221//1435 3223//1435
f 3223//1436 3224//1436 3222//1436
f 2585//1436 3222//1436 3224//1436
f 3224//1436 2587//1436 2585//1436
f 3212//1437 3211//1437 3225//1437
f 3225//1438 3226//1438 3212//1438
f 2575//1438 3212//1438 3226//1438
f 3226//1438 2589//1438 2575//1438
f 3226//1437 3225//1437 3227//1437
f 3227//1438 3228//1438 3226//1438
f 2589//1438 3226//1438 3228//1438
f 3228//1438 2591//1438 2589//1438
f 3229//1439 3215//1439 3216//1439
f 3216//1440 3230//1440 3229//1440
f 3231//1439 3229//1439 3230//1439
f 3230//1440 3232//1440 3231//1440
f 3230//1440 3216//1440 2579//1440
f 2579//1440 2593//1440 3230//1440
f 3232//1440 3230//1440 2593//1440
f 2593//1440 2595//1440 3232//1440
f 3233//1441 3219//1441 3220//1441
f 3220//1441 3234//1441 3233//1441
f 3235//1441 3233//1441 3234//1441
f 3234//1441 3236//1441 3235//1441
f 3234//1441 3220//1441 2583//1441
f 2583//1441 2597//1441 3234//1441
f 3236//1441 3234//1441 2597//1441
f 2597//1441 2599//1441 3236//1441
f 3224//1442 3223//1442 3237//1442
f 3237//1442 3238//1442 3224//1442
f 2587//1442 3224//1442 3238//1442
f 3238//1442 2601//1442 2587//1442
f 3238//1442 3237//1442 3239//1442
f 3239//1442 3240//1442 3238//1442
f 2601//1442 3238//1442 3240//1442
f 3240//1442 2603//1442 2601//1442
f 3228//1443 3227//1443 3241//1443
f 3241//1443 3242//1443 3228//1443
f 2591//1443 3228//1443 3242//1443
f 3242//1443 2605//1443 2591//1443
f 3242//1443 3241//1443 3243//1443
f 3243//1443 3244//1443 3242//1443
f 2605//1443 3242//1443 3244//1443
f 3244//1443 2607//1443 2605//1443
f 3245//1444 3231//1444 3232//1444
f 3232//1444 3246//1444 3245//1444
f 3247//1444 3245//1444 3246//1444
f 3246//1444 3248//1444 3247//1444
f 3246//1444 3232//1444 2595//1444
f 2595//1444 2609//1444 3246//1444
f 3248//1444 3246//1444 2609//1444
f 2609//1444 2611//1444 3248//1444
f 3249//1445 3235//1445 3236//1445
f 3236//1445 3250//1445 3249//1445
f 3251//1445 3249//1445 3250//1445
f 3250//1445 3252//1445 3251//1445
f 3250//1445 3236//1445 2599//1445
f 2599//1446 2613//1446 3250//1446
f 3252//1445 3250//1445 2613//1445
f 2613//1446 2615//1446 3252//1446
f 3240//1447 3239//1447 3253//1447
f 3253//1447 3254//1447 3240//1447
f 2603//1447 3240//1447 3254//1447
f 3254//1448 2617//1448 2603//1448
f 3254//1447 3253//1447 3255//1447
f 3255//1447 3256//1447 3254//1447
f 2617//1447 3254//1447 3256//1447
f 3256//1448 2619//1448 2617//1448
f 3244//1449 3243//1449 3257//1449
f 3257//1449 3258//1449 3244//1449
f 2607//1449 3244//1449 3258//1449
f 3258//1450 2621//1450 2607//1450
f 3258//1449 3257//1449 3259//1449
f 3259//1449 3260//1449 3258//1449
f 2621//1449 3258//1449 3260//1449
f 3260//1450 2623//1450 2621//1450
f 3261//1451 3247//1451 3248//1451
f 3248//1451 3262//1451 3261//1451
f 3263//1451 3261//1451 3262//1451
f 3262//1451 3264//1451 3263//1451
f 3262//1451 3248//1451 2611//1451
f 2611//1452 2625//1452 3262//1452
f 3264//1451 3262//1451 2625//1451
f 2625//1452 2627//1452 3264//1452
f 3265//1453 3251//1453 3252//1453
f 3252//1454 3266//1454 3265//1454
f 3267//1453 3265//1453 3266//1453
f 3266//1454 3268//1454 3267//1454
f 3266//1454 3252//1454 2615//1454
f 2615//1454 2629//1454 3266//1454
f 3268//1454 3266//1454 2629//1454
f 2629//1454 2631//1454 3268//1454
f 3256//1455 3255//1455 3269//1455
f 3269//1456 3270//1456 3256//1456
f 2619//1456 3256//1456 3270//1456
f 3270//1456 2633//1456 2619//1456
f 3270//1455 3269//1455 3271//1455
f 3271//1456 3272//1456 3270//1456
f 2633//1456 3270//1456 3272//1456
f 3272//1455 2635//1455 2633//1455
f 3260//1457 3259//1457 3273//1457
f 3273//1458 3274//1458 3260//1458
f 2623//1458 3260//1458 3274//1458
f 3274//1458 2637//1458 2623//1458
f 3274//1457 3273//1457 3275//1457
f 3275//1458 3276//1458 3274//1458
f 2637//1458 3274//1458 3276//1458
f 3276//1457 2639//1457 2637//1457
f 3277//1459 3263//1459 3264//1459
f 3264//1460 3278//1460 3277//1460
f 3279//1459 3277//1459 3278//1459
f 3278//1460 3280//1460 3279//1460
f 3278//1460 3264//1460 2627//1460
f 2627//1460 2641//1460 3278//1460
f 3280//1460 3278//1460 2641//1460
f 2641//1460 2643//1460 3280//1460
f 3281//1461 3267//1461 3268//1461
f 3268//1461 3282//1461 3281//1461
f 3283//1461 3281//1461 3282//1461
f 3282//1461 3284//1461 3283//1461
f 3282//1461 3268//1461 2631//1461
f 2631//1461 2645//1461 3282//1461
f 3284//1461 3282//1461 2645//1461
f 2645//1461 2647//1461 3284//1461
f 3272//1462 3271//1462 3285//1462
f 3285//1462 3286//1462 3272//1462
f 2635//1462 3272//1462 3286//1462
f 3286//1462 2649//1462 2635//1462
f 3286//1462 3285//1462 3287//1462
f 3287//1462 3288//1462 3286//1462
f 2649//1462 3286//1462 3288//1462
f 3288//1462 2651//1462 2649//1462
f 3276//1463 3275//1463 3289//1463
f 3289//1463 3290//1463 3276//1463
f 2639//1463 3276//1463 3290//1463
f 3290//1463 2653//1463 2639//1463
f 3290//1463 3289//1463 3291//1463
f 3291//1463 3292//1463 3290//1463
f 2653//1463 3290//1463 3292//1463
f 3292//1463 2655//1463 2653//1463
f 3293//1464 3279//1464 3280//1464
f 3280//1464 3294//1464 3293//1464
f 3295//1464 3293//1464 3294//1464
f 3294//1464 3296//1464 3295//1464
f 3294//1464 3280//1464 2643//1464
f 2643//1464 2657//1464 3294//1464
f 3296//1464 3294//1464 2657//1464
f 2657//1464 2659//1464 3296//1464
f 3297//1465 3283//1465 3284//1465
f 3284//1466 3298//1466 3297//1466
f 3299//1465 3297//1465 3298//1465
f 3298//1466 3300//1466 3299//1466
f 3298//1466 3284//1466 2647//1466
f 2647//1466 2661//1466 3298//1466
f 3300//1466 3298//1466 2661//1466
f 2661//1466 2663//1466 3300//1466
f 3288//1467 3287//1467 3301//1467
f 3301//1468 3302//1468 3288//1468
f 2651//1468 3288//1468 3302//1468
f 3302//1469 2666//1469 2651//1469
f 3302//1467 3301//1467 3303//1467
f 3303//1468 3304//1468 3302//1468
f 2666//1468 3302//1468 3304//1468
f 3304//1468 2669//1468 2666//1468
f 3292//1470 3291//1470 3305//1470
f 3305//1471 3306//1471 3292//1471
f 2655//1471 3292//1471 3306//1471
f 3306//1472 2671//1472 2655//1472
f 3306//1470 3305//1470 3307//1470
f 3307//1471 3308//1471 3306//1471
f 2671//1471 3306//1471 3308//1471
f 3308//1471 2674//1471 2671//1471
f 3309//1473 3295//1473 3296//1473
f 3296//1474 3310//1474 3309//1474
f 3311//1473 3309//1473 3310//1473
f 3310//1474 3312//1474 3311//1474
f 3310//1474 3296//1474 2659//1474
f 2659//1474 2676//1474 3310//1474
f 3312//1474 3310//1474 2676//1474
f 2676//1474 2678//1474 3312//1474
f 3313//1475 3299//1475 3300//1475
f 3300//1475 3314//1475 3313//1475
f 3315//1475 3313//1475 3314//1475
f 3314//1475 3316//1475 3315//1475
f 3314//1475 3300//1475 2663//1475
f 2663//1475 2681//1475 3314//1475
f 3316//1475 3314//1475 2681//1475
f 2681//1475 2683//1475 3316//1475
f 3304//1476 3303//1476 3317//1476
f 3317//1476 3318//1476 3304//1476
f 2669//1476 3304//1476 3318//1476
f 3318//1476 2685//1476 2669//1476
f 3318//1476 3317//1476 3319//1476
f 3319//1476 3320//1476 3318//1476
f 2685//1476 3318//1476 3320//1476
f 3320//1476 2687//1476 2685//1476
f 3308//1477 3307//1477 3321//1477
f 3321//1477 3322//1477 3308//1477
f 2674//1477 3308//1477 3322//1477
f 3322//1477 2689//1477 2674//1477
f 3322//1477 3321//1477 3323//1477
f 3323//1477 3324//1477 3322//1477
f 2689//1477 3322//1477 3324//1477
f 3324//1477 2691//1477 2689//1477
f 3325//1478 3311//1478 3312//1478
f 3312//1478 3326//1478 3325//1478
f 3327//1478 3325//1478 3326//1478
f 3326//1478 3328//1478 3327//1478
f 3326//1478 3312//1478 2678//1478
f 2678//1478 2693//1478 3326//1478
f 3328//1478 3326//1478 2693//1478
f 2693//1478 2695//1478 3328//1478
f 3329//1479 3315//1479 3316//1479
f 3316//1479 3330//1479 3329//1479
f 3331//1479 3329//1479 3330//1479
f 3330//1479 3332//1479 3331//1479
f 3330//1479 3316//1479 2683//1479
f 2683//1479 2697//1479 3330//1479
f 3332//1479 3330//1479 2697//1479
f 2697//1479 2699//1479 3332//1479
f 3320//1480 3319//1480 3333//1480
f 3333//1480 3334//1480 3320//1480
f 2687//1480 3320//1480 3334//1480
f 3334//1480 2701//1480 2687//1480
f 3334//1480 3333//1480 3335//1480
f 3335//1480 3336//1480 3334//1480
f 2701//1480 3334//1480 3336//1480
f 3336//1480 2703//1480 2701//1480
f 3324//1481 3323//1481 3337//1481
f 3337//1481 3338//1481 3324//1481
f 2691//1481 3324//1481 3338//1481
f 3338//1481 2705//1481 2691//1481
f 3338//1481 3337//1481 3339//1481
f 3339//1481 3340//1481 3338//1481
f 2705//1481 3338//1481 3340//1481
f 3340//1481 2707//1481 2705//1481
f 3341//1482 3327//1482 3328//1482
f 3328//1482 3342//1482 3341//1482
f 3343//1482 3341//1482 3342//1482
f 3342//1482 3344//1482 3343//1482
f 3342//1482 3328//1482 2695//1482
f 2695//1482 2709//1482 3342//1482
f 3344//1482 3342//1482 2709//1482
f 2709//1482 2711//1482 3344//1482
f 3345//1483 3331//1483 3332//1483
f 3332//1483 3346//1483 3345//1483
f 3347//1483 3345//1483 3346//1483
f 3346//1483 3348//1483 3347//1483
f 3346//1483 3332//1483 2699//1483
f 2699//1483 2715//1483 3346//1483
f 3348//1483 3346//1483 2715//1483
f 2715//1483 2718//1483 3348//1483
f 3336//1484 3335//1484 3349//1484
f 3349//1484 3350//1484 3336//1484
f 2703//1484 3336//1484 3350//1484
f 3350//1484 2723//1484 2703//1484
f 3350//1484 3349//1484 3351//1484
f 3351//1484 3352//1484 3350//1484
f 2723//1484 3350//1484 3352//1484
f 3352//1484 2724//1484 2723//1484
f 3340//1485 3339//1485 3353//1485
f 3353//1485 3354//1485 3340//1485
f 2707//1485 3340//1485 3354//1485
f 3354//1485 2729//1485 2707//1485
f 3354//1485 3353//1485 3355//1485
f 3355//1485 3356//1485 3354//1485
f 2729//1485 3354//1485 3356//1485
f 3356//1485 2730//1485 2729//1485
f 3357//1486 3343//1486 3344//1486
f 3344//1486 3358//1486 3357//1486
f 3359//1486 3357//1486 3358//1486
f 3358//1486 3360//1486 3359//1486
f 3358//1486 3344//1486 2711//1486
f 2711//1486 2733//1486 3358//1486
f 3360//1486 3358//1486 2733//1486
f 2733//1486 2736//1486 3360//1486
f 3361//1487 3347//1487 3348//1487
f 3348//1487 3362//1487 3361//1487
f 3363//1487 3361//1487 3362//1487
f 3362//1487 3364//1487 3363//1487
f 3362//1487 3348//1487 2718//1487
f 2718//1487 2739//1487 3362//1487
f 3364//1487 3362//1487 2739//1487
f 2739//1487 2742//1487 3364//1487
f 3352//1488 3351//1488 3365//1488
f 3365//1488 3366//1488 3352//1488
f 2724//1488 3352//1488 3366//1488
f 3366//1488 2747//1488 2724//1488
f 3366//1488 3365//1488 3367//1488
f 3367//1488 3368//1488 3366//1488
f 2747//1488 3366//1488 3368//1488
f 3368//1488 2748//1488 2747//1488
f 3356//1489 3355//1489 3369//1489
f 3369//1489 3370//1489 3356//1489
f 2730//1489 3356//1489 3370//1489
f 3370//1489 2753//1489 2730//1489
f 3370//1489 3369//1489 3371//1489
f 3371//1489 3372//1489 3370//1489
f 2753//1489 3370//1489 3372//1489
f 3372//1489 2754//1489 2753//1489
f 3373//1490 3359//1490 3360//1490
f 3360//1490 3374//1490 3373//1490
f 3375//1490 3373//1490 3374//1490
f 3374//1490 3376//1490 3375//1490
f 3374//1490 3360//1490 2736//1490
f 2736//1490 2757//1490 3374//1490
f 3376//1490 3374//1490 2757//1490
f 2757//1490 2760//1490 3376//1490
f 3377//1491 3363//1491 3364//1491
f 3364//1492 3378//1492 3377//1492
f 3379//1491 3377//1491 3378//1491
f 3378//1492 3380//1492 3379//1492
f 3378//1492 3364//1492 2742//1492
f 2742//1492 2761//1492 3378//1492
f 3380//1492 3378//1492 2761//1492
f 2761//1492 2763//1492 3380//1492
f 3368//1493 3367//1493 3381//1493
f 3381//1494 3382//1494 3368//1494
f 2748//1494 3368//1494 3382//1494
f 3382//1494 2764//1494 2748//1494
f 3382//1493 3381//1493 3383//1493
f 3383//1494 3384//1494 3382//1494
f 2764//1494 3382//1494 3384//1494
f 3384//1494 2765//1494 2764//1494
f 3372//1495 3371//1495 3385//1495
f 3385//1496 3386//1496 3372//1496
f 2754//1496 3372//1496 3386//1496
f 3386//1496 2767//1496 2754//1496
f 3386//1495 3385//1495 3387//1495
f 3387//1496 3388//1496 3386//1496
f 2767//1496 3386//1496 3388//1496
f 3388//1496 2768//1496 2767//1496
f 3389//1497 3375//1497 3376//1497
f 3376//1498 3390//1498 3389//1498
f 3391//1497 3389//1497 3390//1497
f 3390//1498 3392//1498 3391//1498
f 3390//1498 3376//1498 2760//1498
f 2760//1498 2770//1498 3390//1498
f 3392//1498 3390//1498 2770//1498
f 2770//1498 2772//1498 3392//1498
f 3393//1499 3379//1499 3380//1499
f 3380//1500 3394//1500 3393//1500
f 3395//1501 3393//1501 3394//1501
f 3394//1502 3396//1502 3395//1502
f 3394//1503 3380//1503 2763//1503
f 2763//1504 3397//1504 3394//1504
f 3396//1500 3394//1500 3397//1500
f 3397//1505 2777//1505 3396//1505
f 3384//1506 3383//1506 3398//1506
f 3398//1507 3399//1507 3384//1507
f 2765//1508 3384//1508 3399//1508
f 3399//1509 3400//1509 2765//1509
f 3399//1510 3398//1510 3401//1510
f 3401//1511 3402//1511 3399//1511
f 3400//1507 3399//1507 3402//1507
f 3402//1512 2788//1512 3400//1512
f 3388//1513 3387//1513 3403//1513
f 3403//1514 3404//1514 3388//1514
f 2768//1515 3388//1515 3404//1515
f 3404//1516 3405//1516 2768//1516
f 3404//1517 3403//1517 3406//1517
f 3406//1518 3407//1518 3404//1518
f 3405//1514 3404//1514 3407//1514
f 3407//1519 2797//1519 3405//1519
f 3408//1520 3391//1520 3392//1520
f 3392//1521 3409//1521 3408//1521
f 3410//1522 3408//1522 3409//1522
f 3409//1523 3411//1523 3410//1523
f 3409//1524 3392//1524 2772//1524
f 2772//1525 3412//1525 3409//1525
f 3411//1521 3409//1521 3412//1521
f 3412//1526 2804//1526 3411//1526
f 3413//1527 3414//1527 3415//1527
f 3415//1528 3396//1528 3413//1528
f 2777//1528 3413//1528 3396//1528
f 3396//1527 3415//1527 3395//1527
f 3416//1529 2788//1529 3402//1529
f 3402//1529 3417//1529 3416//1529
f 3418//1530 3416//1530 3417//1530
f 3417//1530 3402//1530 3401//1530
f 3419//1531 2797//1531 3407//1531
f 3407//1531 3420//1531 3419//1531
f 3421//1532 3419//1532 3420//1532
f 3420//1532 3407//1532 3406//1532
f 3422//1533 3423//1533 3424//1533
f 3424//1534 3411//1534 3422//1534
f 2804//1534 3422//1534 3411//1534
f 3411//1533 3424//1533 3410//1533
f 3425//1535 3414//1535 3413//1535
f 3413//1535 3426//1535 3425//1535
f 3427//1535 3425//1535 3426//1535
f 3426//1535 3428//1535 3427//1535
f 3426//1535 3413//1535 2777//1535
f 2777//1535 2778//1535 3426//1535
f 3428//1535 3426//1535 2778//1535
f 2778//1535 2781//1535 3428//1535
f 3416//1536 3418//1536 3429//1536
f 3429//1536 3430//1536 3416//1536
f 2788//1536 3416//1536 3430//1536
f 3430//1536 2789//1536 2788//1536
f 3430//1536 3429//1536 3431//1536
f 3431//1536 3432//1536 3430//1536
f 2789//1536 3430//1536 3432//1536
f 3432//1536 2790//1536 2789//1536
f 3419//1537 3421//1537 3433//1537
f 3433//1537 3434//1537 3419//1537
f 2797//1537 3419//1537 3434//1537
f 3434//1537 2798//1537 2797//1537
f 3434//1537 3433//1537 3435//1537
f 3435//1537 3436//1537 3434//1537
f 2798//1537 3434//1537 3436//1537
f 3436//1537 2799//1537 2798//1537
f 3437//1538 3423//1538 3422//1538
f 3422//1538 3438//1538 3437//1538
f 3439//1538 3437//1538 3438//1538
f 3438//1538 3440//1538 3439//1538
f 3438//1538 3422//1538 2804//1538
f 2804//1538 2805//1538 3438//1538
f 3440//1538 3438//1538 2805//1538
f 2805//1538 2808//1538 3440//1538
f 3441//1539 3427//1539 3428//1539
f 3428//1539 3442//1539 3441//1539
f 3443//1539 3441//1539 3442//1539
f 3442//1539 3444//1539 3443//1539
f 3442//1539 3428//1539 2781//1539
f 2781//1539 2809//1539 3442//1539
f 3444//1539 3442//1539 2809//1539
f 2809//1539 2811//1539 3444//1539
f 3432//1540 3431//1540 3445//1540
f 3445//1540 3446//1540 3432//1540
f 2790//1540 3432//1540 3446//1540
f 3446//1540 2812//1540 2790//1540
f 3446//1540 3445//1540 3447//1540
f 3447//1540 3448//1540 3446//1540
f 2812//1540 3446//1540 3448//1540
f 3448//1540 2813//1540 2812//1540
f 3436//1541 3435//1541 3449//1541
f 3449//1541 3450//1541 3436//1541
f 2799//1541 3436//1541 3450//1541
f 3450//1541 2815//1541 2799//1541
f 3450//1541 3449//1541 3451//1541
f 3451//1541 3452//1541 3450//1541
f 2815//1541 3450//1541 3452//1541
f 3452//1541 2816//1541 2815//1541
f 3453//1542 3439//1542 3440//1542
f 3440//1542 3454//1542 3453//1542
f 3455//1542 3453//1542 3454//1542
f 3454//1542 3456//1542 3455//1542
f 3454//1542 3440//1542 2808//1542
f 2808//1542 2818//1542 3454//1542
f 3456//1542 3454//1542 2818//1542
f 2818//1542 2820//1542 3456//1542
f 3457//1543 3443//1543 3444//1543
f 3444//1543 3458//1543 3457//1543
f 3459//1543 3457//1543 3458//1543
f 3458//1543 3460//1543 3459//1543
f 3458//1543 3444//1543 2811//1543
f 2811//1543 2823//1543 3458//1543
f 3460//1543 3458//1543 2823//1543
f 2823//1543 2826//1543 3460//1543
f 3448//1544 3447//1544 3461//1544
f 3461//1544 3462//1544 3448//1544
f 2813//1544 3448//1544 3462//1544
f 3462//1544 2831//1544 2813//1544
f 3462//1544 3461//1544 3463//1544
f 3463//1544 3464//1544 3462//1544
f 2831//1544 3462//1544 3464//1544
f 3464//1544 2832//1544 2831//1544
f 3452//1545 3451//1545 3465//1545
f 3465//1545 3466//1545 3452//1545
f 2816//1545 3452//1545 3466//1545
f 3466//1545 2837//1545 2816//1545
f 3466//1545 3465//1545 3467//1545
f 3467//1545 3468//1545 3466//1545
f 2837//1545 3466//1545 3468//1545
f 3468//1545 2838//1545 2837//1545
f 3469//1546 3455//1546 3456//1546
f 3456//1546 3470//1546 3469//1546
f 3471//1546 3469//1546 3470//1546
f 3470//1546 3472//1546 3471//1546
f 3470//1546 3456//1546 2820//1546
f 2820//1546 2841//1546 3470//1546
f 3472//1546 3470//1546 2841//1546
f 2841//1546 2844//1546 3472//1546
f 3473//1547 3459//1547 3460//1547
f 3460//1547 3474//1547 3473//1547
f 3475//1547 3473//1547 3474//1547
f 3474//1547 3476//1547 3475//1547
f 3474//1547 3460//1547 2826//1547
f 2826//1547 2845//1547 3474//1547
f 3476//1548 3474//1548 2845//1548
f 2845//1547 2847//1547 3476//1547
f 3464//1549 3463//1549 3477//1549
f 3477//1549 3478//1549 3464//1549
f 2832//1549 3464//1549 3478//1549
f 3478//1549 2848//1549 2832//1549
f 3478//1549 3477//1549 3479//1549
f 3479//1549 3480//1549 3478//1549
f 2848//1550 3478//1550 3480//1550
f 3480//1549 2849//1549 2848//1549
f 3468//1551 3467//1551 3481//1551
f 3481//1551 3482//1551 3468//1551
f 2838//1551 3468//1551 3482//1551
f 3482//1551 2851//1551 2838//1551
f 3482//1551 3481//1551 3483//1551
f 3483//1551 3484//1551 3482//1551
f 2851//1552 3482//1552 3484//1552
f 3484//1551 2852//1551 2851//1551
f 3485//1553 3471//1553 3472//1553
f 3472//1553 3486//1553 3485//1553
f 3487//1553 3485//1553 3486//1553
f 3486//1553 3488//1553 3487//1553
f 3486//1553 3472//1553 2844//1553
f 2844//1553 2854//1553 3486//1553
f 3488//1554 3486//1554 2854//1554
f 2854//1553 2856//1553 3488//1553
f 3489//1555 3475//1555 3476//1555
f 3476//1555 3490//1555 3489//1555
f 3491//1555 3489//1555 3490//1555
f 3490//1555 3492//1555 3491//1555
f 3490//1555 3476//1555 2847//1555
f 2847//1555 2859//1555 3490//1555
f 3492//1555 3490//1555 2859//1555
f 2859//1555 2862//1555 3492//1555
f 3480//1556 3479//1556 3493//1556
f 3493//1556 3494//1556 3480//1556
f 2849//1556 3480//1556 3494//1556
f 3494//1556 2867//1556 2849//1556
f 3494//1556 3493//1556 3495//1556
f 3495//1556 3496//1556 3494//1556
f 2867//1556 3494//1556 3496//1556
f 3496//1556 2868//1556 2867//1556
f 3484//1557 3483//1557 3497//1557
f 3497//1557 3498//1557 3484//1557
f 2852//1557 3484//1557 3498//1557
f 3498//1557 2873//1557 2852//1557
f 3498//1557 3497//1557 3499//1557
f 3499//1557 3500//1557 3498//1557
f 2873//1557 3498//1557 3500//1557
f 3500//1557 2874//1557 2873//1557
f 3501//1558 3487//1558 3488//1558
f 3488//1558 3502//1558 3501//1558
f 3503//1558 3501//1558 3502//1558
f 3502//1558 3504//1558 3503//1558
f 3502//1558 3488//1558 2856//1558
f 2856//1558 2877//1558 3502//1558
f 3504//1558 3502//1558 2877//1558
f 2877//1558 2880//1558 3504//1558
f 3505//1559 3491//1559 3492//1559
f 3492//1559 3506//1559 3505//1559
f 3507//1560 3505//1560 3506//1560
f 3506//1559 3508//1559 3507//1559
f 3506//1560 3492//1560 2862//1560
f 2862//1559 2881//1559 3506//1559
f 3508//1559 3506//1559 2881//1559
f 2881//1559 2883//1559 3508//1559
f 3496//1561 3495//1561 3509//1561
f 3509//1561 3510//1561 3496//1561
f 2868//1562 3496//1562 3510//1562
f 3510//1561 2884//1561 2868//1561
f 3510//1562 3509//1562 3511//1562
f 3511//1561 3512//1561 3510//1561
f 2884//1561 3510//1561 3512//1561
f 3512//1561 2885//1561 2884//1561
f 3500//1563 3499//1563 3513//1563
f 3513//1563 3514//1563 3500//1563
f 2874//1564 3500//1564 3514//1564
f 3514//1563 2887//1563 2874//1563
f 3514//1564 3513//1564 3515//1564
f 3515//1563 3516//1563 3514//1563
f 2887//1563 3514//1563 3516//1563
f 3516//1563 2888//1563 2887//1563
f 3517//1565 3503//1565 3504//1565
f 3504//1565 3518//1565 3517//1565
f 3519//1566 3517//1566 3518//1566
f 3518//1565 3520//1565 3519//1565
f 3518//1566 3504//1566 2880//1566
f 2880//1565 2890//1565 3518//1565
f 3520//1565 3518//1565 2890//1565
f 2890//1565 2892//1565 3520//1565
f 3521//1567 3507//1567 3508//1567
f 3508//1567 3522//1567 3521//1567
f 3523//1567 3521//1567 3522//1567
f 3522//1567 3524//1567 3523//1567
f 3522//1567 3508//1567 2883//1567
f 2883//1567 2893//1567 3522//1567
f 3524//1567 3522//1567 2893//1567
f 2893//1567 2895//1567 3524//1567
f 3512//1568 3511//1568 3525//1568
f 3525//1568 3526//1568 3512//1568
f 2885//1568 3512//1568 3526//1568
f 3526//1568 2896//1568 2885//1568
f 3526//1568 3525//1568 3527//1568
f 3527//1568 3528//1568 3526//1568
f 2896//1568 3526//1568 3528//1568
f 3528//1568 2897//1568 2896//1568
f 3516//1569 3515//1569 3529//1569
f 3529//1569 3530//1569 3516//1569
f 2888//1569 3516//1569 3530//1569
f 3530//1569 2899//1569 2888//1569
f 3530//1569 3529//1569 3531//1569
f 3531//1569 3532//1569 3530//1569
f 2899//1569 3530//1569 3532//1569
f 3532//1569 2900//1569 2899//1569
f 3533//1570 3519//1570 3520//1570
f 3520//1570 3534//1570 3533//1570
f 3535//1570 3533//1570 3534//1570
f 3534//1570 3536//1570 3535//1570
f 3534//1570 3520//1570 2892//1570
f 2892//1570 2902//1570 3534//1570
f 3536//1570 3534//1570 2902//1570
f 2902//1570 2904//1570 3536//1570
f 3537//1571 3523//1571 3524//1571
f 3524//1571 3538//1571 3537//1571
f 3539//1571 3537//1571 3538//1571
f 3538//1571 3540//1571 3539//1571
f 3538//1571 3524//1571 2895//1571
f 2895//1571 2907//1571 3538//1571
f 3540//1571 3538//1571 2907//1571
f 2907//1571 2910//1571 3540//1571
f 3528//1572 3527//1572 3541//1572
f 3541//1572 3542//1572 3528//1572
f 2897//1572 3528//1572 3542//1572
f 3542//1572 2915//1572 2897//1572
f 3542//1572 3541//1572 3543//1572
f 3543//1572 3544//1572 3542//1572
f 2915//1572 3542//1572 3544//1572
f 3544//1572 2916//1572 2915//1572
f 3532//1573 3531//1573 3545//1573
f 3545//1573 3546//1573 3532//1573
f 2900//1573 3532//1573 3546//1573
f 3546//1573 2921//1573 2900//1573
f 3546//1573 3545//1573 3547//1573
f 3547//1573 3548//1573 3546//1573
f 2921//1573 3546//1573 3548//1573
f 3548//1573 2922//1573 2921//1573
f 3549//1574 3535//1574 3536//1574
f 3536//1574 3550//1574 3549//1574
f 3551//1574 3549//1574 3550//1574
f 3550//1574 3552//1574 3551//1574
f 3550//1574 3536//1574 2904//1574
f 2904//1574 2925//1574 3550//1574
f 3552//1574 3550//1574 2925//1574
f 2925//1574 2928//1574 3552//1574
f 3553//1575 3539//1575 3540//1575
f 3540//1575 3554//1575 3553//1575
f 3555//1575 3553//1575 3554//1575
f 3554//1575 3556//1575 3555//1575
f 3554//1575 3540//1575 2910//1575
f 2910//1575 2931//1575 3554//1575
f 3556//1575 3554//1575 2931//1575
f 2931//1575 2934//1575 3556//1575
f 3544//1576 3543//1576 3557//1576
f 3557//1576 3558//1576 3544//1576
f 2916//1576 3544//1576 3558//1576
f 3558//1576 2939//1576 2916//1576
f 3558//1576 3557//1576 3559//1576
f 3559//1576 3560//1576 3558//1576
f 2939//1576 3558//1576 3560//1576
f 3560//1576 2940//1576 2939//1576
f 3548//1577 3547//1577 3561//1577
f 3561//1577 3562//1577 3548//1577
f 2922//1577 3548//1577 3562//1577
f 3562//1577 2945//1577 2922//1577
f 3562//1577 3561//1577 3563//1577
f 3563//1577 3564//1577 3562//1577
f 2945//1577 3562//1577 3564//1577
f 3564//1577 2946//1577 2945//1577
f 3565//1578 3551//1578 3552//1578
f 3552//1578 3566//1578 3565//1578
f 3567//1578 3565//1578 3566//1578
f 3566//1578 3568//1578 3567//1578
f 3566//1578 3552//1578 2928//1578
f 2928//1578 2949//1578 3566//1578
f 3568//1578 3566//1578 2949//1578
f 2949//1578 2952//1578 3568//1578
f 3569//1579 3555//1579 3556//1579
f 3556//1580 3570//1580 3569//1580
f 3571//1579 3569//1579 3570//1579
f 3570//1580 3572//1580 3571//1580
f 3570//1580 3556//1580 2934//1580
f 2934//1580 2955//1580 3570//1580
f 3572//1580 3570//1580 2955//1580
f 2955//1580 2958//1580 3572//1580
f 3560//1581 3559//1581 3573//1581
f 3573//1581 3574//1581 3560//1581
f 2940//1582 3560//1582 3574//1582
f 3574//1582 2963//1582 2940//1582
f 3574//1581 3573//1581 3575//1581
f 3575//1582 3576//1582 3574//1582
f 2963//1582 3574//1582 3576//1582
f 3576//1582 2964//1582 2963//1582
f 3564//1583 3563//1583 3577//1583
f 3577//1583 3578//1583 3564//1583
f 2946//1584 3564//1584 3578//1584
f 3578//1584 2969//1584 2946//1584
f 3578//1583 3577//1583 3579//1583
f 3579//1584 3580//1584 3578//1584
f 2969//1584 3578//1584 3580//1584
f 3580//1584 2970//1584 2969//1584
f 3581//1585 3567//1585 3568//1585
f 3568//1586 3582//1586 3581//1586
f 3583//1585 3581//1585 3582//1585
f 3582//1586 3584//1586 3583//1586
f 3582//1586 3568//1586 2952//1586
f 2952//1586 2973//1586 3582//1586
f 3584//1586 3582//1586 2973//1586
f 2973//1586 2976//1586 3584//1586
f 3585//1587 3571//1587 3572//1587
f 3572//1587 3586//1587 3585//1587
f 3587//1587 3585//1587 3586//1587
f 3586//1587 3588//1587 3587//1587
f 3586//1587 3572//1587 2958//1587
f 2958//1588 2979//1588 3586//1588
f 3588//1588 3586//1588 2979//1588
f 2979//1588 2981//1588 3588//1588
f 3576//1589 3575//1589 3589//1589
f 3589//1589 3590//1589 3576//1589
f 2964//1589 3576//1589 3590//1589
f 3590//1590 2985//1590 2964//1590
f 3590//1589 3589//1589 3591//1589
f 3591//1589 3592//1589 3590//1589
f 2985//1590 3590//1590 3592//1590
f 3592//1590 2986//1590 2985//1590
f 3580//1591 3579//1591 3593//1591
f 3593//1591 3594//1591 3580//1591
f 2970//1591 3580//1591 3594//1591
f 3594//1592 2990//1592 2970//1592
f 3594//1591 3593//1591 3595//1591
f 3595//1591 3596//1591 3594//1591
f 2990//1592 3594//1592 3596//1592
f 3596//1592 2991//1592 2990//1592
f 3597//1593 3583//1593 3584//1593
f 3584//1593 3598//1593 3597//1593
f 3599//1593 3597//1593 3598//1593
f 3598//1593 3600//1593 3599//1593
f 3598//1593 3584//1593 2976//1593
f 2976//1594 2994//1594 3598//1594
f 3600//1594 3598//1594 2994//1594
f 2994//1594 2996//1594 3600//1594
f 3601//1595 3587//1595 3588//1595
f 3588//1595 3602//1595 3601//1595
f 3603//1595 3601//1595 3602//1595
f 3602//1595 3604//1595 3603//1595
f 3602//1595 3588//1595 2981//1595
f 2981//1595 2997//1595 3602//1595
f 3604//1595 3602//1595 2997//1595
f 2997//1595 2999//1595 3604//1595
f 3592//1596 3591//1596 3605//1596
f 3605//1596 3606//1596 3592//1596
f 2986//1596 3592//1596 3606//1596
f 3606//1596 3001//1596 2986//1596
f 3606//1596 3605//1596 3607//1596
f 3607//1596 3608//1596 3606//1596
f 3001//1596 3606//1596 3608//1596
f 3608//1596 3003//1596 3001//1596
f 3596//1597 3595//1597 3609//1597
f 3609//1597 3610//1597 3596//1597
f 2991//1597 3596//1597 3610//1597
f 3610//1597 3005//1597 2991//1597
f 3610//1597 3609//1597 3611//1597
f 3611//1597 3612//1597 3610//1597
f 3005//1597 3610//1597 3612//1597
f 3612//1597 3007//1597 3005//1597
f 3613//1598 3599//1598 3600//1598
f 3600//1598 3614//1598 3613//1598
f 3615//1598 3613//1598 3614//1598
f 3614//1598 3616//1598 3615//1598
f 3614//1598 3600//1598 2996//1598
f 2996//1598 3009//1598 3614//1598
f 3616//1598 3614//1598 3009//1598
f 3009//1598 3011//1598 3616//1598
f 3617//1599 3603//1599 3604//1599
f 3604//1600 3618//1600 3617//1600
f 3619//1601 3617//1601 3618//1601
f 3618//1602 3620//1602 3619//1602
f 3618//1603 3604//1603 2999//1603
f 2999//1604 3013//1604 3618//1604
f 3620//1600 3618//1600 3013//1600
f 3013//1605 3015//1605 3620//1605
f 3608//1606 3607//1606 3621//1606
f 3621//1607 3622//1607 3608//1607
f 3003//1608 3608//1608 3622//1608
f 3622//1609 3017//1609 3003//1609
f 3622//1610 3621//1610 3623//1610
f 3623//1611 3624//1611 3622//1611
f 3017//1607 3622//1607 3624//1607
f 3624//1612 3019//1612 3017//1612
f 3612//1613 3611//1613 3625//1613
f 3625//1614 3626//1614 3612//1614
f 3007//1615 3612//1615 3626//1615
f 3626//1616 3021//1616 3007//1616
f 3626//1617 3625//1617 3619//1617
f 3619//1618 3627//1618 3626//1618
f 3021//1614 3626//1614 3627//1614
f 3627//1619 3023//1619 3021//1619
f 3628//1620 3615//1620 3616//1620
f 3616//1621 3629//1621 3628//1621
f 3623//1622 3628//1622 3629//1622
f 3629//1623 3630//1623 3623//1623
f 3629//1624 3616//1624 3011//1624
f 3011//1625 3025//1625 3629//1625
f 3630//1621 3629//1621 3025//1621
f 3025//1626 3027//1626 3630//1626
f 3631//1627 3619//1627 3620//1627
f 3620//1627 3029//1627 3631//1627
f 3031//1627 3631//1627 3029//1627
f 3029//1628 3620//1628 3015//1628
f 3632//1629 3037//1629 3034//1629
f 3034//1630 3624//1630 3632//1630
f 3623//1629 3632//1629 3624//1629
f 3624//1629 3034//1629 3019//1629
f 3631//1631 3031//1631 3039//1631
f 3039//1632 3627//1632 3631//1632
f 3619//1631 3631//1631 3627//1631
f 3627//1631 3039//1631 3023//1631
f 3632//1633 3623//1633 3630//1633
f 3630//1633 3043//1633 3632//1633
f 3037//1633 3632//1633 3043//1633
f 3043//1634 3630//1634 3027//1634
f 3633//1635 3634//1635 3635//1635
f 3635//1635 3057//1635 3633//1635
f 3059//1635 3633//1635 3057//1635
f 3057//1635 3635//1635 3050//1635
f 3636//1636 3063//1636 3061//1636
f 3061//1636 3637//1636 3636//1636
f 3638//1636 3636//1636 3637//1636
f 3637//1636 3061//1636 3054//1636
f 3639//1637 3067//1637 3065//1637
f 3065//1637 3635//1637 3639//1637
f 3634//1637 3639//1637 3635//1637
f 3635//1637 3065//1637 3050//1637
f 3640//1638 3638//1638 3637//1638
f 3637//1638 3069//1638 3640//1638
f 3071//1638 3640//1638 3069//1638
f 3069//1638 3637//1638 3054//1638
f 3641//1639 3634//1639 3633//1639
f 3633//1640 3073//1640 3641//1640
f 3075//1640 3641//1640 3073//1640
f 3073//1640 3633//1640 3059//1640
f 3642//1641 3079//1641 3077//1641
f 3077//1641 3636//1641 3642//1641
f 3638//1641 3642//1641 3636//1641
f 3636//1641 3077//1641 3063//1641
f 3643//1642 3083//1642 3081//1642
f 3081//1642 3639//1642 3643//1642
f 3634//1642 3643//1642 3639//1642
f 3639//1642 3081//1642 3067//1642
f 3644//1643 3638//1643 3640//1643
f 3640//1644 3085//1644 3644//1644
f 3087//1644 3644//1644 3085//1644
f 3085//1644 3640//1644 3071//1644
f 3645//1645 3634//1645 3641//1645
f 3641//1645 3089//1645 3645//1645
f 3091//1645 3645//1645 3089//1645
f 3089//1645 3641//1645 3075//1645
f 3646//1646 3095//1646 3093//1646
f 3093//1646 3642//1646 3646//1646
f 3638//1646 3646//1646 3642//1646
f 3642//1646 3093//1646 3079//1646
f 3647//1647 3099//1647 3097//1647
f 3097//1647 3643//1647 3647//1647
f 3634//1647 3647//1647 3643//1647
f 3643//1647 3097//1647 3083//1647
f 3648//1648 3638//1648 3644//1648
f 3644//1648 3101//1648 3648//1648
f 3103//1648 3648//1648 3101//1648
f 3101//1648 3644//1648 3087//1648
f 3649//1649 3634//1649 3645//1649
f 3645//1649 3105//1649 3649//1649
f 3107//1649 3649//1649 3105//1649
f 3105//1649 3645//1649 3091//1649
f 3650//1650 3111//1650 3109//1650
f 3109//1651 3646//1651 3650//1651
f 3638//1650 3650//1650 3646//1650
f 3646//1650 3109//1650 3095//1650
f 3651//1652 3115//1652 3113//1652
f 3113//1653 3647//1653 3651//1653
f 3634//1652 3651//1652 3647//1652
f 3647//1652 3113//1652 3099//1652
f 3652//1654 3638//1654 3648//1654
f 3648//1654 3117//1654 3652//1654
f 3119//1654 3652//1654 3117//1654
f 3117//1654 3648//1654 3103//1654
f 3653//1655 3634//1655 3649//1655
f 3649//1655 3121//1655 3653//1655
f 3123//1655 3653//1655 3121//1655
f 3121//1655 3649//1655 3107//1655
f 3654//1656 3127//1656 3125//1656
f 3125//1656 3650//1656 3654//1656
f 3638//1656 3654//1656 3650//1656
f 3650//1656 3125//1656 3111//1656
f 3655//1657 3131//1657 3129//1657
f 3129//1657 3651//1657 3655//1657
f 3634//1657 3655//1657 3651//1657
f 3651//1657 3129//1657 3115//1657
f 3656//1658 3638//1658 3652//1658
f 3652//1658 3133//1658 3656//1658
f 3135//1658 3656//1658 3133//1658
f 3133//1658 3652//1658 3119//1658
f 3657//1659 3634//1659 3653//1659
f 3653//1660 3137//1660 3657//1660
f 3139//1659 3657//1659 3137//1659
f 3137//1659 3653//1659 3123//1659
f 3658//1661 3143//1661 3141//1661
f 3141//1661 3654//1661 3658//1661
f 3638//1661 3658//1661 3654//1661
f 3654//1661 3141//1661 3127//1661
f 3659//1662 3147//1662 3145//1662
f 3145//1662 3655//1662 3659//1662
f 3634//1662 3659//1662 3655//1662
f 3655//1662 3145//1662 3131//1662
f 3660//1663 3638//1663 3656//1663
f 3656//1664 3149//1664 3660//1664
f 3151//1663 3660//1663 3149//1663
f 3149//1663 3656//1663 3135//1663
f 3661//1665 3634//1665 3657//1665
f 3657//1665 3153//1665 3661//1665
f 3155//1666 3661//1666 3153//1666
f 3153//1666 3657//1666 3139//1666
f 3662//1667 3159//1667 3157//1667
f 3157//1668 3658//1668 3662//1668
f 3638//1668 3662//1668 3658//1668
f 3658//1668 3157//1668 3143//1668
f 3663//1669 3163//1669 3161//1669
f 3161//1670 3659//1670 3663//1670
f 3634//1670 3663//1670 3659//1670
f 3659//1670 3161//1670 3147//1670
f 3664//1671 3638//1671 3660//1671
f 3660//1671 3165//1671 3664//1671
f 3167//1672 3664//1672 3165//1672
f 3165//1672 3660//1672 3151//1672
f 3665//1673 3634//1673 3661//1673
f 3661//1673 3169//1673 3665//1673
f 3171//1673 3665//1673 3169//1673
f 3169//1673 3661//1673 3155//1673
f 3666//1674 3175//1674 3173//1674
f 3173//1675 3662//1675 3666//1675
f 3638//1675 3666//1675 3662//1675
f 3662//1675 3173//1675 3159//1675
f 3667//1676 3179//1676 3177//1676
f 3177//1677 3663//1677 3667//1677
f 3634//1677 3667//1677 3663//1677
f 3663//1677 3177//1677 3163//1677
f 3668//1678 3638//1678 3664//1678
f 3664//1678 3181//1678 3668//1678
f 3183//1678 3668//1678 3181//1678
f 3181//1678 3664//1678 3167//1678
f 3669//1679 3634//1679 3665//1679
f 3665//1680 3185//1680 3669//1680
f 3187//1679 3669//1679 3185//1679
f 3185//1679 3665//1679 3171//1679
f 3670//1681 3191//1681 3189//1681
f 3189//1682 3666//1682 3670//1682
f 3638//1681 3670//1681 3666//1681
f 3666//1681 3189//1681 3175//1681
f 3671//1683 3195//1683 3193//1683
f 3193//1684 3667//1684 3671//1684
f 3634//1683 3671//1683 3667//1683
f 3667//1683 3193//1683 3179//1683
f 3672//1685 3638//1685 3668//1685
f 3668//1686 3197//1686 3672//1686
f 3199//1685 3672//1685 3197//1685
f 3197//1685 3668//1685 3183//1685
f 3673//1687 3634//1687 3669//1687
f 3669//1687 3201//1687 3673//1687
f 3203//1688 3673//1688 3201//1688
f 3201//1688 3669//1688 3187//1688
f 3674//1689 3207//1689 3205//1689
f 3205//1690 3670//1690 3674//1690
f 3638//1690 3674//1690 3670//1690
f 3670//1689 3205//1689 3191//1689
f 3675//1691 3211//1691 3209//1691
f 3209//1692 3671//1692 3675//1692
f 3634//1692 3675//1692 3671//1692
f 3671//1691 3209//1691 3195//1691
f 3676//1693 3638//1693 3672//1693
f 3672//1693 3213//1693 3676//1693
f 3215//1694 3676//1694 3213//1694
f 3213//1694 3672//1694 3199//1694
f 3677//1695 3634//1695 3673//1695
f 3673//1695 3217//1695 3677//1695
f 3219//1696 3677//1696 3217//1696
f 3217//1696 3673//1696 3203//1696
f 3678//1697 3223//1697 3221//1697
f 3221//1697 3674//1697 3678//1697
f 3638//1697 3678//1697 3674//1697
f 3674//1697 3221//1697 3207//1697
f 3679//1698 3227//1698 3225//1698
f 3225//1698 3675//1698 3679//1698
f 3634//1698 3679//1698 3675//1698
f 3675//1698 3225//1698 3211//1698
f 3680//1699 3638//1699 3676//1699
f 3676//1699 3229//1699 3680//1699
f 3231//1700 3680//1700 3229//1700
f 3229//1700 3676//1700 3215//1700
f 3681//1701 3634//1701 3677//1701
f 3677//1701 3233//1701 3681//1701
f 3235//1701 3681//1701 3233//1701
f 3233//1701 3677//1701 3219//1701
f 3682//1702 3239//1702 3237//1702
f 3237//1702 3678//1702 3682//1702
f 3638//1702 3682//1702 3678//1702
f 3678//1702 3237//1702 3223//1702
f 3683//1703 3243//1703 3241//1703
f 3241//1703 3679//1703 3683//1703
f 3634//1703 3683//1703 3679//1703
f 3679//1703 3241//1703 3227//1703
f 3684//1704 3638//1704 3680//1704
f 3680//1704 3245//1704 3684//1704
f 3247//1704 3684//1704 3245//1704
f 3245//1704 3680//1704 3231//1704
f 3685//1705 3634//1705 3681//1705
f 3681//1705 3249//1705 3685//1705
f 3251//1705 3685//1705 3249//1705
f 3249//1705 3681//1705 3235//1705
f 3686//1706 3255//1706 3253//1706
f 3253//1706 3682//1706 3686//1706
f 3638//1706 3686//1706 3682//1706
f 3682//1706 3253//1706 3239//1706
f 3687//1707 3259//1707 3257//1707
f 3257//1707 3683//1707 3687//1707
f 3634//1707 3687//1707 3683//1707
f 3683//1707 3257//1707 3243//1707
f 3688//1708 3638//1708 3684//1708
f 3684//1708 3261//1708 3688//1708
f 3263//1708 3688//1708 3261//1708
f 3261//1708 3684//1708 3247//1708
f 3689//1709 3634//1709 3685//1709
f 3685//1709 3265//1709 3689//1709
f 3267//1709 3689//1709 3265//1709
f 3265//1709 3685//1709 3251//1709
f 3690//1710 3271//1710 3269//1710
f 3269//1710 3686//1710 3690//1710
f 3638//1710 3690//1710 3686//1710
f 3686//1710 3269//1710 3255//1710
f 3691//1711 3275//1711 3273//1711
f 3273//1711 3687//1711 3691//1711
f 3634//1711 3691//1711 3687//1711
f 3687//1711 3273//1711 3259//1711
f 3692//1712 3638//1712 3688//1712
f 3688//1712 3277//1712 3692//1712
f 3279//1712 3692//1712 3277//1712
f 3277//1712 3688//1712 3263//1712
f 3693//1713 3634//1713 3689//1713
f 3689//1713 3281//1713 3693//1713
f 3283//1713 3693//1713 3281//1713
f 3281//1713 3689//1713 3267//1713
f 3694//1714 3287//1714 3285//1714
f 3285//1714 3690//1714 3694//1714
f 3638//1714 3694//1714 3690//1714
f 3690//1714 3285//1714 3271//1714
f 3695//1715 3291//1715 3289//1715
f 3289//1715 3691//1715 3695//1715
f 3634//1715 3695//1715 3691//1715
f 3691//1715 3289//1715 3275//1715
f 3696//1716 3638//1716 3692//1716
f 3692//1716 3293//1716 3696//1716
f 3295//1716 3696//1716 3293//1716
f 3293//1716 3692//1716 3279//1716
f 3697//1717 3634//1717 3693//1717
f 3693//1717 3297//1717 3697//1717
f 3299//1717 3697//1717 3297//1717
f 3297//1717 3693//1717 3283//1717
f 3698//1718 3303//1718 3301//1718
f 3301//1718 3694//1718 3698//1718
f 3638//1718 3698//1718 3694//1718
f 3694//1718 3301//1718 3287//1718
f 3699//1719 3307//1719 3305//1719
f 3305//1719 3695//1719 3699//1719
f 3634//1719 3699//1719 3695//1719
f 3695//1719 3305//1719 3291//1719
f 3700//1720 3638//1720 3696//1720
f 3696//1720 3309//1720 3700//1720
f 3311//1720 3700//1720 3309//1720
f 3309//1720 3696//1720 3295//1720
f 3701//1721 3634//1721 3697//1721
f 3697//1721 3313//1721 3701//1721
f 3315//1721 3701//1721 3313//1721
f 3313//1721 3697//1721 3299//1721
f 3702//1722 3319//1722 3317//1722
f 3317//1722 3698//1722 3702//1722
f 3638//1722 3702//1722 3698//1722
f 3698//1722 3317//1722 3303//1722
f 3703//1723 3323//1723 3321//1723
f 3321//1723 3699//1723 3703//1723
f 3634//1723 3703//1723 3699//1723
f 3699//1723 3321//1723 3307//1723
f 3704//1724 3638//1724 3700//1724
f 3700//1724 3325//1724 3704//1724
f 3327//1724 3704//1724 3325//1724
f 3325//1724 3700//1724 3311//1724
f 3705//1725 3634//1725 3701//1725
f 3701//1725 3329//1725 3705//1725
f 3331//1725 3705//1725 3329//1725
f 3329//1725 3701//1725 3315//1725
f 3706//1726 3335//1726 3333//1726
f 3333//1726 3702//1726 3706//1726
f 3638//1726 3706//1726 3702//1726
f 3702//1726 3333//1726 3319//1726
f 3707//1727 3339//1727 3337//1727
f 3337//1727 3703//1727 3707//1727
f 3634//1727 3707//1727 3703//1727
f 3703//1727 3337//1727 3323//1727
f 3708//1728 3638//1728 3704//1728
f 3704//1728 3341//1728 3708//1728
f 3343//1728 3708//1728 3341//1728
f 3341//1728 3704//1728 3327//1728
f 3709//1729 3634//1729 3705//1729
f 3705//1729 3345//1729 3709//1729
f 3347//1729 3709//1729 3345//1729
f 3345//1729 3705//1729 3331//1729
f 3710//1730 3351//1730 3349//1730
f 3349//1730 3706//1730 3710//1730
f 3638//1730 3710//1730 3706//1730
f 3706//1730 3349//1730 3335//1730
f 3711//1731 3355//1731 3353//1731
f 3353//1731 3707//1731 3711//1731
f 3634//1731 3711//1731 3707//1731
f 3707//1731 3353//1731 3339//1731
f 3712//1732 3638//1732 3708//1732
f 3708//1732 3357//1732 3712//1732
f 3359//1732 3712//1732 3357//1732
f 3357//1732 3708//1732 3343//1732
f 3713//1733 3634//1733 3709//1733
f 3709//1733 3361//1733 3713//1733
f 3363//1733 3713//1733 3361//1733
f 3361//1733 3709//1733 3347//1733
f 3714//1734 3367//1734 3365//1734
f 3365//1734 3710//1734 3714//1734
f 3638//1734 3714//1734 3710//1734
f 3710//1734 3365//1734 3351//1734
f 3715//1735 3371//1735 3369//1735
f 3369//1735 3711//1735 3715//1735
f 3634//1735 3715//1735 3711//1735
f 3711//1735 3369//1735 3355//1735
f 3716//1736 3638//1736 3712//1736
f 3712//1736 3373//1736 3716//1736
f 3375//1736 3716//1736 3373//1736
f 3373//1736 3712//1736 3359//1736
f 3717//1737 3634//1737 3713//1737
f 3713//1737 3377//1737 3717//1737
f 3379//1737 3717//1737 3377//1737
f 3377//1737 3713//1737 3363//1737
f 3718//1738 3383//1738 3381//1738
f 3381//1738 3714//1738 3718//1738
f 3638//1738 3718//1738 3714//1738
f 3714//1738 3381//1738 3367//1738
f 3719//1739 3387//1739 3385//1739
f 3385//1739 3715//1739 3719//1739
f 3634//1739 3719//1739 3715//1739
f 3715//1739 3385//1739 3371//1739
f 3720//1740 3638//1740 3716//1740
f 3716//1740 3389//1740 3720//1740
f 3391//1740 3720//1740 3389//1740
f 3389//1740 3716//1740 3375//1740
f 3721//1741 3634//1741 3717//1741
f 3717//1741 3393//1741 3721//1741
f 3395//1741 3721//1741 3393//1741
f 3393//1741 3717//1741 3379//1741
f 3722//1742 3401//1742 3398//1742
f 3398//1742 3718//1742 3722//1742
f 3638//1742 3722//1742 3718//1742
f 3718//1742 3398//1742 3383//1742
f 3723//1743 3406//1743 3403//1743
f 3403//1743 3719//1743 3723//1743
f 3634//1743 3723//1743 3719//1743
f 3719//1743 3403//1743 3387//1743
f 3724//1744 3638//1744 3720//1744
f 3720//1744 3408//1744 3724//1744
f 3410//1744 3724//1744 3408//1744
f 3408//1744 3720//1744 3391//1744
f 3725//1745 3634//1745 3721//1745
f 3721//1746 3415//1746 3725//1746
f 3414//1746 3725//1746 3415//1746
f 3415//1745 3721//1745 3395//1745
f 3726//1747 3418//1747 3417//1747
f 3417//1747 3722//1747 3726//1747
f 3638//1748 3726//1748 3722//1748
f 3722//1748 3417//1748 3401//1748
f 3727//1749 3421//1749 3420//1749
f 3420//1749 3723//1749 3727//1749
f 3634//1750 3727//1750 3723//1750
f 3723//1750 3420//1750 3406//1750
f 3728//1751 3638//1751 3724//1751
f 3724//1752 3424//1752 3728//1752
f 3423//1752 3728//1752 3424//1752
f 3424//1751 3724//1751 3410//1751
f 3729//1753 3634//1753 3725//1753
f 3725//1753 3425//1753 3729//1753
f 3427//1753 3729//1753 3425//1753
f 3425//1753 3725//1753 3414//1753
f 3730//1754 3431//1754 3429//1754
f 3429//1754 3726//1754 3730//1754
f 3638//1754 3730//1754 3726//1754
f 3726//1754 3429//1754 3418//1754
f 3731//1755 3435//1755 3433//1755
f 3433//1755 3727//1755 3731//1755
f 3634//1755 3731//1755 3727//1755
f 3727//1755 3433//1755 3421//1755
f 3732//1756 3638//1756 3728//1756
f 3728//1756 3437//1756 3732//1756
f 3439//1756 3732//1756 3437//1756
f 3437//1756 3728//1756 3423//1756
f 3733//1757 3634//1757 3729//1757
f 3729//1757 3441//1757 3733//1757
f 3443//1757 3733//1757 3441//1757
f 3441//1757 3729//1757 3427//1757
f 3734//1758 3447//1758 3445//1758
f 3445//1758 3730//1758 3734//1758
f 3638//1758 3734//1758 3730//1758
f 3730//1758 3445//1758 3431//1758
f 3735//1759 3451//1759 3449//1759
f 3449//1759 3731//1759 3735//1759
f 3634//1759 3735//1759 3731//1759
f 3731//1759 3449//1759 3435//1759
f 3736//1760 3638//1760 3732//1760
f 3732//1760 3453//1760 3736//1760
f 3455//1760 3736//1760 3453//1760
f 3453//1760 3732//1760 3439//1760
f 3737//1761 3634//1761 3733//1761
f 3733//1761 3457//1761 3737//1761
f 3459//1761 3737//1761 3457//1761
f 3457//1761 3733//1761 3443//1761
f 3738//1762 3463//1762 3461//1762
f 3461//1763 3734//1763 3738//1763
f 3638//1762 3738//1762 3734//1762
f 3734//1762 3461//1762 3447//1762
f 3739//1764 3467//1764 3465//1764
f 3465//1765 3735//1765 3739//1765
f 3634//1764 3739//1764 3735//1764
f 3735//1764 3465//1764 3451//1764
f 3740//1766 3638//1766 3736//1766
f 3736//1766 3469//1766 3740//1766
f 3471//1766 3740//1766 3469//1766
f 3469//1766 3736//1766 3455//1766
f 3741//1767 3634//1767 3737//1767
f 3737//1767 3473//1767 3741//1767
f 3475//1767 3741//1767 3473//1767
f 3473//1768 3737//1768 3459//1768
f 3742//1769 3479//1769 3477//1769
f 3477//1770 3738//1770 3742//1770
f 3638//1769 3742//1769 3738//1769
f 3738//1770 3477//1770 3463//1770
f 3743//1771 3483//1771 3481//1771
f 3481//1772 3739//1772 3743//1772
f 3634//1771 3743//1771 3739//1771
f 3739//1772 3481//1772 3467//1772
f 3744//1773 3638//1773 3740//1773
f 3740//1773 3485//1773 3744//1773
f 3487//1773 3744//1773 3485//1773
f 3485//1774 3740//1774 3471//1774
f 3745//1775 3634//1775 3741//1775
f 3741//1775 3489//1775 3745//1775
f 3491//1775 3745//1775 3489//1775
f 3489//1776 3741//1776 3475//1776
f 3746//1777 3495//1777 3493//1777
f 3493//1778 3742//1778 3746//1778
f 3638//1777 3746//1777 3742//1777
f 3742//1777 3493//1777 3479//1777
f 3747//1779 3499//1779 3497//1779
f 3497//1780 3743//1780 3747//1780
f 3634//1779 3747//1779 3743//1779
f 3743//1779 3497//1779 3483//1779
f 3748//1781 3638//1781 3744//1781
f 3744//1781 3501//1781 3748//1781
f 3503//1781 3748//1781 3501//1781
f 3501//1782 3744//1782 3487//1782
f 3749//1783 3634//1783 3745//1783
f 3745//1784 3505//1784 3749//1784
f 3507//1783 3749//1783 3505//1783
f 3505//1783 3745//1783 3491//1783
f 3750//1785 3511//1785 3509//1785
f 3509//1786 3746//1786 3750//1786
f 3638//1785 3750//1785 3746//1785
f 3746//1786 3509//1786 3495//1786
f 3751//1787 3515//1787 3513//1787
f 3513//1788 3747//1788 3751//1788
f 3634//1787 3751//1787 3747//1787
f 3747//1788 3513//1788 3499//1788
f 3752//1789 3638//1789 3748//1789
f 3748//1790 3517//1790 3752//1790
f 3519//1789 3752//1789 3517//1789
f 3517//1789 3748//1789 3503//1789
f 3753//1791 3634//1791 3749//1791
f 3749//1792 3521//1792 3753//1792
f 3523//1792 3753//1792 3521//1792
f 3521//1792 3749//1792 3507//1792
f 3754//1793 3527//1793 3525//1793
f 3525//1793 3750//1793 3754//1793
f 3638//1794 3754//1794 3750//1794
f 3750//1793 3525//1793 3511//1793
f 3755//1795 3531//1795 3529//1795
f 3529//1795 3751//1795 3755//1795
f 3634//1796 3755//1796 3751//1796
f 3751//1795 3529//1795 3515//1795
f 3756//1797 3638//1797 3752//1797
f 3752//1798 3533//1798 3756//1798
f 3535//1798 3756//1798 3533//1798
f 3533//1798 3752//1798 3519//1798
f 3757//1799 3634//1799 3753//1799
f 3753//1800 3537//1800 3757//1800
f 3539//1799 3757//1799 3537//1799
f 3537//1799 3753//1799 3523//1799
f 3758//1801 3543//1801 3541//1801
f 3541//1801 3754//1801 3758//1801
f 3638//1801 3758//1801 3754//1801
f 3754//1801 3541//1801 3527//1801
f 3759//1802 3547//1802 3545//1802
f 3545//1802 3755//1802 3759//1802
f 3634//1802 3759//1802 3755//1802
f 3755//1802 3545//1802 3531//1802
f 3760//1803 3638//1803 3756//1803
f 3756//1804 3549//1804 3760//1804
f 3551//1803 3760//1803 3549//1803
f 3549//1803 3756//1803 3535//1803
f 3761//1805 3634//1805 3757//1805
f 3757//1805 3553//1805 3761//1805
f 3555//1805 3761//1805 3553//1805
f 3553//1805 3757//1805 3539//1805
f 3762//1806 3559//1806 3557//1806
f 3557//1806 3758//1806 3762//1806
f 3638//1806 3762//1806 3758//1806
f 3758//1806 3557//1806 3543//1806
f 3763//1807 3563//1807 3561//1807
f 3561//1807 3759//1807 3763//1807
f 3634//1807 3763//1807 3759//1807
f 3759//1807 3561//1807 3547//1807
f 3764//1808 3638//1808 3760//1808
f 3760//1808 3565//1808 3764//1808
f 3567//1808 3764//1808 3565//1808
f 3565//1808 3760//1808 3551//1808
f 3765//1809 3634//1809 3761//1809
f 3761//1809 3569//1809 3765//1809
f 3571//1809 3765//1809 3569//1809
f 3569//1809 3761//1809 3555//1809
f 3766//1810 3575//1810 3573//1810
f 3573//1810 3762//1810 3766//1810
f 3638//1811 3766//1811 3762//1811
f 3762//1810 3573//1810 3559//1810
f 3767//1812 3579//1812 3577//1812
f 3577//1812 3763//1812 3767//1812
f 3634//1813 3767//1813 3763//1813
f 3763//1812 3577//1812 3563//1812
f 3768//1814 3638//1814 3764//1814
f 3764//1814 3581//1814 3768//1814
f 3583//1814 3768//1814 3581//1814
f 3581//1814 3764//1814 3567//1814
f 3769//1815 3634//1815 3765//1815
f 3765//1815 3585//1815 3769//1815
f 3587//1815 3769//1815 3585//1815
f 3585//1815 3765//1815 3571//1815
f 3770//1816 3591//1816 3589//1816
f 3589//1816 3766//1816 3770//1816
f 3638//1816 3770//1816 3766//1816
f 3766//1816 3589//1816 3575//1816
f 3771//1817 3595//1817 3593//1817
f 3593//1817 3767//1817 3771//1817
f 3634//1817 3771//1817 3767//1817
f 3767//1817 3593//1817 3579//1817
f 3772//1818 3638//1818 3768//1818
f 3768//1818 3597//1818 3772//1818
f 3599//1818 3772//1818 3597//1818
f 3597//1818 3768//1818 3583//1818
f 3773//1819 3634//1819 3769//1819
f 3769//1819 3601//1819 3773//1819
f 3603//1820 3773//1820 3601//1820
f 3601//1820 3769//1820 3587//1820
f 3774//1821 3607//1821 3605//1821
f 3605//1822 3770//1822 3774//1822
f 3638//1822 3774//1822 3770//1822
f 3770//1821 3605//1821 3591//1821
f 3775//1823 3611//1823 3609//1823
f 3609//1824 3771//1824 3775//1824
f 3634//1824 3775//1824 3771//1824
f 3771//1823 3609//1823 3595//1823
f 3776//1825 3638//1825 3772//1825
f 3772//1825 3613//1825 3776//1825
f 3615//1826 3776//1826 3613//1826
f 3613//1826 3772//1826 3599//1826
f 3777//1827 3634//1827 3773//1827
f 3773//1827 3617//1827 3777//1827
f 3619//1828 3777//1828 3617//1828
f 3617//1828 3773//1828 3603//1828
f 3778//1829 3623//1829 3621//1829
f 3621//1830 3774//1830 3778//1830
f 3638//1830 3778//1830 3774//1830
f 3774//1829 3621//1829 3607//1829
f 3777//1831 3619//1831 3625//1831
f 3625//1832 3775//1832 3777//1832
f 3634//1832 3777//1832 3775//1832
f 3775//1831 3625//1831 3611//1831
f 3778//1833 3638//1833 3776//1833
f 3776//1833 3628//1833 3778//1833
f 3623//1834 3778//1834 3628//1834
f 3628//1834 3776//1834 3615//1834
f 3779//1835 3780//1835 3781//1835
f 3781//1836 3782//1836 3779//1836
f 3783//1837 3779//1837 3782//1837
f 3782//1838 3784//1838 3783//1838
f 3782//1839 3781//1839 3785//1839
f 3785//1840 3786//1840 3782//1840
f 3784//1836 3782//1836 3786//1836
f 3786//1841 3787//1841 3784//1841
f 3788//1842 3789//1842 3790//1842
f 3790//1843 3791//1843 3788//1843
f 3792//1844 3788//1844 3791//1844
f 3791//1845 3793//1845 3792//1845
f 3791//1846 3790//1846 3794//1846
f 3794//1847 3795//1847 3791//1847
f 3793//1843 3791//1843 3795//1843
f 3795//1848 3796//1848 3793//1848
f 3797//1849 3798//1849 3799//1849
f 3799//1850 3800//1850 3797//1850
f 3801//1851 3797//1851 3800//1851
f 3800//1852 3802//1852 3801//1852
f 3800//1853 3799//1853 3803//1853
f 3803//1854 3804//1854 3800//1854
f 3802//1850 3800//1850 3804//1850
f 3804//1855 3805//1855 3802//1855
f 3806//1856 3807//1856 3808//1856
f 3808//1857 3809//1857 3806//1857
f 3810//1858 3806//1858 3809//1858
f 3809//1859 3811//1859 3810//1859
f 3809//1860 3808//1860 3812//1860
f 3812//1861 3813//1861 3809//1861
f 3811//1857 3809//1857 3813//1857
f 3813//1862 3814//1862 3811//1862
f 3815//1863 3783//1863 3784//1863
f 3784//1864 3816//1864 3815//1864
f 3817//1865 3815//1865 3816//1865
f 3816//1866 3818//1866 3817//1866
f 3816//1867 3784//1867 3787//1867
f 3787//1868 3819//1868 3816//1868
f 3818//1864 3816//1864 3819//1864
f 3819//1869 3820//1869 3818//1869
f 3795//1870 3794//1870 3821//1870
f 3821//1871 3822//1871 3795//1871
f 3796//1872 3795//1872 3822//1872
f 3822//1873 3823//1873 3796//1873
f 3822//1874 3821//1874 3824//1874
f 3824//1875 3825//1875 3822//1875
f 3823//1871 3822//1871 3825//1871
f 3825//1876 3826//1876 3823//1876
f 3804//1877 3803//1877 3827//1877
f 3827//1878 3828//1878 3804//1878
f 3805//1879 3804//1879 3828//1879
f 3828//1880 3829//1880 3805//1880
f 3828//1881 3827//1881 3830//1881
f 3830//1882 3831//1882 3828//1882
f 3829//1878 3828//1878 3831//1878
f 3831//1883 3832//1883 3829//1883
f 3833//1884 3810//1884 3811//1884
f 3811//1885 3834//1885 3833//1885
f 3835//1886 3833//1886 3834//1886
f 3834//1887 3836//1887 3835//1887
f 3834//1888 3811//1888 3814//1888
f 3814//1889 3837//1889 3834//1889
f 3836//1885 3834//1885 3837//1885
f 3837//1890 3838//1890 3836//1890
f 3839//1891 3817//1891 3818//1891
f 3818//1892 3840//1892 3839//1892
f 3841//1893 3839//1893 3840//1893
f 3840//1894 3842//1894 3841//1894
f 3840//1895 3818//1895 3820//1895
f 3820//1896 3843//1896 3840//1896
f 3842//1892 3840//1892 3843//1892
f 3843//1897 3844//1897 3842//1897
f 3825//1898 3824//1898 3845//1898
f 3845//1899 3846//1899 3825//1899
f 3826//1900 3825//1900 3846//1900
f 3846//1901 3847//1901 3826//1901
f 3846//1902 3845//1902 3848//1902
f 3848//1903 3849//1903 3846//1903
f 3847//1899 3846//1899 3849//1899
f 3849//1904 3850//1904 3847//1904
f 3831//1905 3830//1905 3851//1905
f 3851//1906 3852//1906 3831//1906
f 3832//1907 3831//1907 3852//1907
f 3852//1908 3853//1908 3832//1908
f 3852//1909 3851//1909 3854//1909
f 3854//1910 3855//1910 3852//1910
f 3853//1906 3852//1906 3855//1906
f 3855//1911 3856//1911 3853//1911
f 3857//1912 3835//1912 3836//1912
f 3836//1913 3858//1913 3857//1913
f 3859//1914 3857//1914 3858//1914
f 3858//1915 3860//1915 3859//1915
f 3858//1916 3836//1916 3838//1916
f 3838//1917 3861//1917 3858//1917
f 3860//1913 3858//1913 3861//1913
f 3861//1918 3862//1918 3860//1918
f 3863//1919 3841//1919 3842//1919
f 3842//1920 3864//1920 3863//1920
f 3865//1921 3863//1921 3864//1921
f 3864//1922 3866//1922 3865//1922
f 3864//1923 3842//1923 3844//1923
f 3844//1924 3867//1924 3864//1924
f 3866//1920 3864//1920 3867//1920
f 3867//1925 3868//1925 3866//1925
f 3849//1926 3848//1926 3869//1926
f 3869//1927 3870//1927 3849//1927
f 3850//1928 3849//1928 3870//1928
f 3870//1929 3871//1929 3850//1929
f 3870//1930 3869//1930 3872//1930
f 3872//1931 3873//1931 3870//1931
f 3871//1927 3870//1927 3873//1927
f 3873//1932 3874//1932 3871//1932
f 3855//1933 3854//1933 3875//1933
f 3875//1934 3876//1934 3855//1934
f 3856//1935 3855//1935 3876//1935
f 3876//1936 3877//1936 3856//1936
f 3876//1937 3875//1937 3878//1937
f 3878//1938 3879//1938 3876//1938
f 3877//1934 3876//1934 3879//1934
f 3879//1939 3880//1939 3877//1939
f 3881//1940 3859//1940 3860//1940
f 3860//1941 3882//1941 3881//1941
f 3883//1942 3881//1942 3882//1942
f 3882//1943 3884//1943 3883//1943
f 3882//1944 3860//1944 3862//1944
f 3862//1945 3885//1945 3882//1945
f 3884//1941 3882//1941 3885//1941
f 3885//1946 3886//1946 3884//1946
f 3887//1947 3865//1947 3866//1947
f 3866//1948 3888//1948 3887//1948
f 3889//1949 3887//1949 3888//1949
f 3888//1950 3890//1950 3889//1950
f 3888//1951 3866//1951 3868//1951
f 3868//1952 3891//1952 3888//1952
f 3890//1948 3888//1948 3891//1948
f 3891//1953 3892//1953 3890//1953
f 3873//1954 3872//1954 3893//1954
f 3893//1955 3894//1955 3873//1955
f 3874//1956 3873//1956 3894//1956
f 3894//1957 3895//1957 3874//1957
f 3894//1958 3893//1958 3896//1958
f 3896//1959 3897//1959 3894//1959
f 3895//1955 3894//1955 3897//1955
f 3897//1960 3898//1960 3895//1960
f 3879//1961 3878//1961 3899//1961
f 3899//1962 3900//1962 3879//1962
f 3880//1963 3879//1963 3900//1963
f 3900//1964 3901//1964 3880//1964
f 3900//1965 3899//1965 3902//1965
f 3902//1966 3903//1966 3900//1966
f 3901//1962 3900//1962 3903//1962
f 3903//1967 3904//1967 3901//1967
f 3905//1968 3883//1968 3884//1968
f 3884//1969 3906//1969 3905//1969
f 3907//1970 3905//1970 3906//1970
f 3906//1971 3908//1971 3907//1971
f 3906//1972 3884//1972 3886//1972
f 3886//1973 3909//1973 3906//1973
f 3908//1969 3906//1969 3909//1969
f 3909//1974 3910//1974 3908//1974
f 3911//1975 3912//1975 3913//1975
f 3913//1976 3914//1976 3911//1976
f 3915//1977 3911//1977 3914//1977
f 3914//1978 3916//1978 3915//1978
f 3914//1979 3913//1979 3917//1979
f 3917//1980 3918//1980 3914//1980
f 3916//1976 3914//1976 3918//1976
f 3918//1981 3780//1981 3916//1981
f 3919//1982 3920//1982 3921//1982
f 3921//1983 3922//1983 3919//1983
f 3923//1984 3919//1984 3922//1984
f 3922//1985 3924//1985 3923//1985
f 3922//1986 3921//1986 3925//1986
f 3925//1987 3926//1987 3922//1987
f 3924//1983 3922//1983 3926//1983
f 3926//1988 3789//1988 3924//1988
f 3927//1989 3928//1989 3929//1989
f 3929//1990 3930//1990 3927//1990
f 3931//1991 3927//1991 3930//1991
f 3930//1992 3932//1992 3931//1992
f 3930//1993 3929//1993 3933//1993
f 3933//1994 3934//1994 3930//1994
f 3932//1990 3930//1990 3934//1990
f 3934//1995 3798//1995 3932//1995
f 3935//1996 3936//1996 3937//1996
f 3937//1997 3938//1997 3935//1997
f 3939//1998 3935//1998 3938//1998
f 3938//1999 3940//1999 3939//1999
f 3938//2000 3937//2000 3941//2000
f 3941//2001 3942//2001 3938//2001
f 3940//1997 3938//1997 3942//1997
f 3942//2002 3807//2002 3940//2002
f 3943//2003 3915//2003 3916//2003
f 3916//2004 3944//2004 3943//2004
f 3945//2005 3943//2005 3944//2005
f 3944//2006 3946//2006 3945//2006
f 3944//2007 3916//2007 3780//2007
f 3780//2008 3779//2008 3944//2008
f 3946//2004 3944//2004 3779//2004
f 3779//2009 3783//2009 3946//2009
f 3926//2010 3925//2010 3947//2010
f 3947//2011 3948//2011 3926//2011
f 3789//2012 3926//2012 3948//2012
f 3948//2013 3790//2013 3789//2013
f 3948//2014 3947//2014 3949//2014
f 3949//2015 3950//2015 3948//2015
f 3790//2011 3948//2011 3950//2011
f 3950//2016 3794//2016 3790//2016
f 3934//2017 3933//2017 3951//2017
f 3951//2018 3952//2018 3934//2018
f 3798//2019 3934//2019 3952//2019
f 3952//2020 3799//2020 3798//2020
f 3952//2021 3951//2021 3953//2021
f 3953//2022 3954//2022 3952//2022
f 3799//2018 3952//2018 3954//2018
f 3954//2023 3803//2023 3799//2023
f 3955//2024 3939//2024 3940//2024
f 3940//2025 3956//2025 3955//2025
f 3957//2026 3955//2026 3956//2026
f 3956//2027 3958//2027 3957//2027
f 3956//2028 3940//2028 3807//2028
f 3807//2029 3806//2029 3956//2029
f 3958//2025 3956//2025 3806//2025
f 3806//2030 3810//2030 3958//2030
f 3959//2031 3945//2031 3946//2031
f 3946//2032 3960//2032 3959//2032
f 3961//2033 3959//2033 3960//2033
f 3960//2034 3962//2034 3961//2034
f 3960//2035 3946//2035 3783//2035
f 3783//2036 3815//2036 3960//2036
f 3962//2032 3960//2032 3815//2032
f 3815//2037 3817//2037 3962//2037
f 3950//2038 3949//2038 3963//2038
f 3963//2039 3964//2039 3950//2039
f 3794//2040 3950//2040 3964//2040
f 3964//2041 3821//2041 3794//2041
f 3964//2042 3963//2042 3965//2042
f 3965//2043 3966//2043 3964//2043
f 3821//2039 3964//2039 3966//2039
f 3966//2044 3824//2044 3821//2044
f 3954//2045 3953//2045 3967//2045
f 3967//2046 3968//2046 3954//2046
f 3803//2047 3954//2047 3968//2047
f 3968//2048 3827//2048 3803//2048
f 3968//2049 3967//2049 3969//2049
f 3969//2050 3970//2050 3968//2050
f 3827//2046 3968//2046 3970//2046
f 3970//2051 3830//2051 3827//2051
f 3971//2052 3957//2052 3958//2052
f 3958//2053 3972//2053 3971//2053
f 3973//2054 3971//2054 3972//2054
f 3972//2055 3974//2055 3973//2055
f 3972//2056 3958//2056 3810//2056
f 3810//2057 3833//2057 3972//2057
f 3974//2053 3972//2053 3833//2053
f 3833//2058 3835//2058 3974//2058
f 3975//2059 3961//2059 3962//2059
f 3962//2060 3976//2060 3975//2060
f 3977//2061 3975//2061 3976//2061
f 3976//2062 3978//2062 3977//2062
f 3976//2063 3962//2063 3817//2063
f 3817//2064 3839//2064 3976//2064
f 3978//2060 3976//2060 3839//2060
f 3839//2065 3841//2065 3978//2065
f 3966//2066 3965//2066 3979//2066
f 3979//2067 3980//2067 3966//2067
f 3824//2068 3966//2068 3980//2068
f 3980//2069 3845//2069 3824//2069
f 3980//2070 3979//2070 3981//2070
f 3981//2071 3982//2071 3980//2071
f 3845//2067 3980//2067 3982//2067
f 3982//2072 3848//2072 3845//2072
f 3970//2073 3969//2073 3983//2073
f 3983//2074 3984//2074 3970//2074
f 3830//2075 3970//2075 3984//2075
f 3984//2076 3851//2076 3830//2076
f 3984//2077 3983//2077 3985//2077
f 3985//2078 3986//2078 3984//2078
f 3851//2074 3984//2074 3986//2074
f 3986//2079 3854//2079 3851//2079
f 3987//2080 3973//2080 3974//2080
f 3974//2081 3988//2081 3987//2081
f 3989//2082 3987//2082 3988//2082
f 3988//2083 3990//2083 3989//2083
f 3988//2084 3974//2084 3835//2084
f 3835//2085 3857//2085 3988//2085
f 3990//2081 3988//2081 3857//2081
f 3857//2086 3859//2086 3990//2086
f 3991//2087 3977//2087 3978//2087
f 3978//2088 3992//2088 3991//2088
f 3993//2089 3991//2089 3992//2089
f 3992//2090 3994//2090 3993//2090
f 3992//2091 3978//2091 3841//2091
f 3841//2092 3863//2092 3992//2092
f 3994//2088 3992//2088 3863//2088
f 3863//2093 3865//2093 3994//2093
f 3982//2094 3981//2094 3995//2094
f 3995//2095 3996//2095 3982//2095
f 3848//2096 3982//2096 3996//2096
f 3996//2097 3869//2097 3848//2097
f 3996//2098 3995//2098 3997//2098
f 3997//2099 3998//2099 3996//2099
f 3869//2095 3996//2095 3998//2095
f 3998//2100 3872//2100 3869//2100
f 3986//2101 3985//2101 3999//2101
f 3999//2102 4000//2102 3986//2102
f 3854//2103 3986//2103 4000//2103
f 4000//2104 3875//2104 3854//2104
f 4000//2105 3999//2105 4001//2105
f 4001//2106 4002//2106 4000//2106
f 3875//2102 4000//2102 4002//2102
f 4002//2107 3878//2107 3875//2107
f 4003//2108 3989//2108 3990//2108
f 3990//2109 4004//2109 4003//2109
f 4005//2110 4003//2110 4004//2110
f 4004//2111 4006//2111 4005//2111
f 4004//2112 3990//2112 3859//2112
f 3859//2113 3881//2113 4004//2113
f 4006//2109 4004//2109 3881//2109
f 3881//2114 3883//2114 4006//2114
f 4007//2115 3993//2115 3994//2115
f 3994//2116 4008//2116 4007//2116
f 4009//2117 4007//2117 4008//2117
f 4008//2118 4010//2118 4009//2118
f 4008//2119 3994//2119 3865//2119
f 3865//2120 3887//2120 4008//2120
f 4010//2121 4008//2121 3887//2121
f 3887//2122 3889//2122 4010//2122
f 3998//2123 3997//2123 4011//2123
f 4011//2124 4012//2124 3998//2124
f 3872//2125 3998//2125 4012//2125
f 4012//2126 3893//2126 3872//2126
f 4012//2127 4011//2127 4013//2127
f 4013//2128 4014//2128 4012//2128
f 3893//2129 4012//2129 4014//2129
f 4014//2130 3896//2130 3893//2130
f 4002//2131 4001//2131 4015//2131
f 4015//2132 4016//2132 4002//2132
f 3878//2133 4002//2133 4016//2133
f 4016//2134 3899//2134 3878//2134
f 4016//2135 4015//2135 4017//2135
f 4017//2136 4018//2136 4016//2136
f 3899//2137 4016//2137 4018//2137
f 4018//2138 3902//2138 3899//2138
f 4019//2139 4005//2139 4006//2139
f 4006//2140 4020//2140 4019//2140
f 4021//2141 4019//2141 4020//2141
f 4020//2142 4022//2142 4021//2142
f 4020//2143 4006//2143 3883//2143
f 3883//2144 3905//2144 4020//2144
f 4022//2145 4020//2145 3905//2145
f 3905//2146 3907//2146 4022//2146
f 4023//2147 4009//2147 4010//2147
f 4010//2148 4024//2148 4023//2148
f 4025//2149 4023//2149 4024//2149
f 4024//2150 4026//2150 4025//2150
f 4024//2151 4010//2151 3889//2151
f 3889//2152 4027//2152 4024//2152
f 4026//2148 4024//2148 4027//2148
f 4027//2153 4028//2153 4026//2153
f 4014//2154 4013//2154 4029//2154
f 4029//2155 4030//2155 4014//2155
f 3896//2156 4014//2156 4030//2156
f 4030//2157 4031//2157 3896//2157
f 4030//2158 4029//2158 4032//2158
f 4032//2159 4033//2159 4030//2159
f 4031//2155 4030//2155 4033//2155
f 4033//2160 4034//2160 4031//2160
f 4018//2161 4017//2161 4035//2161
f 4035//2162 4036//2162 4018//2162
f 3902//2163 4018//2163 4036//2163
f 4036//2164 4037//2164 3902//2164
f 4036//2165 4035//2165 4038//2165
f 4038//2166 4039//2166 4036//2166
f 4037//2162 4036//2162 4039//2162
f 4039//2167 4040//2167 4037//2167
f 4041//2168 4021//2168 4022//2168
f 4022//2169 4042//2169 4041//2169
f 4043//2170 4041//2170 4042//2170
f 4042//2171 4044//2171 4043//2171
f 4042//2172 4022//2172 3907//2172
f 3907//2173 4045//2173 4042//2173
f 4044//2169 4042//2169 4045//2169
f 4045//2174 4046//2174 4044//2174
f 4047//2175 4025//2175 4026//2175
f 4026//2176 4048//2176 4047//2176
f 4049//2177 4047//2177 4048//2177
f 4048//2178 4050//2178 4049//2178
f 4048//2179 4026//2179 4028//2179
f 4028//2180 4051//2180 4048//2180
f 4050//2176 4048//2176 4051//2176
f 4051//2181 4052//2181 4050//2181
f 4033//2182 4032//2182 4053//2182
f 4053//2183 4054//2183 4033//2183
f 4034//2184 4033//2184 4054//2184
f 4054//2185 4055//2185 4034//2185
f 4054//2186 4053//2186 4056//2186
f 4056//2187 4057//2187 4054//2187
f 4055//2183 4054//2183 4057//2183
f 4057//2188 4058//2188 4055//2188
f 4039//2189 4038//2189 4059//2189
f 4059//2190 4060//2190 4039//2190
f 4040//2191 4039//2191 4060//2191
f 4060//2192 4061//2192 4040//2192
f 4060//2193 4059//2193 4062//2193
f 4062//2194 4063//2194 4060//2194
f 4061//2190 4060//2190 4063//2190
f 4063//2195 4064//2195 4061//2195
f 4065//2196 4043//2196 4044//2196
f 4044//2197 4066//2197 4065//2197
f 4067//2198 4065//2198 4066//2198
f 4066//2199 4068//2199 4067//2199
f 4066//2200 4044//2200 4046//2200
f 4046//2201 4069//2201 4066//2201
f 4068//2197 4066//2197 4069//2197
f 4069//2202 4070//2202 4068//2202
f 4071//2203 4049//2203 4050//2203
f 4050//2204 4072//2204 4071//2204
f 4073//2205 4071//2205 4072//2205
f 4072//2206 4074//2206 4073//2206
f 4072//2207 4050//2207 4052//2207
f 4052//2208 4075//2208 4072//2208
f 4074//2204 4072//2204 4075//2204
f 4075//2209 4076//2209 4074//2209
f 4057//2210 4056//2210 4077//2210
f 4077//2211 4078//2211 4057//2211
f 4058//2212 4057//2212 4078//2212
f 4078//2213 4079//2213 4058//2213
f 4078//2214 4077//2214 4080//2214
f 4080//2215 4081//2215 4078//2215
f 4079//2211 4078//2211 4081//2211
f 4081//2216 4082//2216 4079//2216
f 4063//2217 4062//2217 4083//2217
f 4083//2218 4084//2218 4063//2218
f 4064//2219 4063//2219 4084//2219
f 4084//2220 4085//2220 4064//2220
f 4084//2221 4083//2221 4086//2221
f 4086//2222 4087//2222 4084//2222
f 4085//2218 4084//2218 4087//2218
f 4087//2223 4088//2223 4085//2223
f 4089//2224 4067//2224 4068//2224
f 4068//2225 4090//2225 4089//2225
f 4091//2226 4089//2226 4090//2226
f 4090//2227 4092//2227 4091//2227
f 4090//2228 4068//2228 4070//2228
f 4070//2229 4093//2229 4090//2229
f 4092//2225 4090//2225 4093//2225
f 4093//2230 4094//2230 4092//2230
f 4095//2231 4096//2231 4097//2231
f 4097//2232 4098//2232 4095//2232
f 4099//2233 4095//2233 4098//2233
f 4098//2234 4100//2234 4099//2234
f 4098//2235 4097//2235 4101//2235
f 4101//2236 4102//2236 4098//2236
f 4100//2232 4098//2232 4102//2232
f 4102//2237 4103//2237 4100//2237
f 4104//2238 4105//2238 4106//2238
f 4106//2239 4107//2239 4104//2239
f 4108//2240 4104//2240 4107//2240
f 4107//2241 4109//2241 4108//2241
f 4107//2242 4106//2242 4110//2242
f 4110//2243 4111//2243 4107//2243
f 4109//2239 4107//2239 4111//2239
f 4111//2244 4112//2244 4109//2244
f 4113//2245 4114//2245 4115//2245
f 4115//2246 4116//2246 4113//2246
f 4117//2247 4113//2247 4116//2247
f 4116//2248 4118//2248 4117//2248
f 4116//2249 4115//2249 4119//2249
f 4119//2250 4120//2250 4116//2250
f 4118//2246 4116//2246 4120//2246
f 4120//2251 4121//2251 4118//2251
f 4122//2252 4123//2252 4124//2252
f 4124//2253 4125//2253 4122//2253
f 4126//2254 4122//2254 4125//2254
f 4125//2255 4127//2255 4126//2255
f 4125//2256 4124//2256 4128//2256
f 4128//2257 4129//2257 4125//2257
f 4127//2253 4125//2253 4129//2253
f 4129//2258 4130//2258 4127//2258
f 4131//2259 4099//2259 4100//2259
f 4100//2260 4132//2260 4131//2260
f 4133//2261 4131//2261 4132//2261
f 4132//2262 4134//2262 4133//2262
f 4132//2263 4100//2263 4103//2263
f 4103//2264 4135//2264 4132//2264
f 4134//2260 4132//2260 4135//2260
f 4135//2265 3912//2265 4134//2265
f 4111//2266 4110//2266 4136//2266
f 4136//2267 4137//2267 4111//2267
f 4112//2268 4111//2268 4137//2268
f 4137//2269 4138//2269 4112//2269
f 4137//2270 4136//2270 4139//2270
f 4139//2271 4140//2271 4137//2271
f 4138//2267 4137//2267 4140//2267
f 4140//2272 3920//2272 4138//2272
f 4120//2273 4119//2273 4141//2273
f 4141//2274 4142//2274 4120//2274
f 4121//2275 4120//2275 4142//2275
f 4142//2276 4143//2276 4121//2276
f 4142//2277 4141//2277 4144//2277
f 4144//2278 4145//2278 4142//2278
f 4143//2274 4142//2274 4145//2274
f 4145//2279 3928//2279 4143//2279
f 4146//2280 4126//2280 4127//2280
f 4127//2281 4147//2281 4146//2281
f 4148//2282 4146//2282 4147//2282
f 4147//2283 4149//2283 4148//2283
f 4147//2284 4127//2284 4130//2284
f 4130//2285 4150//2285 4147//2285
f 4149//2281 4147//2281 4150//2281
f 4150//2286 3936//2286 4149//2286
f 4151//2287 4133//2287 4134//2287
f 4134//2288 4152//2288 4151//2288
f 4153//2289 4151//2289 4152//2289
f 4152//2290 4154//2290 4153//2290
f 4152//2291 4134//2291 3912//2291
f 3912//2292 3911//2292 4152//2292
f 4154//2288 4152//2288 3911//2288
f 3911//2293 3915//2293 4154//2293
f 4140//2294 4139//2294 4155//2294
f 4155//2295 4156//2295 4140//2295
f 3920//2296 4140//2296 4156//2296
f 4156//2297 3921//2297 3920//2297
f 4156//2298 4155//2298 4157//2298
f 4157//2299 4158//2299 4156//2299
f 3921//2295 4156//2295 4158//2295
f 4158//2300 3925//2300 3921//2300
f 4145//2301 4144//2301 4159//2301
f 4159//2302 4160//2302 4145//2302
f 3928//2303 4145//2303 4160//2303
f 4160//2304 3929//2304 3928//2304
f 4160//2305 4159//2305 4161//2305
f 4161//2306 4162//2306 4160//2306
f 3929//2302 4160//2302 4162//2302
f 4162//2307 3933//2307 3929//2307
f 4163//2308 4148//2308 4149//2308
f 4149//2309 4164//2309 4163//2309
f 4165//2310 4163//2310 4164//2310
f 4164//2311 4166//2311 4165//2311
f 4164//2312 4149//2312 3936//2312
f 3936//2313 3935//2313 4164//2313
f 4166//2309 4164//2309 3935//2309
f 3935//2314 3939//2314 4166//2314
f 4167//2315 4153//2315 4154//2315
f 4154//2316 4168//2316 4167//2316
f 4169//2317 4167//2317 4168//2317
f 4168//2318 4170//2318 4169//2318
f 4168//2319 4154//2319 3915//2319
f 3915//2320 3943//2320 4168//2320
f 4170//2316 4168//2316 3943//2316
f 3943//2321 3945//2321 4170//2321
f 4158//2322 4157//2322 4171//2322
f 4171//2323 4172//2323 4158//2323
f 3925//2324 4158//2324 4172//2324
f 4172//2325 3947//2325 3925//2325
f 4172//2326 4171//2326 4173//2326
f 4173//2327 4174//2327 4172//2327
f 3947//2323 4172//2323 4174//2323
f 4174//2328 3949//2328 3947//2328
f 4162//2329 4161//2329 4175//2329
f 4175//2330 4176//2330 4162//2330
f 3933//2331 4162//2331 4176//2331
f 4176//2332 3951//2332 3933//2332
f 4176//2333 4175//2333 4177//2333
f 4177//2334 4178//2334 4176//2334
f 3951//2330 4176//2330 4178//2330
f 4178//2335 3953//2335 3951//2335
f 4179//2336 4165//2336 4166//2336
f 4166//2337 4180//2337 4179//2337
f 4181//2338 4179//2338 4180//2338
f 4180//2339 4182//2339 4181//2339
f 4180//2340 4166//2340 3939//2340
f 3939//2341 3955//2341 4180//2341
f 4182//2337 4180//2337 3955//2337
f 3955//2342 3957//2342 4182//2342
f 4183//2343 4169//2343 4170//2343
f 4170//2344 4184//2344 4183//2344
f 4185//2345 4183//2345 4184//2345
f 4184//2346 4186//2346 4185//2346
f 4184//2347 4170//2347 3945//2347
f 3945//2348 3959//2348 4184//2348
f 4186//2344 4184//2344 3959//2344
f 3959//2349 3961//2349 4186//2349
f 4174//2350 4173//2350 4187//2350
f 4187//2351 4188//2351 4174//2351
f 3949//2352 4174//2352 4188//2352
f 4188//2353 3963//2353 3949//2353
f 4188//2354 4187//2354 4189//2354
f 4189//2355 4190//2355 4188//2355
f 3963//2351 4188//2351 4190//2351
f 4190//2356 3965//2356 3963//2356
f 4178//2357 4177//2357 4191//2357
f 4191//2358 4192//2358 4178//2358
f 3953//2359 4178//2359 4192//2359
f 4192//2360 3967//2360 3953//2360
f 4192//2361 4191//2361 4193//2361
f 4193//2362 4194//2362 4192//2362
f 3967//2358 4192//2358 4194//2358
f 4194//2363 3969//2363 3967//2363
f 4195//2364 4181//2364 4182//2364
f 4182//2365 4196//2365 4195//2365
f 4197//2366 4195//2366 4196//2366
f 4196//2367 4198//2367 4197//2367
f 4196//2368 4182//2368 3957//2368
f 3957//2369 3971//2369 4196//2369
f 4198//2365 4196//2365 3971//2365
f 3971//2370 3973//2370 4198//2370
f 4199//2371 4185//2371 4186//2371
f 4186//2372 4200//2372 4199//2372
f 4201//2373 4199//2373 4200//2373
f 4200//2374 4202//2374 4201//2374
f 4200//2375 4186//2375 3961//2375
f 3961//2376 3975//2376 4200//2376
f 4202//2377 4200//2377 3975//2377
f 3975//2378 3977//2378 4202//2378
f 4190//2379 4189//2379 4203//2379
f 4203//2380 4204//2380 4190//2380
f 3965//2381 4190//2381 4204//2381
f 4204//2382 3979//2382 3965//2382
f 4204//2383 4203//2383 4205//2383
f 4205//2384 4206//2384 4204//2384
f 3979//2380 4204//2380 4206//2380
f 4206//2385 3981//2385 3979//2385
f 4194//2386 4193//2386 4207//2386
f 4207//2387 4208//2387 4194//2387
f 3969//2388 4194//2388 4208//2388
f 4208//2389 3983//2389 3969//2389
f 4208//2390 4207//2390 4209//2390
f 4209//2391 4210//2391 4208//2391
f 3983//2387 4208//2387 4210//2387
f 4210//2392 3985//2392 3983//2392
f 4211//2393 4197//2393 4198//2393
f 4198//2394 4212//2394 4211//2394
f 4213//2395 4211//2395 4212//2395
f 4212//2396 4214//2396 4213//2396
f 4212//2397 4198//2397 3973//2397
f 3973//2398 3987//2398 4212//2398
f 4214//2399 4212//2399 3987//2399
f 3987//2400 3989//2400 4214//2400
f 4215//2401 4201//2401 4202//2401
f 4202//2402 4216//2402 4215//2402
f 4217//2403 4215//2403 4216//2403
f 4216//2404 4218//2404 4217//2404
f 4216//2405 4202//2405 3977//2405
f 3977//2406 3991//2406 4216//2406
f 4218//2407 4216//2407 3991//2407
f 3991//2408 3993//2408 4218//2408
f 4206//2409 4205//2409 4219//2409
f 4219//2410 4220//2410 4206//2410
f 3981//2411 4206//2411 4220//2411
f 4220//2412 3995//2412 3981//2412
f 4220//2413 4219//2413 4221//2413
f 4221//2414 4222//2414 4220//2414
f 3995//2410 4220//2410 4222//2410
f 4222//2415 3997//2415 3995//2415
f 4210//2416 4209//2416 4223//2416
f 4223//2417 4224//2417 4210//2417
f 3985//2418 4210//2418 4224//2418
f 4224//2419 3999//2419 3985//2419
f 4224//2420 4223//2420 4225//2420
f 4225//2421 4226//2421 4224//2421
f 3999//2417 4224//2417 4226//2417
f 4226//2422 4001//2422 3999//2422
f 4227//2423 4213//2423 4214//2423
f 4214//2424 4228//2424 4227//2424
f 4229//2425 4227//2425 4228//2425
f 4228//2426 4230//2426 4229//2426
f 4228//2427 4214//2427 3989//2427
f 3989//2428 4003//2428 4228//2428
f 4230//2429 4228//2429 4003//2429
f 4003//2430 4005//2430 4230//2430
f 4231//2431 4217//2431 4218//2431
f 4218//2432 4232//2432 4231//2432
f 4233//2433 4231//2433 4232//2433
f 4232//2434 4234//2434 4233//2434
f 4232//2435 4218//2435 3993//2435
f 3993//2436 4007//2436 4232//2436
f 4234//2432 4232//2432 4007//2432
f 4007//2437 4009//2437 4234//2437
f 4222//2438 4221//2438 4235//2438
f 4235//2439 4236//2439 4222//2439
f 3997//2440 4222//2440 4236//2440
f 4236//2441 4011//2441 3997//2441
f 4236//2442 4235//2442 4237//2442
f 4237//2443 4238//2443 4236//2443
f 4011//2439 4236//2439 4238//2439
f 4238//2444 4013//2444 4011//2444
f 4226//2445 4225//2445 4239//2445
f 4239//2446 4240//2446 4226//2446
f 4001//2447 4226//2447 4240//2447
f 4240//2448 4015//2448 4001//2448
f 4240//2449 4239//2449 4241//2449
f 4241//2450 4242//2450 4240//2450
f 4015//2446 4240//2446 4242//2446
f 4242//2451 4017//2451 4015//2451
f 4243//2452 4229//2452 4230//2452
f 4230//2453 4244//2453 4243//2453
f 4245//2454 4243//2454 4244//2454
f 4244//2455 4246//2455 4245//2455
f 4244//2456 4230//2456 4005//2456
f 4005//2457 4019//2457 4244//2457
f 4246//2453 4244//2453 4019//2453
f 4019//2458 4021//2458 4246//2458
f 4247//2459 4233//2459 4234//2459
f 4234//2460 4248//2460 4247//2460
f 4249//2461 4247//2461 4248//2461
f 4248//2462 4250//2462 4249//2462
f 4248//2463 4234//2463 4009//2463
f 4009//2464 4023//2464 4248//2464
f 4250//2460 4248//2460 4023//2460
f 4023//2465 4025//2465 4250//2465
f 4238//2466 4237//2466 4251//2466
f 4251//2467 4252//2467 4238//2467
f 4013//2468 4238//2468 4252//2468
f 4252//2469 4029//2469 4013//2469
f 4252//2470 4251//2470 4253//2470
f 4253//2471 4254//2471 4252//2471
f 4029//2467 4252//2467 4254//2467
f 4254//2472 4032//2472 4029//2472
f 4242//2473 4241//2473 4255//2473
f 4255//2474 4256//2474 4242//2474
f 4017//2475 4242//2475 4256//2475
f 4256//2476 4035//2476 4017//2476
f 4256//2477 4255//2477 4257//2477
f 4257//2478 4258//2478 4256//2478
f 4035//2474 4256//2474 4258//2474
f 4258//2479 4038//2479 4035//2479
f 4259//2480 4245//2480 4246//2480
f 4246//2481 4260//2481 4259//2481
f 4261//2482 4259//2482 4260//2482
f 4260//2483 4262//2483 4261//2483
f 4260//2484 4246//2484 4021//2484
f 4021//2485 4041//2485 4260//2485
f 4262//2481 4260//2481 4041//2481
f 4041//2486 4043//2486 4262//2486
f 4263//2487 4249//2487 4250//2487
f 4250//2488 4264//2488 4263//2488
f 4265//2489 4263//2489 4264//2489
f 4264//2490 4266//2490 4265//2490
f 4264//2491 4250//2491 4025//2491
f 4025//2492 4047//2492 4264//2492
f 4266//2488 4264//2488 4047//2488
f 4047//2493 4049//2493 4266//2493
f 4254//2494 4253//2494 4267//2494
f 4267//2495 4268//2495 4254//2495
f 4032//2496 4254//2496 4268//2496
f 4268//2497 4053//2497 4032//2497
f 4268//2498 4267//2498 4269//2498
f 4269//2499 4270//2499 4268//2499
f 4053//2495 4268//2495 4270//2495
f 4270//2500 4056//2500 4053//2500
f 4258//2501 4257//2501 4271//2501
f 4271//2502 4272//2502 4258//2502
f 4038//2503 4258//2503 4272//2503
f 4272//2504 4059//2504 4038//2504
f 4272//2505 4271//2505 4273//2505
f 4273//2506 4274//2506 4272//2506
f 4059//2502 4272//2502 4274//2502
f 4274//2507 4062//2507 4059//2507
f 4275//2508 4261//2508 4262//2508
f 4262//2509 4276//2509 4275//2509
f 4277//2510 4275//2510 4276//2510
f 4276//2511 4278//2511 4277//2511
f 4276//2512 4262//2512 4043//2512
f 4043//2513 4065//2513 4276//2513
f 4278//2509 4276//2509 4065//2509
f 4065//2514 4067//2514 4278//2514
f 4279//2515 4265//2515 4266//2515
f 4266//2516 4280//2516 4279//2516
f 4281//2517 4279//2517 4280//2517
f 4280//2518 4282//2518 4281//2518
f 4280//2519 4266//2519 4049//2519
f 4049//2520 4071//2520 4280//2520
f 4282//2516 4280//2516 4071//2516
f 4071//2521 4073//2521 4282//2521
f 4270//2522 4269//2522 4283//2522
f 4283//2523 4284//2523 4270//2523
f 4056//2524 4270//2524 4284//2524
f 4284//2525 4077//2525 4056//2525
f 4284//2526 4283//2526 4285//2526
f 4285//2527 4286//2527 4284//2527
f 4077//2523 4284//2523 4286//2523
f 4286//2528 4080//2528 4077//2528
f 4274//2529 4273//2529 4287//2529
f 4287//2530 4288//2530 4274//2530
f 4062//2531 4274//2531 4288//2531
f 4288//2532 4083//2532 4062//2532
f 4288//2533 4287//2533 4289//2533
f 4289//2534 4290//2534 4288//2534
f 4083//2530 4288//2530 4290//2530
f 4290//2535 4086//2535 4083//2535
f 4291//2536 4277//2536 4278//2536
f 4278//2537 4292//2537 4291//2537
f 4293//2538 4291//2538 4292//2538
f 4292//2539 4294//2539 4293//2539
f 4292//2540 4278//2540 4067//2540
f 4067//2541 4089//2541 4292//2541
f 4294//2537 4292//2537 4089//2537
f 4089//2542 4091//2542 4294//2542
f 4295//2543 4281//2543 4282//2543
f 4282//2544 4296//2544 4295//2544
f 4297//2545 4295//2545 4296//2545
f 4296//2546 4298//2546 4297//2546
f 4296//2547 4282//2547 4073//2547
f 4073//2548 4299//2548 4296//2548
f 4298//2544 4296//2544 4299//2544
f 4299//2549 4300//2549 4298//2549
f 4286//2550 4285//2550 4301//2550
f 4301//2551 4302//2551 4286//2551
f 4080//2552 4286//2552 4302//2552
f 4302//2553 4303//2553 4080//2553
f 4302//2554 4301//2554 4304//2554
f 4304//2555 4305//2555 4302//2555
f 4303//2551 4302//2551 4305//2551
f 4305//2556 4306//2556 4303//2556
f 4290//2557 4289//2557 4307//2557
f 4307//2558 4308//2558 4290//2558
f 4086//2559 4290//2559 4308//2559
f 4308//2560 4309//2560 4086//2560
f 4308//2561 4307//2561 4310//2561
f 4310//2562 4311//2562 4308//2562
f 4309//2558 4308//2558 4311//2558
f 4311//2563 4312//2563 4309//2563
f 4313//2564 4293//2564 4294//2564
f 4294//2565 4314//2565 4313//2565
f 4315//2566 4313//2566 4314//2566
f 4314//2567 4316//2567 4315//2567
f 4314//2568 4294//2568 4091//2568
f 4091//2569 4317//2569 4314//2569
f 4316//2565 4314//2565 4317//2565
f 4317//2570 4318//2570 4316//2570
f 4319//2571 4297//2571 4298//2571
f 4298//2572 4320//2572 4319//2572
f 4321//2573 4319//2573 4320//2573
f 4320//2574 4322//2574 4321//2574
f 4320//2575 4298//2575 4300//2575
f 4300//2576 4323//2576 4320//2576
f 4322//2572 4320//2572 4323//2572
f 4323//2577 4324//2577 4322//2577
f 4305//2578 4304//2578 4325//2578
f 4325//2579 4326//2579 4305//2579
f 4306//2580 4305//2580 4326//2580
f 4326//2581 4327//2581 4306//2581
f 4326//2582 4325//2582 4328//2582
f 4328//2583 4329//2583 4326//2583
f 4327//2579 4326//2579 4329//2579
f 4329//2584 4330//2584 4327//2584
f 4311//2585 4310//2585 4331//2585
f 4331//2586 4332//2586 4311//2586
f 4312//2587 4311//2587 4332//2587
f 4332//2588 4333//2588 4312//2588
f 4332//2589 4331//2589 4334//2589
f 4334//2590 4335//2590 4332//2590
f 4333//2586 4332//2586 4335//2586
f 4335//2591 4336//2591 4333//2591
f 4337//2592 4315//2592 4316//2592
f 4316//2593 4338//2593 4337//2593
f 4339//2594 4337//2594 4338//2594
f 4338//2595 4340//2595 4339//2595
f 4338//2596 4316//2596 4318//2596
f 4318//2597 4341//2597 4338//2597
f 4340//2593 4338//2593 4341//2593
f 4341//2598 4342//2598 4340//2598
f 4343//2599 4344//2599 4345//2599
f 4345//2600 4346//2600 4343//2600
f 4347//2601 4343//2601 4346//2601
f 4346//2602 4348//2602 4347//2602
f 4346//2603 4345//2603 4349//2603
f 4349//2604 4350//2604 4346//2604
f 4348//2600 4346//2600 4350//2600
f 4350//2605 4351//2605 4348//2605
f 4352//2606 4353//2606 4354//2606
f 4354//2607 4355//2607 4352//2607
f 4356//2608 4352//2608 4355//2608
f 4355//2609 4357//2609 4356//2609
f 4355//2610 4354//2610 4358//2610
f 4358//2611 4359//2611 4355//2611
f 4357//2607 4355//2607 4359//2607
f 4359//2612 4360//2612 4357//2612
f 4361//2613 4362//2613 4363//2613
f 4363//2614 4364//2614 4361//2614
f 4365//2615 4361//2615 4364//2615
f 4364//2616 4366//2616 4365//2616
f 4364//2617 4363//2617 4367//2617
f 4367//2618 4368//2618 4364//2618
f 4366//2614 4364//2614 4368//2614
f 4368//2619 4369//2619 4366//2619
f 4370//2620 4371//2620 4372//2620
f 4372//2621 4373//2621 4370//2621
f 4374//2622 4370//2622 4373//2622
f 4373//2623 4375//2623 4374//2623
f 4373//2624 4372//2624 4376//2624
f 4376//2625 4377//2625 4373//2625
f 4375//2621 4373//2621 4377//2621
f 4377//2626 4378//2626 4375//2626
f 4379//2627 4347//2627 4348//2627
f 4348//2628 4380//2628 4379//2628
f 4381//2629 4379//2629 4380//2629
f 4380//2630 4382//2630 4381//2630
f 4380//2631 4348//2631 4351//2631
f 4351//2632 4383//2632 4380//2632
f 4382//2633 4380//2633 4383//2633
f 4383//2634 4096//2634 4382//2634
f 4359//2635 4358//2635 4384//2635
f 4384//2636 4385//2636 4359//2636
f 4360//2637 4359//2637 4385//2637
f 4385//2638 4386//2638 4360//2638
f 4385//2639 4384//2639 4387//2639
f 4387//2640 4388//2640 4385//2640
f 4386//2641 4385//2641 4388//2641
f 4388//2642 4105//2642 4386//2642
f 4368//2643 4367//2643 4389//2643
f 4389//2644 4390//2644 4368//2644
f 4369//2645 4368//2645 4390//2645
f 4390//2646 4391//2646 4369//2646
f 4390//2647 4389//2647 4392//2647
f 4392//2648 4393//2648 4390//2648
f 4391//2649 4390//2649 4393//2649
f 4393//2650 4114//2650 4391//2650
f 4394//2651 4374//2651 4375//2651
f 4375//2652 4395//2652 4394//2652
f 4396//2653 4394//2653 4395//2653
f 4395//2654 4397//2654 4396//2654
f 4395//2655 4375//2655 4378//2655
f 4378//2656 4398//2656 4395//2656
f 4397//2657 4395//2657 4398//2657
f 4398//2658 4123//2658 4397//2658
f 4399//2659 4381//2659 4382//2659
f 4382//2660 4400//2660 4399//2660
f 4401//2661 4399//2661 4400//2661
f 4400//2662 4402//2662 4401//2662
f 4400//2663 4382//2663 4096//2663
f 4096//2664 4095//2664 4400//2664
f 4402//2660 4400//2660 4095//2660
f 4095//2665 4099//2665 4402//2665
f 4388//2666 4387//2666 4403//2666
f 4403//2667 4404//2667 4388//2667
f 4105//2668 4388//2668 4404//2668
f 4404//2669 4106//2669 4105//2669
f 4404//2670 4403//2670 4405//2670
f 4405//2671 4406//2671 4404//2671
f 4106//2667 4404//2667 4406//2667
f 4406//2672 4110//2672 4106//2672
f 4393//2673 4392//2673 4407//2673
f 4407//2674 4408//2674 4393//2674
f 4114//2675 4393//2675 4408//2675
f 4408//2676 4115//2676 4114//2676
f 4408//2677 4407//2677 4409//2677
f 4409//2678 4410//2678 4408//2678
f 4115//2674 4408//2674 4410//2674
f 4410//2679 4119//2679 4115//2679
f 4411//2680 4396//2680 4397//2680
f 4397//2681 4412//2681 4411//2681
f 4413//2682 4411//2682 4412//2682
f 4412//2683 4414//2683 4413//2683
f 4412//2684 4397//2684 4123//2684
f 4123//2685 4122//2685 4412//2685
f 4414//2681 4412//2681 4122//2681
f 4122//2686 4126//2686 4414//2686
f 4415//2687 4401//2687 4402//2687
f 4402//2687 4416//2687 4415//2687
f 4417//2687 4415//2687 4416//2687
f 4416//2687 4418//2687 4417//2687
f 4416//2687 4402//2687 4099//2687
f 4099//2688 4131//2688 4416//2688
f 4418//2687 4416//2687 4131//2687
f 4131//2688 4133//2688 4418//2688
f 4406//2689 4405//2689 4419//2689
f 4419//2689 4420//2689 4406//2689
f 4110//2689 4406//2689 4420//2689
f 4420//2690 4136//2690 4110//2690
f 4420//2689 4419//2689 4421//2689
f 4421//2689 4422//2689 4420//2689
f 4136//2689 4420//2689 4422//2689
f 4422//2690 4139//2690 4136//2690
f 4410//2691 4409//2691 4423//2691
f 4423//2691 4424//2691 4410//2691
f 4119//2691 4410//2691 4424//2691
f 4424//2692 4141//2692 4119//2692
f 4424//2691 4423//2691 4425//2691
f 4425//2691 4426//2691 4424//2691
f 4141//2691 4424//2691 4426//2691
f 4426//2692 4144//2692 4141//2692
f 4427//2693 4413//2693 4414//2693
f 4414//2693 4428//2693 4427//2693
f 4429//2693 4427//2693 4428//2693
f 4428//2693 4430//2693 4429//2693
f 4428//2693 4414//2693 4126//2693
f 4126//2694 4146//2694 4428//2694
f 4430//2693 4428//2693 4146//2693
f 4146//2694 4148//2694 4430//2694
f 4431//2695 4417//2695 4418//2695
f 4418//2696 4432//2696 4431//2696
f 4433//2697 4431//2697 4432//2697
f 4432//2698 4434//2698 4433//2698
f 4432//2699 4418//2699 4133//2699
f 4133//2700 4151//2700 4432//2700
f 4434//2696 4432//2696 4151//2696
f 4151//2701 4153//2701 4434//2701
f 4422//2702 4421//2702 4435//2702
f 4435//2703 4436//2703 4422//2703
f 4139//2704 4422//2704 4436//2704
f 4436//2705 4155//2705 4139//2705
f 4436//2706 4435//2706 4437//2706
f 4437//2707 4438//2707 4436//2707
f 4155//2703 4436//2703 4438//2703
f 4438//2708 4157//2708 4155//2708
f 4426//2709 4425//2709 4439//2709
f 4439//2710 4440//2710 4426//2710
f 4144//2711 4426//2711 4440//2711
f 4440//2712 4159//2712 4144//2712
f 4440//2713 4439//2713 4441//2713
f 4441//2714 4442//2714 4440//2714
f 4159//2710 4440//2710 4442//2710
f 4442//2715 4161//2715 4159//2715
f 4443//2716 4429//2716 4430//2716
f 4430//2717 4444//2717 4443//2717
f 4445//2718 4443//2718 4444//2718
f 4444//2719 4446//2719 4445//2719
f 4444//2720 4430//2720 4148//2720
f 4148//2721 4163//2721 4444//2721
f 4446//2717 4444//2717 4163//2717
f 4163//2722 4165//2722 4446//2722
f 4447//2723 4433//2723 4434//2723
f 4434//2724 4448//2724 4447//2724
f 4449//2725 4447//2725 4448//2725
f 4448//2726 4450//2726 4449//2726
f 4448//2727 4434//2727 4153//2727
f 4153//2728 4167//2728 4448//2728
f 4450//2724 4448//2724 4167//2724
f 4167//2729 4169//2729 4450//2729
f 4438//2730 4437//2730 4451//2730
f 4451//2731 4452//2731 4438//2731
f 4157//2732 4438//2732 4452//2732
f 4452//2733 4171//2733 4157//2733
f 4452//2734 4451//2734 4453//2734
f 4453//2735 4454//2735 4452//2735
f 4171//2731 4452//2731 4454//2731
f 4454//2736 4173//2736 4171//2736
f 4442//2737 4441//2737 4455//2737
f 4455//2738 4456//2738 4442//2738
f 4161//2739 4442//2739 4456//2739
f 4456//2740 4175//2740 4161//2740
f 4456//2741 4455//2741 4457//2741
f 4457//2742 4458//2742 4456//2742
f 4175//2738 4456//2738 4458//2738
f 4458//2743 4177//2743 4175//2743
f 4459//2744 4445//2744 4446//2744
f 4446//2745 4460//2745 4459//2745
f 4461//2746 4459//2746 4460//2746
f 4460//2747 4462//2747 4461//2747
f 4460//2748 4446//2748 4165//2748
f 4165//2749 4179//2749 4460//2749
f 4462//2745 4460//2745 4179//2745
f 4179//2750 4181//2750 4462//2750
f 4463//2751 4449//2751 4450//2751
f 4450//2752 4464//2752 4463//2752
f 4465//2753 4463//2753 4464//2753
f 4464//2754 4466//2754 4465//2754
f 4464//2755 4450//2755 4169//2755
f 4169//2756 4183//2756 4464//2756
f 4466//2752 4464//2752 4183//2752
f 4183//2757 4185//2757 4466//2757
f 4454//2758 4453//2758 4467//2758
f 4467//2759 4468//2759 4454//2759
f 4173//2760 4454//2760 4468//2760
f 4468//2761 4187//2761 4173//2761
f 4468//2762 4467//2762 4469//2762
f 4469//2763 4470//2763 4468//2763
f 4187//2759 4468//2759 4470//2759
f 4470//2764 4189//2764 4187//2764
f 4458//2765 4457//2765 4471//2765
f 4471//2766 4472//2766 4458//2766
f 4177//2767 4458//2767 4472//2767
f 4472//2768 4191//2768 4177//2768
f 4472//2769 4471//2769 4473//2769
f 4473//2770 4474//2770 4472//2770
f 4191//2766 4472//2766 4474//2766
f 4474//2771 4193//2771 4191//2771
f 4475//2772 4461//2772 4462//2772
f 4462//2773 4476//2773 4475//2773
f 4477//2774 4475//2774 4476//2774
f 4476//2775 4478//2775 4477//2775
f 4476//2776 4462//2776 4181//2776
f 4181//2777 4195//2777 4476//2777
f 4478//2773 4476//2773 4195//2773
f 4195//2778 4197//2778 4478//2778
f 4479//2779 4465//2779 4466//2779
f 4466//2780 4480//2780 4479//2780
f 4481//2781 4479//2781 4480//2781
f 4480//2782 4482//2782 4481//2782
f 4480//2783 4466//2783 4185//2783
f 4185//2784 4199//2784 4480//2784
f 4482//2780 4480//2780 4199//2780
f 4199//2785 4201//2785 4482//2785
f 4470//2786 4469//2786 4483//2786
f 4483//2787 4484//2787 4470//2787
f 4189//2788 4470//2788 4484//2788
f 4484//2789 4203//2789 4189//2789
f 4484//2790 4483//2790 4485//2790
f 4485//2791 4486//2791 4484//2791
f 4203//2787 4484//2787 4486//2787
f 4486//2792 4205//2792 4203//2792
f 4474//2793 4473//2793 4487//2793
f 4487//2794 4488//2794 4474//2794
f 4193//2795 4474//2795 4488//2795
f 4488//2796 4207//2796 4193//2796
f 4488//2797 4487//2797 4489//2797
f 4489//2798 4490//2798 4488//2798
f 4207//2794 4488//2794 4490//2794
f 4490//2799 4209//2799 4207//2799
f 4491//2800 4477//2800 4478//2800
f 4478//2801 4492//2801 4491//2801
f 4493//2802 4491//2802 4492//2802
f 4492//2803 4494//2803 4493//2803
f 4492//2804 4478//2804 4197//2804
f 4197//2805 4211//2805 4492//2805
f 4494//2801 4492//2801 4211//2801
f 4211//2806 4213//2806 4494//2806
f 4495//2807 4481//2807 4482//2807
f 4482//2808 4496//2808 4495//2808
f 4497//2809 4495//2809 4496//2809
f 4496//2810 4498//2810 4497//2810
f 4496//2811 4482//2811 4201//2811
f 4201//2812 4215//2812 4496//2812
f 4498//2808 4496//2808 4215//2808
f 4215//2813 4217//2813 4498//2813
f 4486//2814 4485//2814 4499//2814
f 4499//2815 4500//2815 4486//2815
f 4205//2816 4486//2816 4500//2816
f 4500//2817 4219//2817 4205//2817
f 4500//2818 4499//2818 4501//2818
f 4501//2819 4502//2819 4500//2819
f 4219//2815 4500//2815 4502//2815
f 4502//2820 4221//2820 4219//2820
f 4490//2821 4489//2821 4503//2821
f 4503//2822 4504//2822 4490//2822
f 4209//2823 4490//2823 4504//2823
f 4504//2824 4223//2824 4209//2824
f 4504//2825 4503//2825 4505//2825
f 4505//2826 4506//2826 4504//2826
f 4223//2822 4504//2822 4506//2822
f 4506//2827 4225//2827 4223//2827
f 4507//2828 4493//2828 4494//2828
f 4494//2829 4508//2829 4507//2829
f 4509//2830 4507//2830 4508//2830
f 4508//2831 4510//2831 4509//2831
f 4508//2832 4494//2832 4213//2832
f 4213//2833 4227//2833 4508//2833
f 4510//2829 4508//2829 4227//2829
f 4227//2834 4229//2834 4510//2834
f 4511//2835 4497//2835 4498//2835
f 4498//2836 4512//2836 4511//2836
f 4513//2837 4511//2837 4512//2837
f 4512//2838 4514//2838 4513//2838
f 4512//2839 4498//2839 4217//2839
f 4217//2840 4231//2840 4512//2840
f 4514//2836 4512//2836 4231//2836
f 4231//2841 4233//2841 4514//2841
f 4502//2842 4501//2842 4515//2842
f 4515//2843 4516//2843 4502//2843
f 4221//2844 4502//2844 4516//2844
f 4516//2845 4235//2845 4221//2845
f 4516//2846 4515//2846 4517//2846
f 4517//2847 4518//2847 4516//2847
f 4235//2843 4516//2843 4518//2843
f 4518//2848 4237//2848 4235//2848
f 4506//2849 4505//2849 4519//2849
f 4519//2850 4520//2850 4506//2850
f 4225//2851 4506//2851 4520//2851
f 4520//2852 4239//2852 4225//2852
f 4520//2853 4519//2853 4521//2853
f 4521//2854 4522//2854 4520//2854
f 4239//2850 4520//2850 4522//2850
f 4522//2855 4241//2855 4239//2855
f 4523//2856 4509//2856 4510//2856
f 4510//2857 4524//2857 4523//2857
f 4525//2858 4523//2858 4524//2858
f 4524//2859 4526//2859 4525//2859
f 4524//2860 4510//2860 4229//2860
f 4229//2861 4243//2861 4524//2861
f 4526//2857 4524//2857 4243//2857
f 4243//2862 4245//2862 4526//2862
f 4527//2863 4513//2863 4514//2863
f 4514//2864 4528//2864 4527//2864
f 4529//2865 4527//2865 4528//2865
f 4528//2866 4530//2866 4529//2866
f 4528//2867 4514//2867 4233//2867
f 4233//2868 4247//2868 4528//2868
f 4530//2864 4528//2864 4247//2864
f 4247//2869 4249//2869 4530//2869
f 4518//2870 4517//2870 4531//2870
f 4531//2871 4532//2871 4518//2871
f 4237//2872 4518//2872 4532//2872
f 4532//2873 4251//2873 4237//2873
f 4532//2874 4531//2874 4533//2874
f 4533//2875 4534//2875 4532//2875
f 4251//2871 4532//2871 4534//2871
f 4534//2876 4253//2876 4251//2876
f 4522//2877 4521//2877 4535//2877
f 4535//2878 4536//2878 4522//2878
f 4241//2879 4522//2879 4536//2879
f 4536//2880 4255//2880 4241//2880
f 4536//2881 4535//2881 4537//2881
f 4537//2882 4538//2882 4536//2882
f 4255//2878 4536//2878 4538//2878
f 4538//2883 4257//2883 4255//2883
f 4539//2884 4525//2884 4526//2884
f 4526//2885 4540//2885 4539//2885
f 4541//2886 4539//2886 4540//2886
f 4540//2887 4542//2887 4541//2887
f 4540//2888 4526//2888 4245//2888
f 4245//2889 4259//2889 4540//2889
f 4542//2885 4540//2885 4259//2885
f 4259//2890 4261//2890 4542//2890
f 4543//2891 4529//2891 4530//2891
f 4530//2892 4544//2892 4543//2892
f 4545//2893 4543//2893 4544//2893
f 4544//2894 4546//2894 4545//2894
f 4544//2895 4530//2895 4249//2895
f 4249//2896 4263//2896 4544//2896
f 4546//2892 4544//2892 4263//2892
f 4263//2897 4265//2897 4546//2897
f 4534//2898 4533//2898 4547//2898
f 4547//2899 4548//2899 4534//2899
f 4253//2900 4534//2900 4548//2900
f 4548//2901 4267//2901 4253//2901
f 4548//2902 4547//2902 4549//2902
f 4549//2903 4550//2903 4548//2903
f 4267//2899 4548//2899 4550//2899
f 4550//2904 4269//2904 4267//2904
f 4538//2905 4537//2905 4551//2905
f 4551//2906 4552//2906 4538//2906
f 4257//2907 4538//2907 4552//2907
f 4552//2908 4271//2908 4257//2908
f 4552//2909 4551//2909 4553//2909
f 4553//2910 4554//2910 4552//2910
f 4271//2906 4552//2906 4554//2906
f 4554//2911 4273//2911 4271//2911
f 4555//2912 4541//2912 4542//2912
f 4542//2913 4556//2913 4555//2913
f 4557//2914 4555//2914 4556//2914
f 4556//2915 4558//2915 4557//2915
f 4556//2916 4542//2916 4261//2916
f 4261//2917 4275//2917 4556//2917
f 4558//2913 4556//2913 4275//2913
f 4275//2918 4277//2918 4558//2918
f 4559//2919 4545//2919 4546//2919
f 4546//2920 4560//2920 4559//2920
f 4561//2921 4559//2921 4560//2921
f 4560//2922 4562//2922 4561//2922
f 4560//2923 4546//2923 4265//2923
f 4265//2924 4279//2924 4560//2924
f 4562//2920 4560//2920 4279//2920
f 4279//2925 4281//2925 4562//2925
f 4550//2926 4549//2926 4563//2926
f 4563//2927 4564//2927 4550//2927
f 4269//2928 4550//2928 4564//2928
f 4564//2929 4283//2929 4269//2929
f 4564//2930 4563//2930 4565//2930
f 4565//2931 4566//2931 4564//2931
f 4283//2927 4564//2927 4566//2927
f 4566//2932 4285//2932 4283//2932
f 4554//2933 4553//2933 4567//2933
f 4567//2934 4568//2934 4554//2934
f 4273//2935 4554//2935 4568//2935
f 4568//2936 4287//2936 4273//2936
f 4568//2937 4567//2937 4569//2937
f 4569//2938 4570//2938 4568//2938
f 4287//2934 4568//2934 4570//2934
f 4570//2939 4289//2939 4287//2939
f 4571//2940 4557//2940 4558//2940
f 4558//2941 4572//2941 4571//2941
f 4573//2942 4571//2942 4572//2942
f 4572//2943 4574//2943 4573//2943
f 4572//2944 4558//2944 4277//2944
f 4277//2945 4291//2945 4572//2945
f 4574//2941 4572//2941 4291//2941
f 4291//2946 4293//2946 4574//2946
f 4575//2947 4561//2947 4562//2947
f 4562//2948 4576//2948 4575//2948
f 4577//2949 4575//2949 4576//2949
f 4576//2950 4578//2950 4577//2950
f 4576//2951 4562//2951 4281//2951
f 4281//2952 4295//2952 4576//2952
f 4578//2948 4576//2948 4295//2948
f 4295//2953 4297//2953 4578//2953
f 4566//2954 4565//2954 4579//2954
f 4579//2955 4580//2955 4566//2955
f 4285//2956 4566//2956 4580//2956
f 4580//2957 4301//2957 4285//2957
f 4580//2958 4579//2958 4581//2958
f 4581//2959 4582//2959 4580//2959
f 4301//2955 4580//2955 4582//2955
f 4582//2960 4304//2960 4301//2960
f 4570//2961 4569//2961 4583//2961
f 4583//2962 4584//2962 4570//2962
f 4289//2963 4570//2963 4584//2963
f 4584//2964 4307//2964 4289//2964
f 4584//2965 4583//2965 4585//2965
f 4585//2966 4586//2966 4584//2966
f 4307//2962 4584//2962 4586//2962
f 4586//2967 4310//2967 4307//2967
f 4587//2968 4573//2968 4574//2968
f 4574//2969 4588//2969 4587//2969
f 4589//2970 4587//2970 4588//2970
f 4588//2971 4590//2971 4589//2971
f 4588//2972 4574//2972 4293//2972
f 4293//2973 4313//2973 4588//2973
f 4590//2969 4588//2969 4313//2969
f 4313//2974 4315//2974 4590//2974
f 4591//2975 4577//2975 4578//2975
f 4578//2976 4592//2976 4591//2976
f 4593//2977 4591//2977 4592//2977
f 4592//2978 4594//2978 4593//2978
f 4592//2979 4578//2979 4297//2979
f 4297//2980 4319//2980 4592//2980
f 4594//2976 4592//2976 4319//2976
f 4319//2981 4321//2981 4594//2981
f 4582//2982 4581//2982 4595//2982
f 4595//2983 4596//2983 4582//2983
f 4304//2984 4582//2984 4596//2984
f 4596//2985 4325//2985 4304//2985
f 4596//2986 4595//2986 4597//2986
f 4597//2987 4598//2987 4596//2987
f 4325//2983 4596//2983 4598//2983
f 4598//2988 4328//2988 4325//2988
f 4586//2989 4585//2989 4599//2989
f 4599//2990 4600//2990 4586//2990
f 4310//2991 4586//2991 4600//2991
f 4600//2992 4331//2992 4310//2992
f 4600//2993 4599//2993 4601//2993
f 4601//2994 4602//2994 4600//2994
f 4331//2990 4600//2990 4602//2990
f 4602//2995 4334//2995 4331//2995
f 4603//2996 4589//2996 4590//2996
f 4590//2997 4604//2997 4603//2997
f 4605//2998 4603//2998 4604//2998
f 4604//2999 4606//2999 4605//2999
f 4604//3000 4590//3000 4315//3000
f 4315//3001 4337//3001 4604//3001
f 4606//2997 4604//2997 4337//2997
f 4337//3002 4339//3002 4606//3002
f 4607//3003 4593//3003 4594//3003
f 4594//3004 4608//3004 4607//3004
f 4609//3005 4607//3005 4608//3005
f 4608//3006 4610//3006 4609//3006
f 4608//3007 4594//3007 4321//3007
f 4321//3008 4611//3008 4608//3008
f 4610//3004 4608//3004 4611//3004
f 4611//3009 4612//3009 4610//3009
f 4598//3010 4597//3010 4613//3010
f 4613//3011 4614//3011 4598//3011
f 4328//3012 4598//3012 4614//3012
f 4614//3013 4615//3013 4328//3013
f 4614//3014 4613//3014 4616//3014
f 4616//3015 4617//3015 4614//3015
f 4615//3011 4614//3011 4617//3011
f 4617//3016 4618//3016 4615//3016
f 4602//3017 4601//3017 4619//3017
f 4619//3018 4620//3018 4602//3018
f 4334//3019 4602//3019 4620//3019
f 4620//3020 4621//3020 4334//3020
f 4620//3021 4619//3021 4622//3021
f 4622//3022 4623//3022 4620//3022
f 4621//3018 4620//3018 4623//3018
f 4623//3023 4624//3023 4621//3023
f 4625//3024 4605//3024 4606//3024
f 4606//3025 4626//3025 4625//3025
f 4627//3026 4625//3026 4626//3026
f 4626//3027 4628//3027 4627//3027
f 4626//3028 4606//3028 4339//3028
f 4339//3029 4629//3029 4626//3029
f 4628//3025 4626//3025 4629//3025
f 4629//3030 4630//3030 4628//3030
f 4631//3031 4609//3031 4610//3031
f 4610//3032 4632//3032 4631//3032
f 4633//3033 4631//3033 4632//3033
f 4632//3034 4634//3034 4633//3034
f 4632//3035 4610//3035 4612//3035
f 4612//3036 4635//3036 4632//3036
f 4634//3032 4632//3032 4635//3032
f 4635//3037 4636//3037 4634//3037
f 4617//3038 4616//3038 4637//3038
f 4637//3039 4638//3039 4617//3039
f 4618//3040 4617//3040 4638//3040
f 4638//3041 4639//3041 4618//3041
f 4638//3042 4637//3042 4640//3042
f 4640//3043 4641//3043 4638//3043
f 4639//3039 4638//3039 4641//3039
f 4641//3044 4642//3044 4639//3044
f 4623//3045 4622//3045 4643//3045
f 4643//3046 4644//3046 4623//3046
f 4624//3047 4623//3047 4644//3047
f 4644//3048 4645//3048 4624//3048
f 4644//3049 4643//3049 4646//3049
f 4646//3050 4647//3050 4644//3050
f 4645//3046 4644//3046 4647//3046
f 4647//3051 4648//3051 4645//3051
f 4649//3052 4627//3052 4628//3052
f 4628//3053 4650//3053 4649//3053
f 4651//3054 4649//3054 4650//3054
f 4650//3055 4652//3055 4651//3055
f 4650//3056 4628//3056 4630//3056
f 4630//3057 4653//3057 4650//3057
f 4652//3053 4650//3053 4653//3053
f 4653//3058 4654//3058 4652//3058
f 4655//3059 4656//3059 4657//3059
f 4657//3060 4658//3060 4655//3060
f 4659//3061 4655//3061 4658//3061
f 4658//3062 4660//3062 4659//3062
f 4658//3063 4657//3063 4661//3063
f 4661//3064 4662//3064 4658//3064
f 4660//3060 4658//3060 4662//3060
f 4662//3065 4663//3065 4660//3065
f 4664//3066 4665//3066 4666//3066
f 4666//3067 4667//3067 4664//3067
f 4668//3068 4664//3068 4667//3068
f 4667//3069 4669//3069 4668//3069
f 4667//3070 4666//3070 4670//3070
f 4670//3071 4671//3071 4667//3071
f 4669//3067 4667//3067 4671//3067
f 4671//3072 4672//3072 4669//3072
f 4673//3073 4674//3073 4675//3073
f 4675//3074 4676//3074 4673//3074
f 4677//3075 4673//3075 4676//3075
f 4676//3076 4678//3076 4677//3076
f 4676//3077 4675//3077 4679//3077
f 4679//3078 4680//3078 4676//3078
f 4678//3074 4676//3074 4680//3074
f 4680//3079 4681//3079 4678//3079
f 4682//3080 4683//3080 4684//3080
f 4684//3081 4685//3081 4682//3081
f 4686//3082 4682//3082 4685//3082
f 4685//3083 4687//3083 4686//3083
f 4685//3084 4684//3084 4688//3084
f 4688//3085 4689//3085 4685//3085
f 4687//3081 4685//3081 4689//3081
f 4689//3086 4690//3086 4687//3086
f 4691//3087 4659//3087 4660//3087
f 4660//3088 4692//3088 4691//3088
f 4693//3089 4691//3089 4692//3089
f 4692//3090 4694//3090 4693//3090
f 4692//3091 4660//3091 4663//3091
f 4663//3092 4695//3092 4692//3092
f 4694//3088 4692//3088 4695//3088
f 4695//3093 4344//3093 4694//3093
f 4671//3094 4670//3094 4696//3094
f 4696//3095 4697//3095 4671//3095
f 4672//3096 4671//3096 4697//3096
f 4697//3097 4698//3097 4672//3097
f 4697//3098 4696//3098 4699//3098
f 4699//3099 4700//3099 4697//3099
f 4698//3095 4697//3095 4700//3095
f 4700//3100 4353//3100 4698//3100
f 4680//3101 4679//3101 4701//3101
f 4701//3102 4702//3102 4680//3102
f 4681//3103 4680//3103 4702//3103
f 4702//3104 4703//3104 4681//3104
f 4702//3105 4701//3105 4704//3105
f 4704//3106 4705//3106 4702//3106
f 4703//3102 4702//3102 4705//3102
f 4705//3107 4362//3107 4703//3107
f 4706//3108 4686//3108 4687//3108
f 4687//3109 4707//3109 4706//3109
f 4708//3110 4706//3110 4707//3110
f 4707//3111 4709//3111 4708//3111
f 4707//3112 4687//3112 4690//3112
f 4690//3113 4710//3113 4707//3113
f 4709//3109 4707//3109 4710//3109
f 4710//3114 4371//3114 4709//3114
f 4711//3115 4693//3115 4694//3115
f 4694//3116 4712//3116 4711//3116
f 4713//3117 4711//3117 4712//3117
f 4712//3118 4714//3118 4713//3118
f 4712//3119 4694//3119 4344//3119
f 4344//3120 4343//3120 4712//3120
f 4714//3116 4712//3116 4343//3116
f 4343//3121 4347//3121 4714//3121
f 4700//3122 4699//3122 4715//3122
f 4715//3123 4716//3123 4700//3123
f 4353//3124 4700//3124 4716//3124
f 4716//3125 4354//3125 4353//3125
f 4716//3126 4715//3126 4717//3126
f 4717//3127 4718//3127 4716//3127
f 4354//3123 4716//3123 4718//3123
f 4718//3128 4358//3128 4354//3128
f 4705//3129 4704//3129 4719//3129
f 4719//3130 4720//3130 4705//3130
f 4362//3131 4705//3131 4720//3131
f 4720//3132 4363//3132 4362//3132
f 4720//3133 4719//3133 4721//3133
f 4721//3134 4722//3134 4720//3134
f 4363//3130 4720//3130 4722//3130
f 4722//3135 4367//3135 4363//3135
f 4723//3136 4708//3136 4709//3136
f 4709//3137 4724//3137 4723//3137
f 4725//3138 4723//3138 4724//3138
f 4724//3139 4726//3139 4725//3139
f 4724//3140 4709//3140 4371//3140
f 4371//3141 4370//3141 4724//3141
f 4726//3137 4724//3137 4370//3137
f 4370//3142 4374//3142 4726//3142
f 4727//3143 4713//3143 4714//3143
f 4714//3144 4728//3144 4727//3144
f 4729//3145 4727//3145 4728//3145
f 4728//3146 4730//3146 4729//3146
f 4728//3147 4714//3147 4347//3147
f 4347//3148 4379//3148 4728//3148
f 4730//3144 4728//3144 4379//3144
f 4379//3149 4381//3149 4730//3149
f 4718//3150 4717//3150 4731//3150
f 4731//3151 4732//3151 4718//3151
f 4358//3152 4718//3152 4732//3152
f 4732//3153 4384//3153 4358//3153
f 4732//3154 4731//3154 4733//3154
f 4733//3155 4734//3155 4732//3155
f 4384//3151 4732//3151 4734//3151
f 4734//3156 4387//3156 4384//3156
f 4722//3157 4721//3157 4735//3157
f 4735//3158 4736//3158 4722//3158
f 4367//3159 4722//3159 4736//3159
f 4736//3160 4389//3160 4367//3160
f 4736//3161 4735//3161 4737//3161
f 4737//3162 4738//3162 4736//3162
f 4389//3158 4736//3158 4738//3158
f 4738//3163 4392//3163 4389//3163
f 4739//3164 4725//3164 4726//3164
f 4726//3165 4740//3165 4739//3165
f 4741//3166 4739//3166 4740//3166
f 4740//3167 4742//3167 4741//3167
f 4740//3168 4726//3168 4374//3168
f 4374//3169 4394//3169 4740//3169
f 4742//3165 4740//3165 4394//3165
f 4394//3170 4396//3170 4742//3170
f 4743//3171 4729//3171 4730//3171
f 4730//3172 4744//3172 4743//3172
f 4745//3173 4743//3173 4744//3173
f 4744//3174 4746//3174 4745//3174
f 4744//3175 4730//3175 4381//3175
f 4381//3176 4399//3176 4744//3176
f 4746//3172 4744//3172 4399//3172
f 4399//3177 4401//3177 4746//3177
f 4734//3178 4733//3178 4747//3178
f 4747//3179 4748//3179 4734//3179
f 4387//3180 4734//3180 4748//3180
f 4748//3181 4403//3181 4387//3181
f 4748//3182 4747//3182 4749//3182
f 4749//3183 4750//3183 4748//3183
f 4403//3179 4748//3179 4750//3179
f 4750//3184 4405//3184 4403//3184
f 4738//3185 4737//3185 4751//3185
f 4751//3186 4752//3186 4738//3186
f 4392//3187 4738//3187 4752//3187
f 4752//3188 4407//3188 4392//3188
f 4752//3189 4751//3189 4753//3189
f 4753//3190 4754//3190 4752//3190
f 4407//3186 4752//3186 4754//3186
f 4754//3191 4409//3191 4407//3191
f 4755//3192 4741//3192 4742//3192
f 4742//3193 4756//3193 4755//3193
f 4757//3194 4755//3194 4756//3194
f 4756//3195 4758//3195 4757//3195
f 4756//3196 4742//3196 4396//3196
f 4396//3197 4411//3197 4756//3197
f 4758//3193 4756//3193 4411//3193
f 4411//3198 4413//3198 4758//3198
f 4759//3199 4745//3199 4746//3199
f 4746//3200 4760//3200 4759//3200
f 4761//3201 4759//3201 4760//3201
f 4760//3202 4762//3202 4761//3202
f 4760//3203 4746//3203 4401//3203
f 4401//3204 4415//3204 4760//3204
f 4762//3200 4760//3200 4415//3200
f 4415//3205 4417//3205 4762//3205
f 4750//3206 4749//3206 4763//3206
f 4763//3207 4764//3207 4750//3207
f 4405//3208 4750//3208 4764//3208
f 4764//3209 4419//3209 4405//3209
f 4764//3210 4763//3210 4765//3210
f 4765//3211 4766//3211 4764//3211
f 4419//3212 4764//3212 4766//3212
f 4766//3213 4421//3213 4419//3213
f 4754//3214 4753//3214 4767//3214
f 4767//3215 4768//3215 4754//3215
f 4409//3216 4754//3216 4768//3216
f 4768//3217 4423//3217 4409//3217
f 4768//3218 4767//3218 4769//3218
f 4769//3219 4770//3219 4768//3219
f 4423//3220 4768//3220 4770//3220
f 4770//3221 4425//3221 4423//3221
f 4771//3222 4757//3222 4758//3222
f 4758//3223 4772//3223 4771//3223
f 4773//3224 4771//3224 4772//3224
f 4772//3225 4774//3225 4773//3225
f 4772//3226 4758//3226 4413//3226
f 4413//3227 4427//3227 4772//3227
f 4774//3223 4772//3223 4427//3223
f 4427//3228 4429//3228 4774//3228
f 4775//3229 4761//3229 4762//3229
f 4762//3230 4776//3230 4775//3230
f 4777//3231 4775//3231 4776//3231
f 4776//3232 4778//3232 4777//3232
f 4776//3233 4762//3233 4417//3233
f 4417//3234 4431//3234 4776//3234
f 4778//3230 4776//3230 4431//3230
f 4431//3235 4433//3235 4778//3235
f 4766//3236 4765//3236 4779//3236
f 4779//3237 4780//3237 4766//3237
f 4421//3238 4766//3238 4780//3238
f 4780//3239 4435//3239 4421//3239
f 4780//3240 4779//3240 4781//3240
f 4781//3241 4782//3241 4780//3241
f 4435//3237 4780//3237 4782//3237
f 4782//3242 4437//3242 4435//3242
f 4770//3243 4769//3243 4783//3243
f 4783//3244 4784//3244 4770//3244
f 4425//3245 4770//3245 4784//3245
f 4784//3246 4439//3246 4425//3246
f 4784//3247 4783//3247 4785//3247
f 4785//3248 4786//3248 4784//3248
f 4439//3244 4784//3244 4786//3244
f 4786//3249 4441//3249 4439//3249
f 4787//3250 4773//3250 4774//3250
f 4774//3251 4788//3251 4787//3251
f 4789//3252 4787//3252 4788//3252
f 4788//3253 4790//3253 4789//3253
f 4788//3254 4774//3254 4429//3254
f 4429//3255 4443//3255 4788//3255
f 4790//3251 4788//3251 4443//3251
f 4443//3256 4445//3256 4790//3256
f 4791//3257 4777//3257 4778//3257
f 4778//3258 4792//3258 4791//3258
f 4793//3259 4791//3259 4792//3259
f 4792//3260 4794//3260 4793//3260
f 4792//3261 4778//3261 4433//3261
f 4433//3262 4447//3262 4792//3262
f 4794//3258 4792//3258 4447//3258
f 4447//3263 4449//3263 4794//3263
f 4782//3264 4781//3264 4795//3264
f 4795//3265 4796//3265 4782//3265
f 4437//3266 4782//3266 4796//3266
f 4796//3267 4451//3267 4437//3267
f 4796//3268 4795//3268 4797//3268
f 4797//3269 4798//3269 4796//3269
f 4451//3265 4796//3265 4798//3265
f 4798//3270 4453//3270 4451//3270
f 4786//3271 4785//3271 4799//3271
f 4799//3272 4800//3272 4786//3272
f 4441//3273 4786//3273 4800//3273
f 4800//3274 4455//3274 4441//3274
f 4800//3275 4799//3275 4801//3275
f 4801//3276 4802//3276 4800//3276
f 4455//3272 4800//3272 4802//3272
f 4802//3277 4457//3277 4455//3277
f 4803//3278 4789//3278 4790//3278
f 4790//3279 4804//3279 4803//3279
f 4805//3280 4803//3280 4804//3280
f 4804//3281 4806//3281 4805//3281
f 4804//3282 4790//3282 4445//3282
f 4445//3283 4459//3283 4804//3283
f 4806//3279 4804//3279 4459//3279
f 4459//3284 4461//3284 4806//3284
f 4807//3285 4793//3285 4794//3285
f 4794//3286 4808//3286 4807//3286
f 4809//3287 4807//3287 4808//3287
f 4808//3288 4810//3288 4809//3288
f 4808//3289 4794//3289 4449//3289
f 4449//3290 4463//3290 4808//3290
f 4810//3291 4808//3291 4463//3291
f 4463//3292 4465//3292 4810//3292
f 4798//3293 4797//3293 4811//3293
f 4811//3294 4812//3294 4798//3294
f 4453//3295 4798//3295 4812//3295
f 4812//3296 4467//3296 4453//3296
f 4812//3297 4811//3297 4813//3297
f 4813//3298 4814//3298 4812//3298
f 4467//3299 4812//3299 4814//3299
f 4814//3300 4469//3300 4467//3300
f 4802//3301 4801//3301 4815//3301
f 4815//3302 4816//3302 4802//3302
f 4457//3303 4802//3303 4816//3303
f 4816//3304 4471//3304 4457//3304
f 4816//3305 4815//3305 4817//3305
f 4817//3306 4818//3306 4816//3306
f 4471//3307 4816//3307 4818//3307
f 4818//3308 4473//3308 4471//3308
f 4819//3309 4805//3309 4806//3309
f 4806//3310 4820//3310 4819//3310
f 4821//3311 4819//3311 4820//3311
f 4820//3312 4822//3312 4821//3312
f 4820//3313 4806//3313 4461//3313
f 4461//3314 4475//3314 4820//3314
f 4822//3315 4820//3315 4475//3315
f 4475//3316 4477//3316 4822//3316
f 4823//3317 4809//3317 4810//3317
f 4810//3318 4824//3318 4823//3318
f 4825//3319 4823//3319 4824//3319
f 4824//3320 4826//3320 4825//3320
f 4824//3321 4810//3321 4465//3321
f 4465//3322 4479//3322 4824//3322
f 4826//3318 4824//3318 4479//3318
f 4479//3323 4481//3323 4826//3323
f 4814//3324 4813//3324 4827//3324
f 4827//3325 4828//3325 4814//3325
f 4469//3326 4814//3326 4828//3326
f 4828//3327 4483//3327 4469//3327
f 4828//3328 4827//3328 4829//3328
f 4829//3329 4830//3329 4828//3329
f 4483//3325 4828//3325 4830//3325
f 4830//3330 4485//3330 4483//3330
f 4818//3331 4817//3331 4831//3331
f 4831//3332 4832//3332 4818//3332
f 4473//3333 4818//3333 4832//3333
f 4832//3334 4487//3334 4473//3334
f 4832//3335 4831//3335 4833//3335
f 4833//3336 4834//3336 4832//3336
f 4487//3332 4832//3332 4834//3332
f 4834//3337 4489//3337 4487//3337
f 4835//3338 4821//3338 4822//3338
f 4822//3339 4836//3339 4835//3339
f 4837//3340 4835//3340 4836//3340
f 4836//3341 4838//3341 4837//3341
f 4836//3342 4822//3342 4477//3342
f 4477//3343 4491//3343 4836//3343
f 4838//3339 4836//3339 4491//3339
f 4491//3344 4493//3344 4838//3344
f 4839//3345 4825//3345 4826//3345
f 4826//3346 4840//3346 4839//3346
f 4841//3347 4839//3347 4840//3347
f 4840//3346 4842//3346 4841//3346
f 4840//3348 4826//3348 4481//3348
f 4481//3349 4495//3349 4840//3349
f 4842//3346 4840//3346 4495//3346
f 4495//3350 4497//3350 4842//3350
f 4830//3351 4829//3351 4843//3351
f 4843//3352 4844//3352 4830//3352
f 4485//3353 4830//3353 4844//3353
f 4844//3354 4499//3354 4485//3354
f 4844//3355 4843//3355 4845//3355
f 4845//3352 4846//3352 4844//3352
f 4499//3352 4844//3352 4846//3352
f 4846//3356 4501//3356 4499//3356
f 4834//3357 4833//3357 4847//3357
f 4847//3358 4848//3358 4834//3358
f 4489//3359 4834//3359 4848//3359
f 4848//3360 4503//3360 4489//3360
f 4848//3361 4847//3361 4849//3361
f 4849//3358 4850//3358 4848//3358
f 4503//3358 4848//3358 4850//3358
f 4850//3362 4505//3362 4503//3362
f 4851//3363 4837//3363 4838//3363
f 4838//3364 4852//3364 4851//3364
f 4853//3365 4851//3365 4852//3365
f 4852//3364 4854//3364 4853//3364
f 4852//3366 4838//3366 4493//3366
f 4493//3367 4507//3367 4852//3367
f 4854//3364 4852//3364 4507//3364
f 4507//3368 4509//3368 4854//3368
f 4855//3369 4841//3369 4842//3369
f 4842//3370 4856//3370 4855//3370
f 4857//3371 4855//3371 4856//3371
f 4856//3372 4858//3372 4857//3372
f 4856//3373 4842//3373 4497//3373
f 4497//3374 4511//3374 4856//3374
f 4858//3370 4856//3370 4511//3370
f 4511//3375 4513//3375 4858//3375
f 4846//3376 4845//3376 4859//3376
f 4859//3377 4860//3377 4846//3377
f 4501//3378 4846//3378 4860//3378
f 4860//3379 4515//3379 4501//3379
f 4860//3380 4859//3380 4861//3380
f 4861//3381 4862//3381 4860//3381
f 4515//3377 4860//3377 4862//3377
f 4862//3382 4517//3382 4515//3382
f 4850//3383 4849//3383 4863//3383
f 4863//3384 4864//3384 4850//3384
f 4505//3385 4850//3385 4864//3385
f 4864//3386 4519//3386 4505//3386
f 4864//3387 4863//3387 4865//3387
f 4865//3388 4866//3388 4864//3388
f 4519//3384 4864//3384 4866//3384
f 4866//3389 4521//3389 4519//3389
f 4867//3390 4853//3390 4854//3390
f 4854//3391 4868//3391 4867//3391
f 4869//3392 4867//3392 4868//3392
f 4868//3393 4870//3393 4869//3393
f 4868//3394 4854//3394 4509//3394
f 4509//3395 4523//3395 4868//3395
f 4870//3391 4868//3391 4523//3391
f 4523//3396 4525//3396 4870//3396
f 4871//3397 4857//3397 4858//3397
f 4858//3398 4872//3398 4871//3398
f 4873//3399 4871//3399 4872//3399
f 4872//3400 4874//3400 4873//3400
f 4872//3401 4858//3401 4513//3401
f 4513//3402 4527//3402 4872//3402
f 4874//3398 4872//3398 4527//3398
f 4527//3403 4529//3403 4874//3403
f 4862//3404 4861//3404 4875//3404
f 4875//3405 4876//3405 4862//3405
f 4517//3406 4862//3406 4876//3406
f 4876//3407 4531//3407 4517//3407
f 4876//3408 4875//3408 4877//3408
f 4877//3409 4878//3409 4876//3409
f 4531//3405 4876//3405 4878//3405
f 4878//3410 4533//3410 4531//3410
f 4866//3411 4865//3411 4879//3411
f 4879//3412 4880//3412 4866//3412
f 4521//3413 4866//3413 4880//3413
f 4880//3414 4535//3414 4521//3414
f 4880//3415 4879//3415 4881//3415
f 4881//3416 4882//3416 4880//3416
f 4535//3412 4880//3412 4882//3412
f 4882//3417 4537//3417 4535//3417
f 4883//3418 4869//3418 4870//3418
f 4870//3419 4884//3419 4883//3419
f 4885//3420 4883//3420 4884//3420
f 4884//3421 4886//3421 4885//3421
f 4884//3422 4870//3422 4525//3422
f 4525//3423 4539//3423 4884//3423
f 4886//3419 4884//3419 4539//3419
f 4539//3424 4541//3424 4886//3424
f 4887//3425 4873//3425 4874//3425
f 4874//3426 4888//3426 4887//3426
f 4889//3427 4887//3427 4888//3427
f 4888//3428 4890//3428 4889//3428
f 4888//3429 4874//3429 4529//3429
f 4529//3430 4543//3430 4888//3430
f 4890//3426 4888//3426 4543//3426
f 4543//3431 4545//3431 4890//3431
f 4878//3432 4877//3432 4891//3432
f 4891//3433 4892//3433 4878//3433
f 4533//3434 4878//3434 4892//3434
f 4892//3435 4547//3435 4533//3435
f 4892//3436 4891//3436 4893//3436
f 4893//3437 4894//3437 4892//3437
f 4547//3433 4892//3433 4894//3433
f 4894//3438 4549//3438 4547//3438
f 4882//3439 4881//3439 4895//3439
f 4895//3440 4896//3440 4882//3440
f 4537//3441 4882//3441 4896//3441
f 4896//3442 4551//3442 4537//3442
f 4896//3443 4895//3443 4897//3443
f 4897//3444 4898//3444 4896//3444
f 4551//3440 4896//3440 4898//3440
f 4898//3445 4553//3445 4551//3445
f 4899//3446 4885//3446 4886//3446
f 4886//3447 4900//3447 4899//3447
f 4901//3448 4899//3448 4900//3448
f 4900//3449 4902//3449 4901//3449
f 4900//3450 4886//3450 4541//3450
f 4541//3451 4555//3451 4900//3451
f 4902//3447 4900//3447 4555//3447
f 4555//3452 4557//3452 4902//3452
f 4903//3453 4889//3453 4890//3453
f 4890//3454 4904//3454 4903//3454
f 4905//3455 4903//3455 4904//3455
f 4904//3456 4906//3456 4905//3456
f 4904//3457 4890//3457 4545//3457
f 4545//3458 4559//3458 4904//3458
f 4906//3459 4904//3459 4559//3459
f 4559//3460 4561//3460 4906//3460
f 4894//3461 4893//3461 4907//3461
f 4907//3462 4908//3462 4894//3462
f 4549//3463 4894//3463 4908//3463
f 4908//3464 4563//3464 4549//3464
f 4908//3465 4907//3465 4909//3465
f 4909//3466 4910//3466 4908//3466
f 4563//3467 4908//3467 4910//3467
f 4910//3468 4565//3468 4563//3468
f 4898//3469 4897//3469 4911//3469
f 4911//3470 4912//3470 4898//3470
f 4553//3471 4898//3471 4912//3471
f 4912//3472 4567//3472 4553//3472
f 4912//3473 4911//3473 4913//3473
f 4913//3474 4914//3474 4912//3474
f 4567//3475 4912//3475 4914//3475
f 4914//3476 4569//3476 4567//3476
f 4915//3477 4901//3477 4902//3477
f 4902//3478 4916//3478 4915//3478
f 4917//3479 4915//3479 4916//3479
f 4916//3480 4918//3480 4917//3480
f 4916//3481 4902//3481 4557//3481
f 4557//3482 4571//3482 4916//3482
f 4918//3483 4916//3483 4571//3483
f 4571//3484 4573//3484 4918//3484
f 4919//3485 4905//3485 4906//3485
f 4906//3486 4920//3486 4919//3486
f 4921//3487 4919//3487 4920//3487
f 4920//3488 4922//3488 4921//3488
f 4920//3489 4906//3489 4561//3489
f 4561//3490 4575//3490 4920//3490
f 4922//3486 4920//3486 4575//3486
f 4575//3491 4577//3491 4922//3491
f 4910//3492 4909//3492 4923//3492
f 4923//3493 4924//3493 4910//3493
f 4565//3494 4910//3494 4924//3494
f 4924//3495 4579//3495 4565//3495
f 4924//3496 4923//3496 4925//3496
f 4925//3497 4926//3497 4924//3497
f 4579//3493 4924//3493 4926//3493
f 4926//3498 4581//3498 4579//3498
f 4914//3499 4913//3499 4927//3499
f 4927//3500 4928//3500 4914//3500
f 4569//3501 4914//3501 4928//3501
f 4928//3502 4583//3502 4569//3502
f 4928//3503 4927//3503 4929//3503
f 4929//3504 4930//3504 4928//3504
f 4583//3500 4928//3500 4930//3500
f 4930//3505 4585//3505 4583//3505
f 4931//3506 4917//3506 4918//3506
f 4918//3507 4932//3507 4931//3507
f 4933//3508 4931//3508 4932//3508
f 4932//3509 4934//3509 4933//3509
f 4932//3510 4918//3510 4573//3510
f 4573//3511 4587//3511 4932//3511
f 4934//3507 4932//3507 4587//3507
f 4587//3512 4589//3512 4934//3512
f 4935//3513 4921//3513 4922//3513
f 4922//3514 4936//3514 4935//3514
f 4937//3515 4935//3515 4936//3515
f 4936//3516 4938//3516 4937//3516
f 4936//3517 4922//3517 4577//3517
f 4577//3518 4591//3518 4936//3518
f 4938//3514 4936//3514 4591//3514
f 4591//3519 4593//3519 4938//3519
f 4926//3520 4925//3520 4939//3520
f 4939//3521 4940//3521 4926//3521
f 4581//3522 4926//3522 4940//3522
f 4940//3523 4595//3523 4581//3523
f 4940//3524 4939//3524 4941//3524
f 4941//3525 4942//3525 4940//3525
f 4595//3521 4940//3521 4942//3521
f 4942//3526 4597//3526 4595//3526
f 4930//3527 4929//3527 4943//3527
f 4943//3528 4944//3528 4930//3528
f 4585//3529 4930//3529 4944//3529
f 4944//3530 4599//3530 4585//3530
f 4944//3531 4943//3531 4945//3531
f 4945//3532 4946//3532 4944//3532
f 4599//3528 4944//3528 4946//3528
f 4946//3533 4601//3533 4599//3533
f 4947//3534 4933//3534 4934//3534
f 4934//3535 4948//3535 4947//3535
f 4949//3536 4947//3536 4948//3536
f 4948//3537 4950//3537 4949//3537
f 4948//3538 4934//3538 4589//3538
f 4589//3539 4603//3539 4948//3539
f 4950//3535 4948//3535 4603//3535
f 4603//3540 4605//3540 4950//3540
f 4951//3541 4937//3541 4938//3541
f 4938//3542 4952//3542 4951//3542
f 4953//3543 4951//3543 4952//3543
f 4952//3544 4954//3544 4953//3544
f 4952//3545 4938//3545 4593//3545
f 4593//3546 4607//3546 4952//3546
f 4954//3547 4952//3547 4607//3547
f 4607//3548 4609//3548 4954//3548
f 4942//3549 4941//3549 4955//3549
f 4955//3550 4956//3550 4942//3550
f 4597//3551 4942//3551 4956//3551
f 4956//3552 4613//3552 4597//3552
f 4956//3553 4955//3553 4957//3553
f 4957//3554 4958//3554 4956//3554
f 4613//3550 4956//3550 4958//3550
f 4958//3555 4616//3555 4613//3555
f 4946//3556 4945//3556 4959//3556
f 4959//3557 4960//3557 4946//3557
f 4601//3558 4946//3558 4960//3558
f 4960//3559 4619//3559 4601//3559
f 4960//3560 4959//3560 4961//3560
f 4961//3561 4962//3561 4960//3561
f 4619//3557 4960//3557 4962//3557
f 4962//3562 4622//3562 4619//3562
f 4963//3563 4949//3563 4950//3563
f 4950//3564 4964//3564 4963//3564
f 4965//3565 4963//3565 4964//3565
f 4964//3566 4966//3566 4965//3566
f 4964//3567 4950//3567 4605//3567
f 4605//3568 4625//3568 4964//3568
f 4966//3569 4964//3569 4625//3569
f 4625//3570 4627//3570 4966//3570
f 4967//3571 4953//3571 4954//3571
f 4954//3572 4968//3572 4967//3572
f 4969//3573 4967//3573 4968//3573
f 4968//3574 4970//3574 4969//3574
f 4968//3575 4954//3575 4609//3575
f 4609//3576 4631//3576 4968//3576
f 4970//3572 4968//3572 4631//3572
f 4631//3577 4633//3577 4970//3577
f 4958//3578 4957//3578 4971//3578
f 4971//3579 4972//3579 4958//3579
f 4616//3580 4958//3580 4972//3580
f 4972//3581 4637//3581 4616//3581
f 4972//3582 4971//3582 4973//3582
f 4973//3583 4974//3583 4972//3583
f 4637//3579 4972//3579 4974//3579
f 4974//3584 4640//3584 4637//3584
f 4962//3585 4961//3585 4975//3585
f 4975//3586 4976//3586 4962//3586
f 4622//3587 4962//3587 4976//3587
f 4976//3588 4643//3588 4622//3588
f 4976//3589 4975//3589 4977//3589
f 4977//3590 4978//3590 4976//3590
f 4643//3586 4976//3586 4978//3586
f 4978//3591 4646//3591 4643//3591
f 4979//3592 4965//3592 4966//3592
f 4966//3593 4980//3593 4979//3593
f 4981//3594 4979//3594 4980//3594
f 4980//3595 4982//3595 4981//3595
f 4980//3596 4966//3596 4627//3596
f 4627//3597 4649//3597 4980//3597
f 4982//3593 4980//3593 4649//3593
f 4649//3598 4651//3598 4982//3598
f 4983//3599 4969//3599 4970//3599
f 4970//3600 4984//3600 4983//3600
f 4985//3601 4983//3601 4984//3601
f 4984//3602 4986//3602 4985//3602
f 4984//3603 4970//3603 4633//3603
f 4633//3604 4987//3604 4984//3604
f 4986//3600 4984//3600 4987//3600
f 4987//3605 4988//3605 4986//3605
f 4974//3606 4973//3606 4989//3606
f 4989//3607 4990//3607 4974//3607
f 4640//3608 4974//3608 4990//3608
f 4990//3609 4991//3609 4640//3609
f 4990//3610 4989//3610 4992//3610
f 4992//3611 4993//3611 4990//3611
f 4991//3607 4990//3607 4993//3607
f 4993//3612 4994//3612 4991//3612
f 4978//3613 4977//3613 4995//3613
f 4995//3614 4996//3614 4978//3614
f 4646//3615 4978//3615 4996//3615
f 4996//3616 4997//3616 4646//3616
f 4996//3617 4995//3617 4998//3617
f 4998//3618 4999//3618 4996//3618
f 4997//3614 4996//3614 4999//3614
f 4999//3619 5000//3619 4997//3619
f 5001//3620 4981//3620 4982//3620
f 4982//3621 5002//3621 5001//3621
f 5003//3622 5001//3622 5002//3622
f 5002//3623 5004//3623 5003//3623
f 5002//3624 4982//3624 4651//3624
f 4651//3625 5005//3625 5002//3625
f 5004//3621 5002//3621 5005//3621
f 5005//3626 5006//3626 5004//3626
f 5007//3627 5008//3627 5009//3627
f 5009//3628 5010//3628 5007//3628
f 156//3629 5007//3629 5010//3629
f 5010//3630 179//3630 156//3630
f 5010//3627 5009//3627 5011//3627
f 5011//3628 5012//3628 5010//3628
f 179//3631 5010//3631 5012//3631
f 5012//3632 180//3632 179//3632
f 5013//3633 5014//3633 5015//3633
f 5015//3634 5016//3634 5013//3634
f 5017//3633 5013//3633 5016//3633
f 5016//3634 5018//3634 5017//3634
f 5016//3635 5015//3635 162//3635
f 162//3636 183//3636 5016//3636
f 5018//3637 5016//3637 183//3637
f 183//3638 186//3638 5018//3638
f 5019//3639 5020//3639 5021//3639
f 5021//3640 5022//3640 5019//3640
f 5023//3639 5019//3639 5022//3639
f 5022//3640 5024//3640 5023//3640
f 5022//3641 5021//3641 168//3641
f 168//3642 189//3642 5022//3642
f 5024//3643 5022//3643 189//3643
f 189//3644 192//3644 5024//3644
f 5025//3645 5026//3645 5027//3645
f 5027//3646 5028//3646 5025//3646
f 174//3647 5025//3647 5028//3647
f 5028//3648 197//3648 174//3648
f 5028//3645 5027//3645 5029//3645
f 5029//3646 5030//3646 5028//3646
f 197//3649 5028//3649 5030//3649
f 5030//3650 198//3650 197//3650
f 5012//3651 5011//3651 5031//3651
f 5031//3652 5032//3652 5012//3652
f 180//3651 5012//3651 5032//3651
f 5032//3653 203//3653 180//3653
f 5032//3654 5031//3654 5033//3654
f 5033//3652 5034//3652 5032//3652
f 203//3652 5032//3652 5034//3652
f 5034//3653 204//3653 203//3653
f 5035//3655 5017//3655 5018//3655
f 5018//3656 5036//3656 5035//3656
f 5037//3657 5035//3657 5036//3657
f 5036//3656 5038//3656 5037//3656
f 5036//3655 5018//3655 186//3655
f 186//3658 207//3658 5036//3658
f 5038//3656 5036//3656 207//3656
f 207//3658 210//3658 5038//3658
f 5039//3659 5023//3659 5024//3659
f 5024//3660 5040//3660 5039//3660
f 5041//3661 5039//3661 5040//3661
f 5040//3660 5042//3660 5041//3660
f 5040//3659 5024//3659 192//3659
f 192//3662 213//3662 5040//3662
f 5042//3660 5040//3660 213//3660
f 213//3662 216//3662 5042//3662
f 5030//3663 5029//3663 5043//3663
f 5043//3664 5044//3664 5030//3664
f 198//3663 5030//3663 5044//3663
f 5044//3665 221//3665 198//3665
f 5044//3666 5043//3666 5045//3666
f 5045//3664 5046//3664 5044//3664
f 221//3664 5044//3664 5046//3664
f 5046//3665 222//3665 221//3665
f 5034//3667 5033//3667 5047//3667
f 5047//3667 5048//3667 5034//3667
f 204//3668 5034//3668 5048//3668
f 5048//3669 227//3669 204//3669
f 5048//3667 5047//3667 5049//3667
f 5049//3667 5050//3667 5048//3667
f 227//3667 5048//3667 5050//3667
f 5050//3669 228//3669 227//3669
f 5051//3670 5037//3670 5038//3670
f 5038//3670 5052//3670 5051//3670
f 5053//3670 5051//3670 5052//3670
f 5052//3670 5054//3670 5053//3670
f 5052//3671 5038//3671 210//3671
f 210//3672 231//3672 5052//3672
f 5054//3670 5052//3670 231//3670
f 231//3672 234//3672 5054//3672
f 5055//3673 5041//3673 5042//3673
f 5042//3673 5056//3673 5055//3673
f 5057//3673 5055//3673 5056//3673
f 5056//3673 5058//3673 5057//3673
f 5056//3674 5042//3674 216//3674
f 216//3675 237//3675 5056//3675
f 5058//3673 5056//3673 237//3673
f 237//3675 240//3675 5058//3675
f 5046//3676 5045//3676 5059//3676
f 5059//3676 5060//3676 5046//3676
f 222//3677 5046//3677 5060//3677
f 5060//3678 245//3678 222//3678
f 5060//3676 5059//3676 5061//3676
f 5061//3676 5062//3676 5060//3676
f 245//3676 5060//3676 5062//3676
f 5062//3678 246//3678 245//3678
f 5050//3679 5049//3679 5063//3679
f 5063//3680 5064//3680 5050//3680
f 228//3681 5050//3681 5064//3681
f 5064//3682 251//3682 228//3682
f 5064//3680 5063//3680 5065//3680
f 5065//3683 5066//3683 5064//3683
f 251//3680 5064//3680 5066//3680
f 5066//3683 252//3683 251//3683
f 5067//3684 5053//3684 5054//3684
f 5054//3685 5068//3685 5067//3685
f 5069//3685 5067//3685 5068//3685
f 5068//3686 5070//3686 5069//3686
f 5068//3687 5054//3687 234//3687
f 234//3688 255//3688 5068//3688
f 5070//3685 5068//3685 255//3685
f 255//3686 258//3686 5070//3686
f 5071//3689 5057//3689 5058//3689
f 5058//3690 5072//3690 5071//3690
f 5073//3690 5071//3690 5072//3690
f 5072//3691 5074//3691 5073//3691
f 5072//3692 5058//3692 240//3692
f 240//3693 261//3693 5072//3693
f 5074//3690 5072//3690 261//3690
f 261//3691 264//3691 5074//3691
f 5062//3694 5061//3694 5075//3694
f 5075//3695 5076//3695 5062//3695
f 246//3696 5062//3696 5076//3696
f 5076//3697 269//3697 246//3697
f 5076//3695 5075//3695 5077//3695
f 5077//3698 5078//3698 5076//3698
f 269//3695 5076//3695 5078//3695
f 5078//3698 270//3698 269//3698
f 5066//3699 5065//3699 5079//3699
f 5079//3699 5080//3699 5066//3699
f 252//3699 5066//3699 5080//3699
f 5080//3700 275//3700 252//3700
f 5080//3699 5079//3699 5081//3699
f 5081//3699 5082//3699 5080//3699
f 275//3699 5080//3699 5082//3699
f 5082//3699 276//3699 275//3699
f 5083//3701 5069//3701 5070//3701
f 5070//3701 5084//3701 5083//3701
f 5085//3701 5083//3701 5084//3701
f 5084//3701 5086//3701 5085//3701
f 5084//3701 5070//3701 258//3701
f 258//3701 279//3701 5084//3701
f 5086//3701 5084//3701 279//3701
f 279//3701 282//3701 5086//3701
f 5087//3702 5073//3702 5074//3702
f 5074//3702 5088//3702 5087//3702
f 5089//3702 5087//3702 5088//3702
f 5088//3702 5090//3702 5089//3702
f 5088//3702 5074//3702 264//3702
f 264//3702 285//3702 5088//3702
f 5090//3702 5088//3702 285//3702
f 285//3702 288//3702 5090//3702
f 5078//3703 5077//3703 5091//3703
f 5091//3703 5092//3703 5078//3703
f 270//3703 5078//3703 5092//3703
f 5092//3704 293//3704 270//3704
f 5092//3703 5091//3703 5093//3703
f 5093//3703 5094//3703 5092//3703
f 293//3703 5092//3703 5094//3703
f 5094//3703 294//3703 293//3703
f 5082//3705 5081//3705 5095//3705
f 5095//3705 5096//3705 5082//3705
f 276//3705 5082//3705 5096//3705
f 5096//3705 299//3705 276//3705
f 5096//3705 5095//3705 5097//3705
f 5097//3705 5098//3705 5096//3705
f 299//3705 5096//3705 5098//3705
f 5098//3706 300//3706 299//3706
f 5099//3707 5085//3707 5086//3707
f 5086//3707 5100//3707 5099//3707
f 5101//3707 5099//3707 5100//3707
f 5100//3707 5102//3707 5101//3707
f 5100//3707 5086//3707 282//3707
f 282//3707 303//3707 5100//3707
f 5102//3707 5100//3707 303//3707
f 303//3708 306//3708 5102//3708
f 5103//3709 5089//3709 5090//3709
f 5090//3709 5104//3709 5103//3709
f 5105//3709 5103//3709 5104//3709
f 5104//3709 5106//3709 5105//3709
f 5104//3709 5090//3709 288//3709
f 288//3709 309//3709 5104//3709
f 5106//3709 5104//3709 309//3709
f 309//3710 312//3710 5106//3710
f 5094//3711 5093//3711 5107//3711
f 5107//3711 5108//3711 5094//3711
f 294//3711 5094//3711 5108//3711
f 5108//3711 317//3711 294//3711
f 5108//3711 5107//3711 5109//3711
f 5109//3711 5110//3711 5108//3711
f 317//3711 5108//3711 5110//3711
f 5110//3712 318//3712 317//3712
f 5098//3713 5097//3713 5111//3713
f 5111//3713 5112//3713 5098//3713
f 300//3713 5098//3713 5112//3713
f 5112//3713 323//3713 300//3713
f 5112//3713 5111//3713 5113//3713
f 5113//3713 5114//3713 5112//3713
f 323//3713 5112//3713 5114//3713
f 5114//3713 324//3713 323//3713
f 5115//3714 5101//3714 5102//3714
f 5102//3714 5116//3714 5115//3714
f 5117//3714 5115//3714 5116//3714
f 5116//3714 5118//3714 5117//3714
f 5116//3714 5102//3714 306//3714
f 306//3714 327//3714 5116//3714
f 5118//3714 5116//3714 327//3714
f 327//3714 330//3714 5118//3714
f 5119//3715 5105//3715 5106//3715
f 5106//3715 5120//3715 5119//3715
f 5121//3715 5119//3715 5120//3715
f 5120//3715 5122//3715 5121//3715
f 5120//3715 5106//3715 312//3715
f 312//3715 333//3715 5120//3715
f 5122//3715 5120//3715 333//3715
f 333//3715 336//3715 5122//3715
f 5110//3716 5109//3716 5123//3716
f 5123//3716 5124//3716 5110//3716
f 318//3716 5110//3716 5124//3716
f 5124//3716 341//3716 318//3716
f 5124//3716 5123//3716 5125//3716
f 5125//3716 5126//3716 5124//3716
f 341//3716 5124//3716 5126//3716
f 5126//3716 342//3716 341//3716
f 5114//3717 5113//3717 5127//3717
f 5127//3717 5128//3717 5114//3717
f 324//3717 5114//3717 5128//3717
f 5128//3717 347//3717 324//3717
f 5128//3717 5127//3717 5129//3717
f 5129//3717 5130//3717 5128//3717
f 347//3717 5128//3717 5130//3717
f 5130//3717 348//3717 347//3717
f 5131//3718 5117//3718 5118//3718
f 5118//3718 5132//3718 5131//3718
f 5133//3718 5131//3718 5132//3718
f 5132//3718 5134//3718 5133//3718
f 5132//3718 5118//3718 330//3718
f 330//3718 351//3718 5132//3718
f 5134//3718 5132//3718 351//3718
f 351//3718 354//3718 5134//3718
f 5135//3719 5121//3719 5122//3719
f 5122//3719 5136//3719 5135//3719
f 5137//3719 5135//3719 5136//3719
f 5136//3719 5138//3719 5137//3719
f 5136//3719 5122//3719 336//3719
f 336//3719 357//3719 5136//3719
f 5138//3719 5136//3719 357//3719
f 357//3719 360//3719 5138//3719
f 5126//3720 5125//3720 5139//3720
f 5139//3720 5140//3720 5126//3720
f 342//3720 5126//3720 5140//3720
f 5140//3720 365//3720 342//3720
f 5140//3720 5139//3720 5141//3720
f 5141//3720 5142//3720 5140//3720
f 365//3720 5140//3720 5142//3720
f 5142//3720 366//3720 365//3720
f 5130//3721 5129//3721 5143//3721
f 5143//3721 5144//3721 5130//3721
f 348//3721 5130//3721 5144//3721
f 5144//3721 371//3721 348//3721
f 5144//3721 5143//3721 5145//3721
f 5145//3721 5146//3721 5144//3721
f 371//3721 5144//3721 5146//3721
f 5146//3721 372//3721 371//3721
f 5147//3722 5133//3722 5134//3722
f 5134//3722 5148//3722 5147//3722
f 5149//3722 5147//3722 5148//3722
f 5148//3722 5150//3722 5149//3722
f 5148//3722 5134//3722 354//3722
f 354//3722 375//3722 5148//3722
f 5150//3722 5148//3722 375//3722
f 375//3722 378//3722 5150//3722
f 5151//3723 5137//3723 5138//3723
f 5138//3723 5152//3723 5151//3723
f 5153//3723 5151//3723 5152//3723
f 5152//3723 5154//3723 5153//3723
f 5152//3723 5138//3723 360//3723
f 360//3723 381//3723 5152//3723
f 5154//3723 5152//3723 381//3723
f 381//3723 384//3723 5154//3723
f 5142//3724 5141//3724 5155//3724
f 5155//3724 5156//3724 5142//3724
f 366//3724 5142//3724 5156//3724
f 5156//3724 389//3724 366//3724
f 5156//3724 5155//3724 5157//3724
f 5157//3724 5158//3724 5156//3724
f 389//3724 5156//3724 5158//3724
f 5158//3724 390//3724 389//3724
f 5146//3725 5145//3725 5159//3725
f 5159//3726 5160//3726 5146//3726
f 372//3727 5146//3727 5160//3727
f 5160//3728 5161//3728 372//3728
f 5160//3729 5159//3729 5162//3729
f 5162//3730 5163//3730 5160//3730
f 5161//3726 5160//3726 5163//3726
f 5163//3731 5164//3731 5161//3731
f 5165//3732 5149//3732 5150//3732
f 5150//3733 5166//3733 5165//3733
f 5167//3734 5165//3734 5166//3734
f 5166//3735 5168//3735 5167//3735
f 5166//3736 5150//3736 378//3736
f 378//3737 5169//3737 5166//3737
f 5168//3733 5166//3733 5169//3733
f 5169//3738 5170//3738 5168//3738
f 5171//3739 5153//3739 5154//3739
f 5154//3740 5172//3740 5171//3740
f 5173//3741 5171//3741 5172//3741
f 5172//3742 5174//3742 5173//3742
f 5172//3743 5154//3743 384//3743
f 384//3744 5175//3744 5172//3744
f 5174//3740 5172//3740 5175//3740
f 5175//3745 5176//3745 5174//3745
f 5158//3746 5157//3746 5177//3746
f 5177//3747 5178//3747 5158//3747
f 390//3748 5158//3748 5178//3748
f 5178//3749 5179//3749 390//3749
f 5178//3750 5177//3750 5180//3750
f 5180//3751 5181//3751 5178//3751
f 5179//3747 5178//3747 5181//3747
f 5181//3752 5182//3752 5179//3752
f 5183//3753 5184//3753 5185//3753
f 5185//3754 5186//3754 5183//3754
f 132//3753 5183//3753 5186//3753
f 5186//3755 155//3755 132//3755
f 5186//3753 5185//3753 5008//3753
f 5008//3754 5007//3754 5186//3754
f 155//3754 5186//3754 5007//3754
f 5007//3755 156//3755 155//3755
f 5187//3756 5188//3756 5189//3756
f 5189//3757 5190//3757 5187//3757
f 5014//3756 5187//3756 5190//3756
f 5190//3757 5015//3757 5014//3757
f 5190//3756 5189//3756 138//3756
f 138//3758 159//3758 5190//3758
f 5015//3757 5190//3757 159//3757
f 159//3758 162//3758 5015//3758
f 5191//3759 5192//3759 5193//3759
f 5193//3760 5194//3760 5191//3760
f 5020//3759 5191//3759 5194//3759
f 5194//3760 5021//3760 5020//3760
f 5194//3759 5193//3759 144//3759
f 144//3761 165//3761 5194//3761
f 5021//3760 5194//3760 165//3760
f 165//3761 168//3761 5021//3761
f 5195//3762 5196//3762 5197//3762
f 5197//3763 5198//3763 5195//3763
f 150//3762 5195//3762 5198//3762
f 5198//3764 173//3764 150//3764
f 5198//3762 5197//3762 5026//3762
f 5026//3763 5025//3763 5198//3763
f 173//3763 5198//3763 5025//3763
f 5025//3764 174//3764 173//3764
f 5199//3765 5200//3765 5201//3765
f 5201//3766 5202//3766 5199//3766
f 108//3766 5199//3766 5202//3766
f 5202//3766 131//3766 108//3766
f 5202//3765 5201//3765 5184//3765
f 5184//3767 5183//3767 5202//3767
f 131//3766 5202//3766 5183//3766
f 5183//3766 132//3766 131//3766
f 5203//3768 5204//3768 5205//3768
f 5205//3769 5206//3769 5203//3769
f 5188//3768 5203//3768 5206//3768
f 5206//3770 5189//3770 5188//3770
f 5206//3769 5205//3769 114//3769
f 114//3769 135//3769 5206//3769
f 5189//3769 5206//3769 135//3769
f 135//3769 138//3769 5189//3769
f 5207//3771 5208//3771 5209//3771
f 5209//3772 5210//3772 5207//3772
f 5192//3771 5207//3771 5210//3771
f 5210//3773 5193//3773 5192//3773
f 5210//3772 5209//3772 120//3772
f 120//3772 141//3772 5210//3772
f 5193//3772 5210//3772 141//3772
f 141//3772 144//3772 5193//3772
f 5211//3774 5212//3774 5213//3774
f 5213//3775 5214//3775 5211//3775
f 126//3775 5211//3775 5214//3775
f 5214//3775 149//3775 126//3775
f 5214//3774 5213//3774 5196//3774
f 5196//3776 5195//3776 5214//3776
f 149//3775 5214//3775 5195//3775
f 5195//3775 150//3775 149//3775
f 5215//3777 5216//3777 5217//3777
f 5217//3777 5218//3777 5215//3777
f 84//3777 5215//3777 5218//3777
f 5218//3778 107//3778 84//3778
f 5218//3779 5217//3779 5200//3779
f 5200//3779 5199//3779 5218//3779
f 107//3779 5218//3779 5199//3779
f 5199//3778 108//3778 107//3778
f 5219//3780 5220//3780 5221//3780
f 5221//3781 5222//3781 5219//3781
f 5204//3780 5219//3780 5222//3780
f 5222//3781 5205//3781 5204//3781
f 5222//3780 5221//3780 90//3780
f 90//3782 111//3782 5222//3782
f 5205//3780 5222//3780 111//3780
f 111//3781 114//3781 5205//3781
f 5223//3783 5224//3783 5225//3783
f 5225//3784 5226//3784 5223//3784
f 5208//3783 5223//3783 5226//3783
f 5226//3784 5209//3784 5208//3784
f 5226//3783 5225//3783 96//3783
f 96//3785 117//3785 5226//3785
f 5209//3783 5226//3783 117//3783
f 117//3784 120//3784 5209//3784
f 5227//3786 5228//3786 5229//3786
f 5229//3786 5230//3786 5227//3786
f 102//3786 5227//3786 5230//3786
f 5230//3787 125//3787 102//3787
f 5230//3788 5229//3788 5212//3788
f 5212//3788 5211//3788 5230//3788
f 125//3788 5230//3788 5211//3788
f 5211//3787 126//3787 125//3787
f 5231//3789 5232//3789 5233//3789
f 5233//3790 5234//3790 5231//3790
f 60//3791 5231//3791 5234//3791
f 5234//3790 83//3790 60//3790
f 5234//3792 5233//3792 5216//3792
f 5216//3793 5215//3793 5234//3793
f 83//3790 5234//3790 5215//3790
f 5215//3793 84//3793 83//3793
f 5235//3794 5236//3794 5237//3794
f 5237//3795 5238//3795 5235//3795
f 5220//3796 5235//3796 5238//3796
f 5238//3797 5221//3797 5220//3797
f 5238//3798 5237//3798 66//3798
f 66//3795 87//3795 5238//3795
f 5221//3795 5238//3795 87//3795
f 87//3797 90//3797 5221//3797
f 5239//3799 5240//3799 5241//3799
f 5241//3800 5242//3800 5239//3800
f 5224//3801 5239//3801 5242//3801
f 5242//3802 5225//3802 5224//3802
f 5242//3803 5241//3803 72//3803
f 72//3800 93//3800 5242//3800
f 5225//3800 5242//3800 93//3800
f 93//3802 96//3802 5225//3802
f 5243//3804 5244//3804 5245//3804
f 5245//3805 5246//3805 5243//3805
f 78//3806 5243//3806 5246//3806
f 5246//3805 101//3805 78//3805
f 5246//3807 5245//3807 5228//3807
f 5228//3808 5227//3808 5246//3808
f 101//3805 5246//3805 5227//3805
f 5227//3808 102//3808 101//3808
f 5247//3809 5248//3809 5249//3809
f 5249//3810 5250//3810 5247//3810
f 36//3811 5247//3811 5250//3811
f 5250//3812 59//3812 36//3812
f 5250//3813 5249//3813 5232//3813
f 5232//3810 5231//3810 5250//3810
f 59//3810 5250//3810 5231//3810
f 5231//3810 60//3810 59//3810
f 5251//3814 5252//3814 5253//3814
f 5253//3815 5254//3815 5251//3815
f 5236//3816 5251//3816 5254//3816
f 5254//3815 5237//3815 5236//3815
f 5254//3817 5253//3817 42//3817
f 42//3818 63//3818 5254//3818
f 5237//3815 5254//3815 63//3815
f 63//3818 66//3818 5237//3818
f 5255//3819 5256//3819 5257//3819
f 5257//3820 5258//3820 5255//3820
f 5240//3821 5255//3821 5258//3821
f 5258//3820 5241//3820 5240//3820
f 5258//3822 5257//3822 48//3822
f 48//3823 69//3823 5258//3823
f 5241//3820 5258//3820 69//3820
f 69//3823 72//3823 5241//3823
f 5259//3824 5260//3824 5261//3824
f 5261//3825 5262//3825 5259//3825
f 54//3826 5259//3826 5262//3826
f 5262//3827 77//3827 54//3827
f 5262//3828 5261//3828 5244//3828
f 5244//3825 5243//3825 5262//3825
f 77//3825 5262//3825 5243//3825
f 5243//3825 78//3825 77//3825
f 5263//3829 5264//3829 5265//3829
f 5265//3830 5266//3830 5263//3830
f 9//3829 5263//3829 5266//3829
f 5266//3831 35//3831 9//3831
f 5266//3830 5265//3830 5248//3830
f 5248//3830 5247//3830 5266//3830
f 35//3830 5266//3830 5247//3830
f 5247//3831 36//3831 35//3831
f 5267//3832 5268//3832 5269//3832
f 5269//3833 5270//3833 5267//3833
f 5252//3833 5267//3833 5270//3833
f 5270//3833 5253//3833 5252//3833
f 5270//3832 5269//3832 18//3832
f 18//3834 39//3834 5270//3834
f 5253//3833 5270//3833 39//3833
f 39//3834 42//3834 5253//3834
f 5271//3835 5272//3835 5273//3835
f 5273//3836 5274//3836 5271//3836
f 5256//3836 5271//3836 5274//3836
f 5274//3836 5257//3836 5256//3836
f 5274//3835 5273//3835 24//3835
f 24//3837 45//3837 5274//3837
f 5257//3836 5274//3836 45//3836
f 45//3837 48//3837 5257//3837
f 5275//3838 5276//3838 5277//3838
f 5277//3839 5278//3839 5275//3839
f 30//3838 5275//3838 5278//3838
f 5278//3840 53//3840 30//3840
f 5278//3839 5277//3839 5260//3839
f 5260//3839 5259//3839 5278//3839
f 53//3839 5278//3839 5259//3839
f 5259//3840 54//3840 53//3840
f 5279//3841 5280//3841 5281//3841
f 5281//3841 5282//3841 5279//3841
f 7//3842 5279//3842 5282//3842
f 5282//3843 8//3843 7//3843
f 5282//3841 5281//3841 5264//3841
f 5264//3841 5263//3841 5282//3841
f 8//3841 5282//3841 5263//3841
f 5263//3843 9//3843 8//3843
f 5283//3844 5284//3844 5285//3844
f 5285//3844 5286//3844 5283//3844
f 5268//3844 5283//3844 5286//3844
f 5286//3844 5269//3844 5268//3844
f 5286//3845 5285//3845 14//3845
f 14//3846 15//3846 5286//3846
f 5269//3844 5286//3844 15//3844
f 15//3846 18//3846 5269//3846
f 5287//3847 5280//3847 5279//3847
f 5279//3847 5288//3847 5287//3847
f 5272//3847 5287//3847 5288//3847
f 5288//3847 5273//3847 5272//3847
f 5288//3848 5279//3848 7//3848
f 7//3849 21//3849 5288//3849
f 5273//3847 5288//3847 21//3847
f 21//3849 24//3849 5273//3849
f 5285//3850 5284//3850 5289//3850
f 5289//3850 5290//3850 5285//3850
f 14//3851 5285//3851 5290//3851
f 5290//3852 29//3852 14//3852
f 5290//3850 5289//3850 5276//3850
f 5276//3850 5275//3850 5290//3850
f 29//3850 5290//3850 5275//3850
f 5275//3852 30//3852 29//3852
f 5291//3853 5145//3853 5143//3853
f 5143//3853 5292//3853 5291//3853
f 5293//3853 5291//3853 5292//3853
f 5292//3853 5294//3853 5293//3853
f 5292//3853 5143//3853 5129//3853
f 5129//3853 5295//3853 5292//3853
f 5294//3853 5292//3853 5295//3853
f 5295//3853 5296//3853 5294//3853
f 5147//3853 5149//3853 5297//3853
f 5297//3853 5298//3853 5147//3853
f 5133//3853 5147//3853 5298//3853
f 5298//3853 5299//3853 5133//3853
f 5298//3853 5297//3853 5293//3853
f 5293//3853 5294//3853 5298//3853
f 5299//3853 5298//3853 5294//3853
f 5294//3853 5296//3853 5299//3853
f 5151//3854 5153//3854 5300//3854
f 5300//3854 5301//3854 5151//3854
f 5137//3854 5151//3854 5301//3854
f 5301//3854 5302//3854 5137//3854
f 5301//3854 5300//3854 5303//3854
f 5303//3854 5304//3854 5301//3854
f 5302//3854 5301//3854 5304//3854
f 5304//3854 5305//3854 5302//3854
f 5306//3854 5157//3854 5155//3854
f 5155//3854 5307//3854 5306//3854
f 5303//3854 5306//3854 5307//3854
f 5307//3854 5304//3854 5303//3854
f 5307//3854 5155//3854 5141//3854
f 5141//3854 5308//3854 5307//3854
f 5304//3854 5307//3854 5308//3854
f 5308//3854 5305//3854 5304//3854
f 5295//3855 5129//3855 5127//3855
f 5127//3855 5309//3855 5295//3855
f 5296//3855 5295//3855 5309//3855
f 5309//3855 5310//3855 5296//3855
f 5309//3855 5127//3855 5113//3855
f 5113//3855 5311//3855 5309//3855
f 5310//3855 5309//3855 5311//3855
f 5311//3855 5312//3855 5310//3855
f 5131//3855 5133//3855 5299//3855
f 5299//3855 5313//3855 5131//3855
f 5117//3855 5131//3855 5313//3855
f 5313//3855 5314//3855 5117//3855
f 5313//3855 5299//3855 5296//3855
f 5296//3855 5310//3855 5313//3855
f 5314//3855 5313//3855 5310//3855
f 5310//3855 5312//3855 5314//3855
f 5135//3856 5137//3856 5302//3856
f 5302//3856 5315//3856 5135//3856
f 5121//3856 5135//3856 5315//3856
f 5315//3856 5316//3856 5121//3856
f 5315//3856 5302//3856 5305//3856
f 5305//3856 5317//3856 5315//3856
f 5316//3856 5315//3856 5317//3856
f 5317//3856 5318//3856 5316//3856
f 5308//3856 5141//3856 5139//3856
f 5139//3856 5319//3856 5308//3856
f 5305//3856 5308//3856 5319//3856
f 5319//3856 5317//3856 5305//3856
f 5319//3856 5139//3856 5125//3856
f 5125//3856 5320//3856 5319//3856
f 5317//3856 5319//3856 5320//3856
f 5320//3856 5318//3856 5317//3856
f 5311//3857 5113//3857 5111//3857
f 5111//3857 5321//3857 5311//3857
f 5312//3857 5311//3857 5321//3857
f 5321//3857 5322//3857 5312//3857
f 5321//3857 5111//3857 5097//3857
f 5097//3857 5323//3857 5321//3857
f 5322//3857 5321//3857 5323//3857
f 5323//3857 5324//3857 5322//3857
f 5115//3857 5117//3857 5314//3857
f 5314//3857 5325//3857 5115//3857
f 5101//3857 5115//3857 5325//3857
f 5325//3857 5326//3857 5101//3857
f 5325//3857 5314//3857 5312//3857
f 5312//3857 5322//3857 5325//3857
f 5326//3857 5325//3857 5322//3857
f 5322//3857 5324//3857 5326//3857
f 5119//3858 5121//3858 5316//3858
f 5316//3858 5327//3858 5119//3858
f 5105//3858 5119//3858 5327//3858
f 5327//3858 5328//3858 5105//3858
f 5327//3858 5316//3858 5318//3858
f 5318//3858 5329//3858 5327//3858
f 5328//3858 5327//3858 5329//3858
f 5329//3858 5330//3858 5328//3858
f 5320//3858 5125//3858 5123//3858
f 5123//3858 5331//3858 5320//3858
f 5318//3858 5320//3858 5331//3858
f 5331//3858 5329//3858 5318//3858
f 5331//3858 5123//3858 5109//3858
f 5109//3858 5332//3858 5331//3858
f 5329//3858 5331//3858 5332//3858
f 5332//3858 5330//3858 5329//3858
f 5323//3859 5097//3859 5095//3859
f 5095//3859 5333//3859 5323//3859
f 5324//3859 5323//3859 5333//3859
f 5333//3859 5334//3859 5324//3859
f 5333//3859 5095//3859 5081//3859
f 5081//3859 5335//3859 5333//3859
f 5334//3859 5333//3859 5335//3859
f 5335//3859 5336//3859 5334//3859
f 5099//3859 5101//3859 5326//3859
f 5326//3859 5337//3859 5099//3859
f 5085//3859 5099//3859 5337//3859
f 5337//3859 5338//3859 5085//3859
f 5337//3859 5326//3859 5324//3859
f 5324//3859 5334//3859 5337//3859
f 5338//3859 5337//3859 5334//3859
f 5334//3859 5336//3859 5338//3859
f 5103//3860 5105//3860 5328//3860
f 5328//3860 5339//3860 5103//3860
f 5089//3860 5103//3860 5339//3860
f 5339//3860 5340//3860 5089//3860
f 5339//3860 5328//3860 5330//3860
f 5330//3860 5341//3860 5339//3860
f 5340//3860 5339//3860 5341//3860
f 5341//3860 5342//3860 5340//3860
f 5332//3860 5109//3860 5107//3860
f 5107//3860 5343//3860 5332//3860
f 5330//3860 5332//3860 5343//3860
f 5343//3860 5341//3860 5330//3860
f 5343//3860 5107//3860 5093//3860
f 5093//3860 5344//3860 5343//3860
f 5341//3860 5343//3860 5344//3860
f 5344//3860 5342//3860 5341//3860
f 5335//3861 5081//3861 5079//3861
f 5079//3861 5345//3861 5335//3861
f 5336//3861 5335//3861 5345//3861
f 5345//3861 5346//3861 5336//3861
f 5345//3861 5079//3861 5065//3861
f 5065//3861 5347//3861 5345//3861
f 5346//3861 5345//3861 5347//3861
f 5347//3861 5348//3861 5346//3861
f 5083//3861 5085//3861 5338//3861
f 5338//3861 5349//3861 5083//3861
f 5069//3861 5083//3861 5349//3861
f 5349//3861 5350//3861 5069//3861
f 5349//3861 5338//3861 5336//3861
f 5336//3861 5346//3861 5349//3861
f 5350//3861 5349//3861 5346//3861
f 5346//3861 5348//3861 5350//3861
f 5087//3862 5089//3862 5340//3862
f 5340//3862 5351//3862 5087//3862
f 5073//3862 5087//3862 5351//3862
f 5351//3862 5352//3862 5073//3862
f 5351//3862 5340//3862 5342//3862
f 5342//3862 5353//3862 5351//3862
f 5352//3862 5351//3862 5353//3862
f 5353//3862 5354//3862 5352//3862
f 5344//3862 5093//3862 5091//3862
f 5091//3862 5355//3862 5344//3862
f 5342//3862 5344//3862 5355//3862
f 5355//3862 5353//3862 5342//3862
f 5355//3862 5091//3862 5077//3862
f 5077//3862 5356//3862 5355//3862
f 5353//3862 5355//3862 5356//3862
f 5356//3862 5354//3862 5353//3862
f 5347//3863 5065//3863 5063//3863
f 5063//3863 5357//3863 5347//3863
f 5348//3863 5347//3863 5357//3863
f 5357//3863 5358//3863 5348//3863
f 5357//3863 5063//3863 5049//3863
f 5049//3863 5359//3863 5357//3863
f 5358//3863 5357//3863 5359//3863
f 5359//3863 5360//3863 5358//3863
f 5067//3863 5069//3863 5350//3863
f 5350//3863 5361//3863 5067//3863
f 5053//3863 5067//3863 5361//3863
f 5361//3863 5362//3863 5053//3863
f 5361//3863 5350//3863 5348//3863
f 5348//3863 5358//3863 5361//3863
f 5362//3863 5361//3863 5358//3863
f 5358//3863 5360//3863 5362//3863
f 5071//3864 5073//3864 5352//3864
f 5352//3864 5363//3864 5071//3864
f 5057//3864 5071//3864 5363//3864
f 5363//3864 5364//3864 5057//3864
f 5363//3864 5352//3864 5354//3864
f 5354//3864 5365//3864 5363//3864
f 5364//3864 5363//3864 5365//3864
f 5365//3864 5366//3864 5364//3864
f 5356//3864 5077//3864 5075//3864
f 5075//3864 5367//3864 5356//3864
f 5354//3864 5356//3864 5367//3864
f 5367//3864 5365//3864 5354//3864
f 5367//3864 5075//3864 5061//3864
f 5061//3864 5368//3864 5367//3864
f 5365//3864 5367//3864 5368//3864
f 5368//3864 5366//3864 5365//3864
f 5359//3865 5049//3865 5047//3865
f 5047//3865 5369//3865 5359//3865
f 5360//3865 5359//3865 5369//3865
f 5369//3865 5370//3865 5360//3865
f 5369//3865 5047//3865 5033//3865
f 5033//3865 5371//3865 5369//3865
f 5370//3865 5369//3865 5371//3865
f 5371//3865 5372//3865 5370//3865
f 5051//3865 5053//3865 5362//3865
f 5362//3865 5373//3865 5051//3865
f 5037//3865 5051//3865 5373//3865
f 5373//3865 5374//3865 5037//3865
f 5373//3865 5362//3865 5360//3865
f 5360//3865 5370//3865 5373//3865
f 5374//3865 5373//3865 5370//3865
f 5370//3865 5372//3865 5374//3865
f 5055//3866 5057//3866 5364//3866
f 5364//3866 5375//3866 5055//3866
f 5041//3866 5055//3866 5375//3866
f 5375//3866 5376//3866 5041//3866
f 5375//3866 5364//3866 5366//3866
f 5366//3866 5377//3866 5375//3866
f 5376//3866 5375//3866 5377//3866
f 5377//3866 5378//3866 5376//3866
f 5368//3866 5061//3866 5059//3866
f 5059//3866 5379//3866 5368//3866
f 5366//3866 5368//3866 5379//3866
f 5379//3866 5377//3866 5366//3866
f 5379//3866 5059//3866 5045//3866
f 5045//3866 5380//3866 5379//3866
f 5377//3866 5379//3866 5380//3866
f 5380//3866 5378//3866 5377//3866
f 5371//3867 5033//3867 5031//3867
f 5031//3867 5381//3867 5371//3867
f 5372//3867 5371//3867 5381//3867
f 5381//3867 5382//3867 5372//3867
f 5381//3867 5031//3867 5011//3867
f 5011//3867 5383//3867 5381//3867
f 5382//3867 5381//3867 5383//3867
f 5383//3867 5384//3867 5382//3867
f 5035//3867 5037//3867 5374//3867
f 5374//3867 5385//3867 5035//3867
f 5017//3867 5035//3867 5385//3867
f 5385//3867 5386//3867 5017//3867
f 5385//3867 5374//3867 5372//3867
f 5372//3867 5382//3867 5385//3867
f 5386//3867 5385//3867 5382//3867
f 5382//3867 5384//3867 5386//3867
f 5039//3868 5041//3868 5376//3868
f 5376//3868 5387//3868 5039//3868
f 5023//3868 5039//3868 5387//3868
f 5387//3868 5388//3868 5023//3868
f 5387//3868 5376//3868 5378//3868
f 5378//3868 5389//3868 5387//3868
f 5388//3868 5387//3868 5389//3868
f 5389//3868 5390//3868 5388//3868
f 5380//3868 5045//3868 5043//3868
f 5043//3868 5391//3868 5380//3868
f 5378//3868 5380//3868 5391//3868
f 5391//3868 5389//3868 5378//3868
f 5391//3868 5043//3868 5029//3868
f 5029//3868 5392//3868 5391//3868
f 5389//3868 5391//3868 5392//3868
f 5392//3868 5390//3868 5389//3868
f 5383//3869 5011//3869 5009//3869
f 5009//3869 5393//3869 5383//3869
f 5384//3869 5383//3869 5393//3869
f 5393//3869 5394//3869 5384//3869
f 5393//3869 5009//3869 5008//3869
f 5008//3869 5395//3869 5393//3869
f 5394//3869 5393//3869 5395//3869
f 5395//3869 5396//3869 5394//3869
f 5013//3869 5017//3869 5386//3869
f 5386//3869 5397//3869 5013//3869
f 5014//3869 5013//3869 5397//3869
f 5397//3869 5398//3869 5014//3869
f 5397//3869 5386//3869 5384//3869
f 5384//3869 5394//3869 5397//3869
f 5398//3869 5397//3869 5394//3869
f 5394//3869 5396//3869 5398//3869
f 5019//3870 5023//3870 5388//3870
f 5388//3870 5399//3870 5019//3870
f 5020//3870 5019//3870 5399//3870
f 5399//3870 5400//3870 5020//3870
f 5399//3870 5388//3870 5390//3870
f 5390//3870 5401//3870 5399//3870
f 5400//3870 5399//3870 5401//3870
f 5401//3870 5402//3870 5400//3870
f 5392//3870 5029//3870 5027//3870
f 5027//3870 5403//3870 5392//3870
f 5390//3870 5392//3870 5403//3870
f 5403//3870 5401//3870 5390//3870
f 5403//3870 5027//3870 5026//3870
f 5026//3870 5404//3870 5403//3870
f 5401//3870 5403//3870 5404//3870
f 5404//3870 5402//3870 5401//3870
f 5395//3871 5008//3871 5185//3871
f 5185//3871 5405//3871 5395//3871
f 5396//3871 5395//3871 5405//3871
f 5405//3871 5406//3871 5396//3871
f 5405//3871 5185//3871 5184//3871
f 5184//3871 5407//3871 5405//3871
f 5406//3871 5405//3871 5407//3871
f 5407//3871 5408//3871 5406//3871
f 5187//3871 5014//3871 5398//3871
f 5398//3871 5409//3871 5187//3871
f 5188//3871 5187//3871 5409//3871
f 5409//3871 5410//3871 5188//3871
f 5409//3871 5398//3871 5396//3871
f 5396//3871 5406//3871 5409//3871
f 5410//3871 5409//3871 5406//3871
f 5406//3871 5408//3871 5410//3871
f 5191//3872 5020//3872 5400//3872
f 5400//3872 5411//3872 5191//3872
f 5192//3872 5191//3872 5411//3872
f 5411//3872 5412//3872 5192//3872
f 5411//3872 5400//3872 5402//3872
f 5402//3872 5413//3872 5411//3872
f 5412//3872 5411//3872 5413//3872
f 5413//3872 5414//3872 5412//3872
f 5404//3872 5026//3872 5197//3872
f 5197//3872 5415//3872 5404//3872
f 5402//3872 5404//3872 5415//3872
f 5415//3872 5413//3872 5402//3872
f 5415//3872 5197//3872 5196//3872
f 5196//3872 5416//3872 5415//3872
f 5413//3872 5415//3872 5416//3872
f 5416//3872 5414//3872 5413//3872
f 5407//3873 5184//3873 5201//3873
f 5201//3873 5417//3873 5407//3873
f 5408//3873 5407//3873 5417//3873
f 5417//3873 5418//3873 5408//3873
f 5417//3873 5201//3873 5200//3873
f 5200//3873 5419//3873 5417//3873
f 5418//3873 5417//3873 5419//3873
f 5419//3873 5420//3873 5418//3873
f 5203//3873 5188//3873 5410//3873
f 5410//3873 5421//3873 5203//3873
f 5204//3873 5203//3873 5421//3873
f 5421//3873 5422//3873 5204//3873
f 5421//3873 5410//3873 5408//3873
f 5408//3873 5418//3873 5421//3873
f 5422//3873 5421//3873 5418//3873
f 5418//3873 5420//3873 5422//3873
f 5207//3874 5192//3874 5412//3874
f 5412//3874 5423//3874 5207//3874
f 5208//3874 5207//3874 5423//3874
f 5423//3874 5424//3874 5208//3874
f 5423//3874 5412//3874 5414//3874
f 5414//3874 5425//3874 5423//3874
f 5424//3874 5423//3874 5425//3874
f 5425//3874 5426//3874 5424//3874
f 5416//3874 5196//3874 5213//3874
f 5213//3874 5427//3874 5416//3874
f 5414//3874 5416//3874 5427//3874
f 5427//3874 5425//3874 5414//3874
f 5427//3874 5213//3874 5212//3874
f 5212//3874 5428//3874 5427//3874
f 5425//3874 5427//3874 5428//3874
f 5428//3874 5426//3874 5425//3874
f 5419//3875 5200//3875 5217//3875
f 5217//3875 5429//3875 5419//3875
f 5420//3875 5419//3875 5429//3875
f 5429//3875 5430//3875 5420//3875
f 5429//3875 5217//3875 5216//3875
f 5216//3875 5431//3875 5429//3875
f 5430//3875 5429//3875 5431//3875
f 5431//3875 5432//3875 5430//3875
f 5219//3875 5204//3875 5422//3875
f 5422//3875 5433//3875 5219//3875
f 5220//3875 5219//3875 5433//3875
f 5433//3875 5434//3875 5220//3875
f 5433//3875 5422//3875 5420//3875
f 5420//3875 5430//3875 5433//3875
f 5434//3875 5433//3875 5430//3875
f 5430//3875 5432//3875 5434//3875
f 5223//3876 5208//3876 5424//3876
f 5424//3876 5435//3876 5223//3876
f 5224//3876 5223//3876 5435//3876
f 5435//3876 5436//3876 5224//3876
f 5435//3876 5424//3876 5426//3876
f 5426//3876 5437//3876 5435//3876
f 5436//3876 5435//3876 5437//3876
f 5437//3876 5438//3876 5436//3876
f 5428//3876 5212//3876 5229//3876
f 5229//3876 5439//3876 5428//3876
f 5426//3876 5428//3876 5439//3876
f 5439//3876 5437//3876 5426//3876
f 5439//3876 5229//3876 5228//3876
f 5228//3876 5440//3876 5439//3876
f 5437//3876 5439//3876 5440//3876
f 5440//3876 5438//3876 5437//3876
f 5431//3877 5216//3877 5233//3877
f 5233//3877 5441//3877 5431//3877
f 5432//3877 5431//3877 5441//3877
f 5441//3877 5442//3877 5432//3877
f 5441//3877 5233//3877 5232//3877
f 5232//3877 5443//3877 5441//3877
f 5442//3877 5441//3877 5443//3877
f 5443//3877 5444//3877 5442//3877
f 5235//3877 5220//3877 5434//3877
f 5434//3877 5445//3877 5235//3877
f 5236//3877 5235//3877 5445//3877
f 5445//3877 5446//3877 5236//3877
f 5445//3877 5434//3877 5432//3877
f 5432//3877 5442//3877 5445//3877
f 5446//3877 5445//3877 5442//3877
f 5442//3877 5444//3877 5446//3877
f 5239//3878 5224//3878 5436//3878
f 5436//3878 5447//3878 5239//3878
f 5240//3878 5239//3878 5447//3878
f 5447//3878 5448//3878 5240//3878
f 5447//3878 5436//3878 5438//3878
f 5438//3878 5449//3878 5447//3878
f 5448//3878 5447//3878 5449//3878
f 5449//3878 5450//3878 5448//3878
f 5440//3878 5228//3878 5245//3878
f 5245//3878 5451//3878 5440//3878
f 5438//3878 5440//3878 5451//3878
f 5451//3878 5449//3878 5438//3878
f 5451//3878 5245//3878 5244//3878
f 5244//3878 5452//3878 5451//3878
f 5449//3878 5451//3878 5452//3878
f 5452//3878 5450//3878 5449//3878
f 5443//3879 5232//3879 5249//3879
f 5249//3879 5453//3879 5443//3879
f 5444//3879 5443//3879 5453//3879
f 5453//3879 5454//3879 5444//3879
f 5453//3879 5249//3879 5248//3879
f 5248//3879 5455//3879 5453//3879
f 5454//3879 5453//3879 5455//3879
f 5455//3879 5456//3879 5454//3879
f 5251//3879 5236//3879 5446//3879
f 5446//3879 5457//3879 5251//3879
f 5252//3879 5251//3879 5457//3879
f 5457//3879 5458//3879 5252//3879
f 5457//3879 5446//3879 5444//3879
f 5444//3879 5454//3879 5457//3879
f 5458//3879 5457//3879 5454//3879
f 5454//3879 5456//3879 5458//3879
f 5255//3880 5240//3880 5448//3880
f 5448//3880 5459//3880 5255//3880
f 5256//3880 5255//3880 5459//3880
f 5459//3880 5460//3880 5256//3880
f 5459//3880 5448//3880 5450//3880
f 5450//3880 5461//3880 5459//3880
f 5460//3880 5459//3880 5461//3880
f 5461//3880 5462//3880 5460//3880
f 5452//3880 5244//3880 5261//3880
f 5261//3880 5463//3880 5452//3880
f 5450//3880 5452//3880 5463//3880
f 5463//3880 5461//3880 5450//3880
f 5463//3880 5261//3880 5260//3880
f 5260//3880 5464//3880 5463//3880
f 5461//3880 5463//3880 5464//3880
f 5464//3880 5462//3880 5461//3880
f 5455//3881 5248//3881 5265//3881
f 5265//3881 5465//3881 5455//3881
f 5456//3881 5455//3881 5465//3881
f 5465//3881 5466//3881 5456//3881
f 5465//3881 5265//3881 5264//3881
f 5264//3881 5467//3881 5465//3881
f 5466//3881 5465//3881 5467//3881
f 5467//3881 5468//3881 5466//3881
f 5267//3881 5252//3881 5458//3881
f 5458//3881 5469//3881 5267//3881
f 5268//3881 5267//3881 5469//3881
f 5469//3881 5470//3881 5268//3881
f 5469//3881 5458//3881 5456//3881
f 5456//3881 5466//3881 5469//3881
f 5470//3881 5469//3881 5466//3881
f 5466//3881 5468//3881 5470//3881
f 5271//3882 5256//3882 5460//3882
f 5460//3882 5471//3882 5271//3882
f 5272//3882 5271//3882 5471//3882
f 5471//3882 5472//3882 5272//3882
f 5471//3882 5460//3882 5462//3882
f 5462//3882 5473//3882 5471//3882
f 5472//3882 5471//3882 5473//3882
f 5473//3882 5474//3882 5472//3882
f 5464//3882 5260//3882 5277//3882
f 5277//3882 5475//3882 5464//3882
f 5462//3882 5464//3882 5475//3882
f 5475//3882 5473//3882 5462//3882
f 5475//3882 5277//3882 5276//3882
f 5276//3882 5476//3882 5475//3882
f 5473//3882 5475//3882 5476//3882
f 5476//3882 5474//3882 5473//3882
f 5467//3883 5264//3883 5281//3883
f 5281//3883 5477//3883 5467//3883
f 5468//3883 5467//3883 5477//3883
f 5477//3883 5478//3883 5468//3883
f 5477//3883 5281//3883 5280//3883
f 5280//3883 5479//3883 5477//3883
f 5478//3883 5477//3883 5479//3883
f 5479//3883 5480//3883 5478//3883
f 5283//3883 5268//3883 5470//3883
f 5470//3883 5481//3883 5283//3883
f 5284//3883 5283//3883 5481//3883
f 5481//3883 5482//3883 5284//3883
f 5481//3883 5470//3883 5468//3883
f 5468//3883 5478//3883 5481//3883
f 5482//3883 5481//3883 5478//3883
f 5478//3883 5480//3883 5482//3883
f 5287//3884 5272//3884 5472//3884
f 5472//3884 5483//3884 5287//3884
f 5280//3884 5287//3884 5483//3884
f 5483//3884 5479//3884 5280//3884
f 5483//3884 5472//3884 5474//3884
f 5474//3884 5484//3884 5483//3884
f 5479//3884 5483//3884 5484//3884
f 5484//3884 5480//3884 5479//3884
f 5476//3884 5276//3884 5289//3884
f 5289//3884 5485//3884 5476//3884
f 5474//3884 5476//3884 5485//3884
f 5485//3884 5484//3884 5474//3884
f 5485//3884 5289//3884 5284//3884
f 5284//3884 5482//3884 5485//3884
f 5484//3884 5485//3884 5482//3884
f 5482//3884 5480//3884 5484//3884
f 5486//3885 5487//3885 5488//3885
f 5488//3886 5489//3886 5486//3886
f 5490//3887 5486//3887 5489//3887
f 5489//3888 5491//3888 5490//3888
f 5489//3889 5488//3889 5492//3889
f 5492//3890 5493//3890 5489//3890
f 5491//3886 5489//3886 5493//3886
f 5493//3891 5494//3891 5491//3891
f 5495//3892 5496//3892 5497//3892
f 5497//3893 5498//3893 5495//3893
f 5499//3894 5495//3894 5498//3894
f 5498//3895 5500//3895 5499//3895
f 5498//3896 5497//3896 5501//3896
f 5501//3897 5502//3897 5498//3897
f 5500//3893 5498//3893 5502//3893
f 5502//3898 5503//3898 5500//3898
f 5504//3899 5505//3899 5506//3899
f 5506//3900 5507//3900 5504//3900
f 5492//3901 5504//3901 5507//3901
f 5507//3902 5493//3902 5492//3902
f 5507//3903 5506//3903 5508//3903
f 5508//3904 5509//3904 5507//3904
f 5493//3900 5507//3900 5509//3900
f 5509//3905 5494//3905 5493//3905
f 5510//3906 5511//3906 5512//3906
f 5512//3907 5513//3907 5510//3907
f 5514//3908 5510//3908 5513//3908
f 5513//3909 5515//3909 5514//3909
f 5513//3910 5512//3910 5499//3910
f 5499//3911 5500//3911 5513//3911
f 5515//3907 5513//3907 5500//3907
f 5500//3912 5503//3912 5515//3912
f 5516//3913 5517//3913 5518//3913
f 5518//3914 5519//3914 5516//3914
f 5487//3915 5516//3915 5519//3915
f 5519//3916 5488//3916 5487//3916
f 5519//3917 5518//3917 5520//3917
f 5520//3918 5521//3918 5519//3918
f 5488//3914 5519//3914 5521//3914
f 5521//3919 5492//3919 5488//3919
f 5522//3920 5523//3920 5524//3920
f 5524//3921 5525//3921 5522//3921
f 5526//3922 5522//3922 5525//3922
f 5525//3923 5527//3923 5526//3923
f 5525//3924 5524//3924 5496//3924
f 5496//3925 5495//3925 5525//3925
f 5527//3921 5525//3921 5495//3921
f 5495//3926 5499//3926 5527//3926
f 5528//3927 5529//3927 5530//3927
f 5530//3928 5531//3928 5528//3928
f 5520//3929 5528//3929 5531//3929
f 5531//3930 5521//3930 5520//3930
f 5531//3931 5530//3931 5505//3931
f 5505//3932 5504//3932 5531//3932
f 5521//3928 5531//3928 5504//3928
f 5504//3933 5492//3933 5521//3933
f 5532//3934 5533//3934 5534//3934
f 5534//3935 5535//3935 5532//3935
f 5511//3936 5532//3936 5535//3936
f 5535//3937 5512//3937 5511//3937
f 5535//3938 5534//3938 5526//3938
f 5526//3939 5527//3939 5535//3939
f 5512//3935 5535//3935 5527//3935
f 5527//3940 5499//3940 5512//3940
f 5536//3941 5537//3941 5538//3941
f 5538//3942 5539//3942 5536//3942
f 5540//3943 5536//3943 5539//3943
f 5539//3944 5541//3944 5540//3944
f 5539//3945 5538//3945 5542//3945
f 5542//3946 5543//3946 5539//3946
f 5541//3942 5539//3942 5543//3942
f 5543//3947 5544//3947 5541//3947
f 5545//3948 5546//3948 5547//3948
f 5547//3949 5548//3949 5545//3949
f 5549//3950 5545//3950 5548//3950
f 5548//3951 5550//3951 5549//3951
f 5548//3952 5547//3952 5551//3952
f 5551//3953 5552//3953 5548//3953
f 5550//3949 5548//3949 5552//3949
f 5552//3954 5553//3954 5550//3954
f 5554//3955 5555//3955 5556//3955
f 5556//3956 5557//3956 5554//3956
f 5542//3957 5554//3957 5557//3957
f 5557//3958 5543//3958 5542//3958
f 5557//3959 5556//3959 5558//3959
f 5558//3960 5559//3960 5557//3960
f 5543//3956 5557//3956 5559//3956
f 5559//3961 5544//3961 5543//3961
f 5560//3962 5561//3962 5562//3962
f 5562//3963 5563//3963 5560//3963
f 5564//3964 5560//3964 5563//3964
f 5563//3965 5565//3965 5564//3965
f 5563//3966 5562//3966 5549//3966
f 5549//3967 5550//3967 5563//3967
f 5565//3963 5563//3963 5550//3963
f 5550//3968 5553//3968 5565//3968
f 2737//3969 2716//3969 5566//3969
f 5566//3970 5567//3970 2737//3970
f 2740//3969 2737//3969 5567//3969
f 5567//3969 5566//3969 5568//3969
f 2743//3971 2745//3971 5569//3971
f 5569//3972 5570//3972 2743//3972
f 2721//3971 2743//3971 5570//3971
f 5570//3971 5569//3971 5571//3971
f 2749//3973 2751//3973 5572//3973
f 5572//3974 5573//3974 2749//3974
f 2727//3973 2749//3973 5573//3973
f 5573//3973 5572//3973 5574//3973
f 2755//3975 2734//3975 5575//3975
f 5575//3976 5576//3976 2755//3976
f 2758//3975 2755//3975 5576//3975
f 5576//3975 5575//3975 5577//3975
f 5578//3977 637//3977 638//3977
f 638//3977 5579//3977 5578//3977
f 5580//3977 5578//3977 5579//3977
f 5579//3977 5581//3977 5580//3977
f 5579//3977 638//3977 369//3977
f 369//3977 5582//3977 5579//3977
f 5581//3977 5579//3977 5582//3977
f 5582//3977 5583//3977 5581//3977
f 642//3978 641//3978 5584//3978
f 5584//3978 5585//3978 642//3978
f 376//3978 642//3978 5585//3978
f 5585//3978 5586//3978 376//3978
f 5585//3978 5584//3978 5587//3978
f 5587//3978 5588//3978 5585//3978
f 5586//3978 5585//3978 5588//3978
f 5588//3978 5589//3978 5586//3978
f 646//3979 645//3979 5590//3979
f 5590//3979 5591//3979 646//3979
f 382//3979 646//3979 5591//3979
f 5591//3979 5592//3979 382//3979
f 5591//3979 5590//3979 5593//3979
f 5593//3979 5594//3979 5591//3979
f 5592//3979 5591//3979 5594//3979
f 5594//3979 5595//3979 5592//3979
f 5596//3980 649//3980 650//3980
f 650//3980 5597//3980 5596//3980
f 5598//3980 5596//3980 5597//3980
f 5597//3980 5599//3980 5598//3980
f 5597//3980 650//3980 387//3980
f 387//3980 5600//3980 5597//3980
f 5599//3980 5597//3980 5600//3980
f 5600//3980 5601//3980 5599//3980
f 5602//3981 5603//3981 5604//3981
f 5604//3982 5605//3982 5602//3982
f 5606//3983 5602//3983 5605//3983
f 5605//3982 5607//3982 5606//3982
f 5605//3984 5604//3984 5608//3984
f 5608//3982 5609//3982 5605//3982
f 5607//3982 5605//3982 5609//3982
f 5609//3982 5610//3982 5607//3982
f 5611//3985 5612//3985 5613//3985
f 5613//3986 5614//3986 5611//3986
f 5615//3987 5611//3987 5614//3987
f 5614//3986 5616//3986 5615//3986
f 5614//3988 5613//3988 5617//3988
f 5617//3986 5618//3986 5614//3986
f 5616//3986 5614//3986 5618//3986
f 5618//3986 5619//3986 5616//3986
f 5620//3989 5621//3989 5622//3989
f 5622//3990 5623//3990 5620//3990
f 5624//3991 5620//3991 5623//3991
f 5623//3990 5625//3990 5624//3990
f 5623//3992 5622//3992 5626//3992
f 5626//3990 5627//3990 5623//3990
f 5625//3990 5623//3990 5627//3990
f 5627//3990 5628//3990 5625//3990
f 5629//3993 5630//3993 5631//3993
f 5631//3994 5632//3994 5629//3994
f 5633//3995 5629//3995 5632//3995
f 5632//3994 5634//3994 5633//3994
f 5632//3996 5631//3996 5635//3996
f 5635//3994 5636//3994 5632//3994
f 5634//3994 5632//3994 5636//3994
f 5636//3994 5637//3994 5634//3994
f 5609//3984 5608//3984 5638//3984
f 5638//3997 5639//3997 5609//3997
f 5610//3982 5609//3982 5639//3982
f 5639//3997 5640//3997 5610//3997
f 5639//3998 5638//3998 5641//3998
f 5641//3999 5642//3999 5639//3999
f 5640//3997 5639//3997 5642//3997
f 5642//3999 5643//3999 5640//3999
f 5644//3987 5615//3987 5616//3987
f 5616//4000 5645//4000 5644//4000
f 5646//4001 5644//4001 5645//4001
f 5645//4002 5647//4002 5646//4002
f 5645//3986 5616//3986 5619//3986
f 5619//4000 5648//4000 5645//4000
f 5647//4000 5645//4000 5648//4000
f 5648//4002 5649//4002 5647//4002
f 5650//3991 5624//3991 5625//3991
f 5625//4003 5651//4003 5650//4003
f 5652//4004 5650//4004 5651//4004
f 5651//4005 5653//4005 5652//4005
f 5651//3990 5625//3990 5628//3990
f 5628//4003 5654//4003 5651//4003
f 5653//4003 5651//4003 5654//4003
f 5654//4005 5655//4005 5653//4005
f 5636//3996 5635//3996 5656//3996
f 5656//4006 5657//4006 5636//4006
f 5637//3994 5636//3994 5657//3994
f 5657//4006 5658//4006 5637//4006
f 5657//4007 5656//4007 5659//4007
f 5659//4008 5660//4008 5657//4008
f 5658//4006 5657//4006 5660//4006
f 5660//4008 5661//4008 5658//4008
f 5642//4009 5641//4009 5662//4009
f 5662//3999 5663//3999 5642//3999
f 5643//3999 5642//3999 5663//3999
f 5663//3999 5664//3999 5643//3999
f 5663//4009 5662//4009 5665//4009
f 5665//3999 5666//3999 5663//3999
f 5664//3999 5663//3999 5666//3999
f 5666//3999 5667//3999 5664//3999
f 5668//4010 5646//4010 5647//4010
f 5647//4002 5669//4002 5668//4002
f 5670//4010 5668//4010 5669//4010
f 5669//4002 5671//4002 5670//4002
f 5669//4002 5647//4002 5649//4002
f 5649//4002 5672//4002 5669//4002
f 5671//4002 5669//4002 5672//4002
f 5672//4002 5673//4002 5671//4002
f 5674//4011 5652//4011 5653//4011
f 5653//4005 5675//4005 5674//4005
f 5676//4011 5674//4011 5675//4011
f 5675//4005 5677//4005 5676//4005
f 5675//4005 5653//4005 5655//4005
f 5655//4005 5678//4005 5675//4005
f 5677//4005 5675//4005 5678//4005
f 5678//4005 5679//4005 5677//4005
f 5660//4012 5659//4012 5680//4012
f 5680//4008 5681//4008 5660//4008
f 5661//4008 5660//4008 5681//4008
f 5681//4008 5682//4008 5661//4008
f 5681//4012 5680//4012 5683//4012
f 5683//4008 5684//4008 5681//4008
f 5682//4008 5681//4008 5684//4008
f 5684//4008 5685//4008 5682//4008
f 5666//4009 5665//4009 5686//4009
f 5686//4013 5687//4013 5666//4013
f 5667//3999 5666//3999 5687//3999
f 5687//4013 5688//4013 5667//4013
f 5687//4014 5686//4014 5689//4014
f 5689//4015 5690//4015 5687//4015
f 5688//4013 5687//4013 5690//4013
f 5690//4015 5691//4015 5688//4015
f 5692//4010 5670//4010 5671//4010
f 5671//4016 5693//4016 5692//4016
f 5694//4017 5692//4017 5693//4017
f 5693//4018 5695//4018 5694//4018
f 5693//4002 5671//4002 5673//4002
f 5673//4016 5696//4016 5693//4016
f 5695//4016 5693//4016 5696//4016
f 5696//4018 5697//4018 5695//4018
f 5698//4011 5676//4011 5677//4011
f 5677//4019 5699//4019 5698//4019
f 5700//4020 5698//4020 5699//4020
f 5699//4021 5701//4021 5700//4021
f 5699//4005 5677//4005 5679//4005
f 5679//4019 5702//4019 5699//4019
f 5701//4019 5699//4019 5702//4019
f 5702//4021 5703//4021 5701//4021
f 5684//4012 5683//4012 5704//4012
f 5704//4022 5705//4022 5684//4022
f 5685//4008 5684//4008 5705//4008
f 5705//4022 5706//4022 5685//4022
f 5705//4023 5704//4023 5707//4023
f 5707//4024 5708//4024 5705//4024
f 5706//4022 5705//4022 5708//4022
f 5708//4024 5709//4024 5706//4024
f 5690//4025 5689//4025 5710//4025
f 5710//4015 5711//4015 5690//4015
f 5691//4015 5690//4015 5711//4015
f 5711//4015 5712//4015 5691//4015
f 5711//4025 5710//4025 5713//4025
f 5713//4026 5714//4026 5711//4026
f 5712//4015 5711//4015 5714//4015
f 5714//4026 5715//4026 5712//4026
f 5716//4027 5694//4027 5695//4027
f 5695//4018 5717//4018 5716//4018
f 5713//4027 5716//4027 5717//4027
f 5717//4028 5714//4028 5713//4028
f 5717//4018 5695//4018 5697//4018
f 5697//4018 5718//4018 5717//4018
f 5714//4018 5717//4018 5718//4018
f 5718//4028 5715//4028 5714//4028
f 5719//4029 5700//4029 5701//4029
f 5701//4021 5720//4021 5719//4021
f 5721//4029 5719//4029 5720//4029
f 5720//4030 5722//4030 5721//4030
f 5720//4021 5701//4021 5703//4021
f 5703//4021 5723//4021 5720//4021
f 5722//4021 5720//4021 5723//4021
f 5723//4030 5724//4030 5722//4030
f 5708//4031 5707//4031 5725//4031
f 5725//4024 5726//4024 5708//4024
f 5709//4024 5708//4024 5726//4024
f 5726//4024 5727//4024 5709//4024
f 5726//4031 5725//4031 5721//4031
f 5721//4032 5722//4032 5726//4032
f 5727//4024 5726//4024 5722//4024
f 5722//4032 5724//4032 5727//4032
f 5728//3983 5606//3983 5607//3983
f 5607//4033 5729//4033 5728//4033
f 5730//4034 5728//4034 5729//4034
f 5729//4035 5731//4035 5730//4035
f 5729//3982 5607//3982 5610//3982
f 5610//4033 5732//4033 5729//4033
f 5731//4033 5729//4033 5732//4033
f 5732//4035 5733//4035 5731//4035
f 5618//3988 5617//3988 5734//3988
f 5734//4036 5735//4036 5618//4036
f 5619//3986 5618//3986 5735//3986
f 5735//4036 5736//4036 5619//4036
f 5735//4037 5734//4037 5737//4037
f 5737//4038 5738//4038 5735//4038
f 5736//4036 5735//4036 5738//4036
f 5738//4038 5739//4038 5736//4038
f 5627//3992 5626//3992 5740//3992
f 5740//4039 5741//4039 5627//4039
f 5628//3990 5627//3990 5741//3990
f 5741//4039 5742//4039 5628//4039
f 5741//4040 5740//4040 5743//4040
f 5743//4041 5744//4041 5741//4041
f 5742//4039 5741//4039 5744//4039
f 5744//4041 5745//4041 5742//4041
f 5746//3995 5633//3995 5634//3995
f 5634//4042 5747//4042 5746//4042
f 5748//4043 5746//4043 5747//4043
f 5747//4044 5749//4044 5748//4044
f 5747//3994 5634//3994 5637//3994
f 5637//4042 5750//4042 5747//4042
f 5749//4042 5747//4042 5750//4042
f 5750//4044 5751//4044 5749//4044
f 5752//4045 5730//4045 5731//4045
f 5731//4046 5753//4046 5752//4046
f 5754//4047 5752//4047 5753//4047
f 5753//4046 5755//4046 5754//4046
f 5753//4035 5731//4035 5733//4035
f 5733//4046 5756//4046 5753//4046
f 5755//4046 5753//4046 5756//4046
f 5756//4046 5757//4046 5755//4046
f 5738//4048 5737//4048 5758//4048
f 5758//4049 5759//4049 5738//4049
f 5739//4038 5738//4038 5759//4038
f 5759//4049 5760//4049 5739//4049
f 5759//4050 5758//4050 5761//4050
f 5761//4049 5762//4049 5759//4049
f 5760//4049 5759//4049 5762//4049
f 5762//4049 5763//4049 5760//4049
f 5744//4051 5743//4051 5764//4051
f 5764//4052 5765//4052 5744//4052
f 5745//4041 5744//4041 5765//4041
f 5765//4052 5766//4052 5745//4052
f 5765//4053 5764//4053 5767//4053
f 5767//4052 5768//4052 5765//4052
f 5766//4052 5765//4052 5768//4052
f 5768//4052 5769//4052 5766//4052
f 5770//4054 5748//4054 5749//4054
f 5749//4055 5771//4055 5770//4055
f 5772//4056 5770//4056 5771//4056
f 5771//4055 5773//4055 5772//4055
f 5771//4044 5749//4044 5751//4044
f 5751//4055 5774//4055 5771//4055
f 5773//4055 5771//4055 5774//4055
f 5774//4055 5775//4055 5773//4055
f 5776//4047 5754//4047 5755//4047
f 5755//4057 5777//4057 5776//4057
f 5778//4058 5776//4058 5777//4058
f 5777//4059 5779//4059 5778//4059
f 5777//4046 5755//4046 5757//4046
f 5757//4057 5780//4057 5777//4057
f 5779//4057 5777//4057 5780//4057
f 5780//4059 5781//4059 5779//4059
f 5762//4050 5761//4050 5782//4050
f 5782//4060 5783//4060 5762//4060
f 5763//4049 5762//4049 5783//4049
f 5783//4060 5784//4060 5763//4060
f 5783//4061 5782//4061 5785//4061
f 5785//4062 5786//4062 5783//4062
f 5784//4060 5783//4060 5786//4060
f 5786//4062 5787//4062 5784//4062
f 5768//4053 5767//4053 5788//4053
f 5788//4063 5789//4063 5768//4063
f 5769//4052 5768//4052 5789//4052
f 5789//4063 5790//4063 5769//4063
f 5789//4064 5788//4064 5791//4064
f 5791//4065 5792//4065 5789//4065
f 5790//4063 5789//4063 5792//4063
f 5792//4065 5793//4065 5790//4065
f 5794//4056 5772//4056 5773//4056
f 5773//4066 5795//4066 5794//4066
f 5796//4067 5794//4067 5795//4067
f 5795//4068 5797//4068 5796//4068
f 5795//4055 5773//4055 5775//4055
f 5775//4066 5798//4066 5795//4066
f 5797//4066 5795//4066 5798//4066
f 5798//4068 5799//4068 5797//4068
f 5800//4069 5778//4069 5779//4069
f 5779//4059 5801//4059 5800//4059
f 5517//4069 5800//4069 5801//4069
f 5801//4070 5802//4070 5517//4070
f 5801//4059 5779//4059 5781//4059
f 5781//4070 5803//4070 5801//4070
f 5802//4059 5801//4059 5803//4059
f 5803//4070 5804//4070 5802//4070
f 5786//4071 5785//4071 5805//4071
f 5805//4062 5806//4062 5786//4062
f 5787//4062 5786//4062 5806//4062
f 5806//4072 5807//4072 5787//4072
f 5806//4071 5805//4071 5523//4071
f 5523//4072 5808//4072 5806//4072
f 5807//4062 5806//4062 5808//4062
f 5808//4072 5809//4072 5807//4072
f 5792//4073 5791//4073 5810//4073
f 5810//4065 5811//4065 5792//4065
f 5793//4065 5792//4065 5811//4065
f 5811//4074 5812//4074 5793//4074
f 5811//4073 5810//4073 5529//4073
f 5529//4074 5813//4074 5811//4074
f 5812//4065 5811//4065 5813//4065
f 5813//4074 5814//4074 5812//4074
f 5815//4075 5796//4075 5797//4075
f 5797//4068 5816//4068 5815//4068
f 5533//4075 5815//4075 5816//4075
f 5816//4076 5817//4076 5533//4076
f 5816//4068 5797//4068 5799//4068
f 5799//4076 5818//4076 5816//4076
f 5817//4068 5816//4068 5818//4068
f 5818//4076 5819//4076 5817//4076
f 5732//3982 5610//3982 5640//3982
f 5640//4077 5820//4077 5732//4077
f 5733//4033 5732//4033 5820//4033
f 5820//4078 5821//4078 5733//4078
f 5820//3997 5640//3997 5643//3997
f 5643//4079 5822//4079 5820//4079
f 5821//4077 5820//4077 5822//4077
f 5822//4080 5823//4080 5821//4080
f 5648//3986 5619//3986 5736//3986
f 5736//4081 5824//4081 5648//4081
f 5649//4000 5648//4000 5824//4000
f 5824//4082 5825//4082 5649//4082
f 5824//4036 5736//4036 5739//4036
f 5739//4083 5826//4083 5824//4083
f 5825//4081 5824//4081 5826//4081
f 5826//4084 5827//4084 5825//4084
f 5654//3990 5628//3990 5742//3990
f 5742//4085 5828//4085 5654//4085
f 5655//4003 5654//4003 5828//4003
f 5828//4086 5829//4086 5655//4086
f 5828//4039 5742//4039 5745//4039
f 5745//4087 5830//4087 5828//4087
f 5829//4085 5828//4085 5830//4085
f 5830//4088 5831//4088 5829//4088
f 5750//3994 5637//3994 5658//3994
f 5658//4089 5832//4089 5750//4089
f 5751//4042 5750//4042 5832//4042
f 5832//4090 5833//4090 5751//4090
f 5832//4006 5658//4006 5661//4006
f 5661//4091 5834//4091 5832//4091
f 5833//4089 5832//4089 5834//4089
f 5834//4092 5835//4092 5833//4092
f 5756//4035 5733//4035 5821//4035
f 5821//4093 5836//4093 5756//4093
f 5757//4046 5756//4046 5836//4046
f 5836//4093 5837//4093 5757//4093
f 5836//4078 5821//4078 5823//4078
f 5823//4094 5838//4094 5836//4094
f 5837//4093 5836//4093 5838//4093
f 5838//4094 5839//4094 5837//4094
f 5826//4038 5739//4038 5760//4038
f 5760//4095 5840//4095 5826//4095
f 5827//4083 5826//4083 5840//4083
f 5840//4096 5841//4096 5827//4096
f 5840//4049 5760//4049 5763//4049
f 5763//4095 5842//4095 5840//4095
f 5841//4095 5840//4095 5842//4095
f 5842//4096 5843//4096 5841//4096
f 5830//4041 5745//4041 5766//4041
f 5766//4097 5844//4097 5830//4097
f 5831//4087 5830//4087 5844//4087
f 5844//4098 5845//4098 5831//4098
f 5844//4052 5766//4052 5769//4052
f 5769//4097 5846//4097 5844//4097
f 5845//4097 5844//4097 5846//4097
f 5846//4098 5847//4098 5845//4098
f 5774//4044 5751//4044 5833//4044
f 5833//4099 5848//4099 5774//4099
f 5775//4055 5774//4055 5848//4055
f 5848//4099 5849//4099 5775//4099
f 5848//4090 5833//4090 5835//4090
f 5835//4100 5850//4100 5848//4100
f 5849//4099 5848//4099 5850//4099
f 5850//4100 5851//4100 5849//4100
f 5822//3999 5643//3999 5664//3999
f 5664//4079 5852//4079 5822//4079
f 5823//4079 5822//4079 5852//4079
f 5852//4080 5853//4080 5823//4080
f 5852//3999 5664//3999 5667//3999
f 5667//4079 5854//4079 5852//4079
f 5853//4079 5852//4079 5854//4079
f 5854//4080 5855//4080 5853//4080
f 5672//4002 5649//4002 5825//4002
f 5825//4082 5856//4082 5672//4082
f 5673//4002 5672//4002 5856//4002
f 5856//4082 5857//4082 5673//4082
f 5856//4082 5825//4082 5827//4082
f 5827//4084 5858//4084 5856//4084
f 5857//4082 5856//4082 5858//4082
f 5858//4084 5859//4084 5857//4084
f 5678//4005 5655//4005 5829//4005
f 5829//4086 5860//4086 5678//4086
f 5679//4005 5678//4005 5860//4005
f 5860//4086 5861//4086 5679//4086
f 5860//4086 5829//4086 5831//4086
f 5831//4088 5862//4088 5860//4088
f 5861//4086 5860//4086 5862//4086
f 5862//4088 5863//4088 5861//4088
f 5834//4008 5661//4008 5682//4008
f 5682//4091 5864//4091 5834//4091
f 5835//4091 5834//4091 5864//4091
f 5864//4092 5865//4092 5835//4092
f 5864//4008 5682//4008 5685//4008
f 5685//4091 5866//4091 5864//4091
f 5865//4091 5864//4091 5866//4091
f 5866//4092 5867//4092 5865//4092
f 5838//4080 5823//4080 5853//4080
f 5853//4094 5868//4094 5838//4094
f 5839//4094 5838//4094 5868//4094
f 5868//4094 5869//4094 5839//4094
f 5868//4080 5853//4080 5855//4080
f 5855//4094 5870//4094 5868//4094
f 5869//4094 5868//4094 5870//4094
f 5870//4094 5871//4094 5869//4094
f 5858//4084 5827//4084 5841//4084
f 5841//4096 5872//4096 5858//4096
f 5859//4084 5858//4084 5872//4084
f 5872//4096 5873//4096 5859//4096
f 5872//4096 5841//4096 5843//4096
f 5843//4096 5874//4096 5872//4096
f 5873//4096 5872//4096 5874//4096
f 5874//4096 5875//4096 5873//4096
f 5862//4088 5831//4088 5845//4088
f 5845//4098 5876//4098 5862//4098
f 5863//4088 5862//4088 5876//4088
f 5876//4098 5877//4098 5863//4098
f 5876//4098 5845//4098 5847//4098
f 5847//4098 5878//4098 5876//4098
f 5877//4098 5876//4098 5878//4098
f 5878//4098 5879//4098 5877//4098
f 5850//4092 5835//4092 5865//4092
f 5865//4100 5880//4100 5850//4100
f 5851//4100 5850//4100 5880//4100
f 5880//4100 5881//4100 5851//4100
f 5880//4092 5865//4092 5867//4092
f 5867//4100 5882//4100 5880//4100
f 5881//4100 5880//4100 5882//4100
f 5882//4100 5883//4100 5881//4100
f 5780//4046 5757//4046 5837//4046
f 5837//4101 5884//4101 5780//4101
f 5781//4057 5780//4057 5884//4057
f 5884//4102 5885//4102 5781//4102
f 5884//4093 5837//4093 5839//4093
f 5839//4103 5886//4103 5884//4103
f 5885//4101 5884//4101 5886//4101
f 5886//4104 5887//4104 5885//4104
f 5842//4049 5763//4049 5784//4049
f 5784//4105 5888//4105 5842//4105
f 5843//4095 5842//4095 5888//4095
f 5888//4106 5889//4106 5843//4106
f 5888//4060 5784//4060 5787//4060
f 5787//4107 5890//4107 5888//4107
f 5889//4105 5888//4105 5890//4105
f 5890//4108 5891//4108 5889//4108
f 5846//4052 5769//4052 5790//4052
f 5790//4109 5892//4109 5846//4109
f 5847//4097 5846//4097 5892//4097
f 5892//4110 5893//4110 5847//4110
f 5892//4063 5790//4063 5793//4063
f 5793//4111 5894//4111 5892//4111
f 5893//4109 5892//4109 5894//4109
f 5894//4112 5895//4112 5893//4112
f 5798//4055 5775//4055 5849//4055
f 5849//4113 5896//4113 5798//4113
f 5799//4066 5798//4066 5896//4066
f 5896//4114 5897//4114 5799//4114
f 5896//4099 5849//4099 5851//4099
f 5851//4115 5898//4115 5896//4115
f 5897//4113 5896//4113 5898//4113
f 5898//4116 5899//4116 5897//4116
f 5803//4059 5781//4059 5885//4059
f 5885//4102 5900//4102 5803//4102
f 5804//4059 5803//4059 5900//4059
f 5900//4117 5901//4117 5804//4117
f 5900//4102 5885//4102 5887//4102
f 5887//4118 5902//4118 5900//4118
f 5901//4117 5900//4117 5902//4117
f 5902//4118 5903//4118 5901//4118
f 5890//4062 5787//4062 5807//4062
f 5807//4119 5904//4119 5890//4119
f 5891//4107 5890//4107 5904//4107
f 5904//4120 5905//4120 5891//4120
f 5904//4062 5807//4062 5809//4062
f 5809//4119 5906//4119 5904//4119
f 5905//4107 5904//4107 5906//4107
f 5906//4120 5907//4120 5905//4120
f 5894//4065 5793//4065 5812//4065
f 5812//4121 5908//4121 5894//4121
f 5895//4111 5894//4111 5908//4111
f 5908//4122 5909//4122 5895//4122
f 5908//4065 5812//4065 5814//4065
f 5814//4121 5910//4121 5908//4121
f 5909//4111 5908//4111 5910//4111
f 5910//4122 5911//4122 5909//4122
f 5818//4068 5799//4068 5897//4068
f 5897//4114 5912//4114 5818//4114
f 5819//4068 5818//4068 5912//4068
f 5912//4123 5913//4123 5819//4123
f 5912//4114 5897//4114 5899//4114
f 5899//4124 5914//4124 5912//4124
f 5913//4123 5912//4123 5914//4123
f 5914//4124 5915//4124 5913//4124
f 5886//4094 5839//4094 5869//4094
f 5869//4103 5916//4103 5886//4103
f 5887//4103 5886//4103 5916//4103
f 5916//4104 5917//4104 5887//4104
f 5916//4094 5869//4094 5871//4094
f 5871//4103 5918//4103 5916//4103
f 5917//4103 5916//4103 5918//4103
f 5918//4104 5919//4104 5917//4104
f 5874//4096 5843//4096 5889//4096
f 5889//4106 5920//4106 5874//4106
f 5875//4096 5874//4096 5920//4096
f 5920//4106 5921//4106 5875//4106
f 5920//4106 5889//4106 5891//4106
f 5891//4108 5922//4108 5920//4108
f 5921//4106 5920//4106 5922//4106
f 5922//4108 5923//4108 5921//4108
f 5878//4098 5847//4098 5893//4098
f 5893//4110 5924//4110 5878//4110
f 5879//4098 5878//4098 5924//4098
f 5924//4110 5925//4110 5879//4110
f 5924//4110 5893//4110 5895//4110
f 5895//4112 5926//4112 5924//4112
f 5925//4110 5924//4110 5926//4110
f 5926//4112 5927//4112 5925//4112
f 5898//4100 5851//4100 5881//4100
f 5881//4115 5928//4115 5898//4115
f 5899//4115 5898//4115 5928//4115
f 5928//4116 5929//4116 5899//4116
f 5928//4100 5881//4100 5883//4100
f 5883//4115 5930//4115 5928//4115
f 5929//4115 5928//4115 5930//4115
f 5930//4116 5931//4116 5929//4116
f 5902//4104 5887//4104 5917//4104
f 5917//4118 5932//4118 5902//4118
f 5903//4118 5902//4118 5932//4118
f 5932//4118 5933//4118 5903//4118
f 5932//4104 5917//4104 5919//4104
f 5919//4118 5934//4118 5932//4118
f 5933//4118 5932//4118 5934//4118
f 5934//4118 5935//4118 5933//4118
f 5922//4108 5891//4108 5905//4108
f 5905//4120 5936//4120 5922//4120
f 5923//4108 5922//4108 5936//4108
f 5936//4120 5937//4120 5923//4120
f 5936//4120 5905//4120 5907//4120
f 5907//4120 5938//4120 5936//4120
f 5937//4120 5936//4120 5938//4120
f 5938//4120 5939//4120 5937//4120
f 5926//4112 5895//4112 5909//4112
f 5909//4122 5940//4122 5926//4122
f 5927//4112 5926//4112 5940//4112
f 5940//4122 5941//4122 5927//4122
f 5940//4122 5909//4122 5911//4122
f 5911//4122 5942//4122 5940//4122
f 5941//4122 5940//4122 5942//4122
f 5942//4122 5943//4122 5941//4122
f 5914//4116 5899//4116 5929//4116
f 5929//4124 5944//4124 5914//4124
f 5915//4124 5914//4124 5944//4124
f 5944//4124 5945//4124 5915//4124
f 5944//4116 5929//4116 5931//4116
f 5931//4124 5946//4124 5944//4124
f 5945//4124 5944//4124 5946//4124
f 5946//4124 5947//4124 5945//4124
f 5854//3999 5667//3999 5688//3999
f 5688//4125 5948//4125 5854//4125
f 5855//4079 5854//4079 5948//4079
f 5948//4126 5949//4126 5855//4126
f 5948//4013 5688//4013 5691//4013
f 5691//4127 5950//4127 5948//4127
f 5949//4125 5948//4125 5950//4125
f 5950//4128 5951//4128 5949//4128
f 5696//4002 5673//4002 5857//4002
f 5857//4129 5952//4129 5696//4129
f 5697//4016 5696//4016 5952//4016
f 5952//4130 5953//4130 5697//4130
f 5952//4082 5857//4082 5859//4082
f 5859//4131 5954//4131 5952//4131
f 5953//4129 5952//4129 5954//4129
f 5954//4132 5955//4132 5953//4132
f 5702//4005 5679//4005 5861//4005
f 5861//4133 5956//4133 5702//4133
f 5703//4019 5702//4019 5956//4019
f 5956//4134 5957//4134 5703//4134
f 5956//4086 5861//4086 5863//4086
f 5863//4135 5958//4135 5956//4135
f 5957//4133 5956//4133 5958//4133
f 5958//4136 5959//4136 5957//4136
f 5866//4008 5685//4008 5706//4008
f 5706//4137 5960//4137 5866//4137
f 5867//4091 5866//4091 5960//4091
f 5960//4138 5961//4138 5867//4138
f 5960//4022 5706//4022 5709//4022
f 5709//4139 5962//4139 5960//4139
f 5961//4137 5960//4137 5962//4137
f 5962//4140 5963//4140 5961//4140
f 5870//4080 5855//4080 5949//4080
f 5949//4141 5964//4141 5870//4141
f 5871//4094 5870//4094 5964//4094
f 5964//4141 5965//4141 5871//4141
f 5964//4126 5949//4126 5951//4126
f 5951//4142 5966//4142 5964//4142
f 5965//4141 5964//4141 5966//4141
f 5966//4142 5967//4142 5965//4142
f 5954//4084 5859//4084 5873//4084
f 5873//4143 5968//4143 5954//4143
f 5955//4131 5954//4131 5968//4131
f 5968//4144 5969//4144 5955//4144
f 5968//4096 5873//4096 5875//4096
f 5875//4143 5970//4143 5968//4143
f 5969//4143 5968//4143 5970//4143
f 5970//4144 5971//4144 5969//4144
f 5958//4088 5863//4088 5877//4088
f 5877//4145 5972//4145 5958//4145
f 5959//4135 5958//4135 5972//4135
f 5972//4146 5973//4146 5959//4146
f 5972//4098 5877//4098 5879//4098
f 5879//4145 5974//4145 5972//4145
f 5973//4145 5972//4145 5974//4145
f 5974//4146 5975//4146 5973//4146
f 5882//4092 5867//4092 5961//4092
f 5961//4147 5976//4147 5882//4147
f 5883//4100 5882//4100 5976//4100
f 5976//4147 5977//4147 5883//4147
f 5976//4138 5961//4138 5963//4138
f 5963//4148 5978//4148 5976//4148
f 5977//4147 5976//4147 5978//4147
f 5978//4148 5979//4148 5977//4148
f 5950//4015 5691//4015 5712//4015
f 5712//4127 5980//4127 5950//4127
f 5951//4127 5950//4127 5980//4127
f 5980//4128 5981//4128 5951//4128
f 5980//4015 5712//4015 5715//4015
f 5715//4149 5982//4149 5980//4149
f 5981//4127 5980//4127 5982//4127
f 5982//4150 5983//4150 5981//4150
f 5718//4018 5697//4018 5953//4018
f 5953//4130 5984//4130 5718//4130
f 5715//4018 5718//4018 5984//4018
f 5984//4151 5982//4151 5715//4151
f 5984//4130 5953//4130 5955//4130
f 5955//4132 5985//4132 5984//4132
f 5982//4130 5984//4130 5985//4130
f 5985//4152 5983//4152 5982//4152
f 5723//4021 5703//4021 5957//4021
f 5957//4134 5986//4134 5723//4134
f 5724//4021 5723//4021 5986//4021
f 5986//4153 5987//4153 5724//4153
f 5986//4134 5957//4134 5959//4134
f 5959//4136 5988//4136 5986//4136
f 5987//4134 5986//4134 5988//4134
f 5988//4154 5989//4154 5987//4154
f 5962//4024 5709//4024 5727//4024
f 5727//4139 5990//4139 5962//4139
f 5963//4139 5962//4139 5990//4139
f 5990//4140 5991//4140 5963//4140
f 5990//4024 5727//4024 5724//4024
f 5724//4155 5987//4155 5990//4155
f 5991//4139 5990//4139 5987//4139
f 5987//4156 5989//4156 5991//4156
f 5966//4128 5951//4128 5981//4128
f 5981//4142 5992//4142 5966//4142
f 5967//4142 5966//4142 5992//4142
f 5992//4142 5993//4142 5967//4142
f 5992//4128 5981//4128 5983//4128
f 5983//4157 5994//4157 5992//4157
f 5993//4142 5992//4142 5994//4142
f 5994//4157 5995//4157 5993//4157
f 5985//4132 5955//4132 5969//4132
f 5969//4144 5996//4144 5985//4144
f 5983//4132 5985//4132 5996//4132
f 5996//4158 5994//4158 5983//4158
f 5996//4144 5969//4144 5971//4144
f 5971//4144 5997//4144 5996//4144
f 5994//4144 5996//4144 5997//4144
f 5997//4158 5995//4158 5994//4158
f 5988//4136 5959//4136 5973//4136
f 5973//4146 5998//4146 5988//4146
f 5989//4136 5988//4136 5998//4136
f 5998//4159 5999//4159 5989//4159
f 5998//4146 5973//4146 5975//4146
f 5975//4146 6000//4146 5998//4146
f 5999//4146 5998//4146 6000//4146
f 6000//4159 6001//4159 5999//4159
f 5978//4140 5963//4140 5991//4140
f 5991//4148 6002//4148 5978//4148
f 5979//4148 5978//4148 6002//4148
f 6002//4148 6003//4148 5979//4148
f 6002//4140 5991//4140 5989//4140
f 5989//4160 5999//4160 6002//4160
f 6003//4148 6002//4148 5999//4148
f 5999//4160 6001//4160 6003//4160
f 5918//4094 5871//4094 5965//4094
f 5965//4161 6004//4161 5918//4161
f 5919//4103 5918//4103 6004//4103
f 6004//4162 6005//4162 5919//4162
f 6004//4141 5965//4141 5967//4141
f 5967//4163 6006//4163 6004//4163
f 6005//4161 6004//4161 6006//4161
f 6006//4164 6007//4164 6005//4164
f 5970//4096 5875//4096 5921//4096
f 5921//4165 6008//4165 5970//4165
f 5971//4143 5970//4143 6008//4143
f 6008//4166 6009//4166 5971//4166
f 6008//4106 5921//4106 5923//4106
f 5923//4167 6010//4167 6008//4167
f 6009//4165 6008//4165 6010//4165
f 6010//4168 6011//4168 6009//4168
f 5974//4098 5879//4098 5925//4098
f 5925//4169 6012//4169 5974//4169
f 5975//4145 5974//4145 6012//4145
f 6012//4170 6013//4170 5975//4170
f 6012//4110 5925//4110 5927//4110
f 5927//4171 6014//4171 6012//4171
f 6013//4169 6012//4169 6014//4169
f 6014//4172 6015//4172 6013//4172
f 5930//4100 5883//4100 5977//4100
f 5977//4173 6016//4173 5930//4173
f 5931//4115 5930//4115 6016//4115
f 6016//4174 6017//4174 5931//4174
f 6016//4147 5977//4147 5979//4147
f 5979//4175 6018//4175 6016//4175
f 6017//4173 6016//4173 6018//4173
f 6018//4176 6019//4176 6017//4176
f 5934//4104 5919//4104 6005//4104
f 6005//4177 6020//4177 5934//4177
f 5935//4118 5934//4118 6020//4118
f 6020//4177 6021//4177 5935//4177
f 6020//4162 6005//4162 6007//4162
f 6007//4178 6022//4178 6020//4178
f 6021//4177 6020//4177 6022//4177
f 6022//4178 6023//4178 6021//4178
f 6010//4108 5923//4108 5937//4108
f 5937//4179 6024//4179 6010//4179
f 6011//4167 6010//4167 6024//4167
f 6024//4180 6025//4180 6011//4180
f 6024//4120 5937//4120 5939//4120
f 5939//4179 6026//4179 6024//4179
f 6025//4179 6024//4179 6026//4179
f 6026//4180 6027//4180 6025//4180
f 6014//4112 5927//4112 5941//4112
f 5941//4181 6028//4181 6014//4181
f 6015//4171 6014//4171 6028//4171
f 6028//4182 6029//4182 6015//4182
f 6028//4122 5941//4122 5943//4122
f 5943//4181 6030//4181 6028//4181
f 6029//4181 6028//4181 6030//4181
f 6030//4182 6031//4182 6029//4182
f 5946//4116 5931//4116 6017//4116
f 6017//4183 6032//4183 5946//4183
f 5947//4124 5946//4124 6032//4124
f 6032//4183 6033//4183 5947//4183
f 6032//4174 6017//4174 6019//4174
f 6019//4184 6034//4184 6032//4184
f 6033//4183 6032//4183 6034//4183
f 6034//4184 6035//4184 6033//4184
f 6006//4142 5967//4142 5993//4142
f 5993//4163 6036//4163 6006//4163
f 6007//4163 6006//4163 6036//4163
f 6036//4164 6037//4164 6007//4164
f 6036//4142 5993//4142 5995//4142
f 5995//4185 6038//4185 6036//4185
f 6037//4163 6036//4163 6038//4163
f 6038//4186 6039//4186 6037//4186
f 5997//4144 5971//4144 6009//4144
f 6009//4166 6040//4166 5997//4166
f 5995//4144 5997//4144 6040//4144
f 6040//4187 6038//4187 5995//4187
f 6040//4166 6009//4166 6011//4166
f 6011//4168 6041//4168 6040//4168
f 6038//4166 6040//4166 6041//4166
f 6041//4188 6039//4188 6038//4188
f 6000//4146 5975//4146 6013//4146
f 6013//4170 6042//4170 6000//4170
f 6001//4146 6000//4146 6042//4146
f 6042//4189 6043//4189 6001//4189
f 6042//4170 6013//4170 6015//4170
f 6015//4172 6044//4172 6042//4172
f 6043//4170 6042//4170 6044//4170
f 6044//4190 6045//4190 6043//4190
f 6018//4148 5979//4148 6003//4148
f 6003//4175 6046//4175 6018//4175
f 6019//4175 6018//4175 6046//4175
f 6046//4176 6047//4176 6019//4176
f 6046//4148 6003//4148 6001//4148
f 6001//4191 6043//4191 6046//4191
f 6047//4175 6046//4175 6043//4175
f 6043//4192 6045//4192 6047//4192
f 6022//4164 6007//4164 6037//4164
f 6037//4178 6048//4178 6022//4178
f 6023//4178 6022//4178 6048//4178
f 6048//4178 6049//4178 6023//4178
f 6048//4164 6037//4164 6039//4164
f 6039//4193 6050//4193 6048//4193
f 6049//4178 6048//4178 6050//4178
f 6050//4193 6051//4193 6049//4193
f 6041//4168 6011//4168 6025//4168
f 6025//4180 6052//4180 6041//4180
f 6039//4168 6041//4168 6052//4168
f 6052//4194 6050//4194 6039//4194
f 6052//4180 6025//4180 6027//4180
f 6027//4180 6053//4180 6052//4180
f 6050//4180 6052//4180 6053//4180
f 6053//4194 6051//4194 6050//4194
f 6044//4172 6015//4172 6029//4172
f 6029//4182 6054//4182 6044//4182
f 6045//4172 6044//4172 6054//4172
f 6054//4195 6055//4195 6045//4195
f 6054//4182 6029//4182 6031//4182
f 6031//4182 6056//4182 6054//4182
f 6055//4182 6054//4182 6056//4182
f 6056//4195 6057//4195 6055//4195
f 6034//4176 6019//4176 6047//4176
f 6047//4184 6058//4184 6034//4184
f 6035//4184 6034//4184 6058//4184
f 6058//4184 6059//4184 6035//4184
f 6058//4176 6047//4176 6045//4176
f 6045//4196 6055//4196 6058//4196
f 6059//4184 6058//4184 6055//4184
f 6055//4196 6057//4196 6059//4196
f 6060//4070 5804//4070 5901//4070
f 5901//4197 6061//4197 6060//4197
f 6062//4198 6060//4198 6061//4198
f 6061//4199 6063//4199 6062//4199
f 6061//4117 5901//4117 5903//4117
f 5903//4200 6064//4200 6061//4200
f 6063//4197 6061//4197 6064//4197
f 6064//4201 6065//4201 6063//4201
f 5906//4072 5809//4072 6066//4072
f 6066//4202 6067//4202 5906//4202
f 5907//4119 5906//4119 6067//4119
f 6067//4203 6068//4203 5907//4203
f 6067//4204 6066//4204 6069//4204
f 6069//4205 6070//4205 6067//4205
f 6068//4202 6067//4202 6070//4202
f 6070//4206 6071//4206 6068//4206
f 5910//4074 5814//4074 6072//4074
f 6072//4207 6073//4207 5910//4207
f 5911//4121 5910//4121 6073//4121
f 6073//4208 6074//4208 5911//4208
f 6073//4209 6072//4209 6075//4209
f 6075//4210 6076//4210 6073//4210
f 6074//4207 6073//4207 6076//4207
f 6076//4211 6077//4211 6074//4211
f 6078//4076 5819//4076 5913//4076
f 5913//4212 6079//4212 6078//4212
f 6080//4213 6078//4213 6079//4213
f 6079//4214 6081//4214 6080//4214
f 6079//4123 5913//4123 5915//4123
f 5915//4215 6082//4215 6079//4215
f 6081//4212 6079//4212 6082//4212
f 6082//4216 6083//4216 6081//4216
f 6064//4118 5903//4118 5933//4118
f 5933//4200 6084//4200 6064//4200
f 6065//4200 6064//4200 6084//4200
f 6084//4201 6085//4201 6065//4201
f 6084//4118 5933//4118 5935//4118
f 5935//4200 6086//4200 6084//4200
f 6085//4200 6084//4200 6086//4200
f 6086//4201 6087//4201 6085//4201
f 5938//4120 5907//4120 6068//4120
f 6068//4203 6088//4203 5938//4203
f 5939//4120 5938//4120 6088//4120
f 6088//4203 6089//4203 5939//4203
f 6088//4203 6068//4203 6071//4203
f 6071//4206 6090//4206 6088//4206
f 6089//4203 6088//4203 6090//4203
f 6090//4206 6091//4206 6089//4206
f 5942//4122 5911//4122 6074//4122
f 6074//4208 6092//4208 5942//4208
f 5943//4122 5942//4122 6092//4122
f 6092//4208 6093//4208 5943//4208
f 6092//4208 6074//4208 6077//4208
f 6077//4211 6094//4211 6092//4211
f 6093//4208 6092//4208 6094//4208
f 6094//4211 6095//4211 6093//4211
f 6082//4124 5915//4124 5945//4124
f 5945//4215 6096//4215 6082//4215
f 6083//4215 6082//4215 6096//4215
f 6096//4216 6097//4216 6083//4216
f 6096//4124 5945//4124 5947//4124
f 5947//4215 6098//4215 6096//4215
f 6097//4215 6096//4215 6098//4215
f 6098//4216 6099//4216 6097//4216
f 6100//4201 6065//4201 6085//4201
f 6085//4201 6101//4201 6100//4201
f 6102//4201 6100//4201 6101//4201
f 6101//4217 6103//4217 6102//4217
f 6101//4201 6085//4201 6087//4201
f 6087//4201 6104//4201 6101//4201
f 6103//4201 6101//4201 6104//4201
f 6104//4217 6105//4217 6103//4217
f 6090//4206 6071//4206 6106//4206
f 6106//4206 6107//4206 6090//4206
f 6091//4206 6090//4206 6107//4206
f 6107//4206 6108//4206 6091//4206
f 6107//4206 6106//4206 6109//4206
f 6109//4218 6110//4218 6107//4218
f 6108//4206 6107//4206 6110//4206
f 6110//4218 6111//4218 6108//4218
f 6094//4211 6077//4211 6112//4211
f 6112//4211 6113//4211 6094//4211
f 6095//4211 6094//4211 6113//4211
f 6113//4211 6114//4211 6095//4211
f 6113//4211 6112//4211 6115//4211
f 6115//4219 6116//4219 6113//4219
f 6114//4211 6113//4211 6116//4211
f 6116//4219 6117//4219 6114//4219
f 6118//4216 6083//4216 6097//4216
f 6097//4216 6119//4216 6118//4216
f 6120//4216 6118//4216 6119//4216
f 6119//4220 6121//4220 6120//4220
f 6119//4216 6097//4216 6099//4216
f 6099//4216 6122//4216 6119//4216
f 6121//4216 6119//4216 6122//4216
f 6122//4220 6123//4220 6121//4220
f 6086//4118 5935//4118 6021//4118
f 6021//4221 6124//4221 6086//4221
f 6087//4200 6086//4200 6124//4200
f 6124//4222 6125//4222 6087//4222
f 6124//4177 6021//4177 6023//4177
f 6023//4223 6126//4223 6124//4223
f 6125//4221 6124//4221 6126//4221
f 6126//4224 6127//4224 6125//4224
f 6026//4120 5939//4120 6089//4120
f 6089//4225 6128//4225 6026//4225
f 6027//4179 6026//4179 6128//4179
f 6128//4226 6129//4226 6027//4226
f 6128//4203 6089//4203 6091//4203
f 6091//4227 6130//4227 6128//4227
f 6129//4225 6128//4225 6130//4225
f 6130//4228 6131//4228 6129//4228
f 6030//4122 5943//4122 6093//4122
f 6093//4229 6132//4229 6030//4229
f 6031//4181 6030//4181 6132//4181
f 6132//4230 6133//4230 6031//4230
f 6132//4208 6093//4208 6095//4208
f 6095//4231 6134//4231 6132//4231
f 6133//4229 6132//4229 6134//4229
f 6134//4232 6135//4232 6133//4232
f 6098//4124 5947//4124 6033//4124
f 6033//4233 6136//4233 6098//4233
f 6099//4215 6098//4215 6136//4215
f 6136//4234 6137//4234 6099//4234
f 6136//4183 6033//4183 6035//4183
f 6035//4235 6138//4235 6136//4235
f 6137//4233 6136//4233 6138//4233
f 6138//4236 6139//4236 6137//4236
f 6104//4201 6087//4201 6125//4201
f 6125//4222 6140//4222 6104//4222
f 6105//4201 6104//4201 6140//4201
f 6140//4237 6141//4237 6105//4237
f 6140//4222 6125//4222 6127//4222
f 6127//4224 6142//4224 6140//4224
f 6141//4222 6140//4222 6142//4222
f 6142//4238 6143//4238 6141//4238
f 6130//4206 6091//4206 6108//4206
f 6108//4227 6144//4227 6130//4227
f 6131//4227 6130//4227 6144//4227
f 6144//4228 6145//4228 6131//4228
f 6144//4206 6108//4206 6111//4206
f 6111//4239 6146//4239 6144//4239
f 6145//4227 6144//4227 6146//4227
f 6146//4240 6147//4240 6145//4240
f 6134//4211 6095//4211 6114//4211
f 6114//4231 6148//4231 6134//4231
f 6135//4231 6134//4231 6148//4231
f 6148//4232 6149//4232 6135//4232
f 6148//4211 6114//4211 6117//4211
f 6117//4241 6150//4241 6148//4241
f 6149//4231 6148//4231 6150//4231
f 6150//4242 6151//4242 6149//4242
f 6122//4216 6099//4216 6137//4216
f 6137//4234 6152//4234 6122//4234
f 6123//4216 6122//4216 6152//4216
f 6152//4243 6153//4243 6123//4243
f 6152//4234 6137//4234 6139//4234
f 6139//4236 6154//4236 6152//4236
f 6153//4234 6152//4234 6154//4234
f 6154//4244 6155//4244 6153//4244
f 6126//4178 6023//4178 6049//4178
f 6049//4223 6156//4223 6126//4223
f 6127//4223 6126//4223 6156//4223
f 6156//4224 6157//4224 6127//4224
f 6156//4178 6049//4178 6051//4178
f 6051//4245 6158//4245 6156//4245
f 6157//4223 6156//4223 6158//4223
f 6158//4246 6159//4246 6157//4246
f 6053//4180 6027//4180 6129//4180
f 6129//4226 6160//4226 6053//4226
f 6051//4180 6053//4180 6160//4180
f 6160//4247 6158//4247 6051//4247
f 6160//4226 6129//4226 6131//4226
f 6131//4228 6161//4228 6160//4228
f 6158//4226 6160//4226 6161//4226
f 6161//4248 6159//4248 6158//4248
f 6056//4182 6031//4182 6133//4182
f 6133//4230 6162//4230 6056//4230
f 6057//4182 6056//4182 6162//4182
f 6162//4249 6163//4249 6057//4249
f 6162//4230 6133//4230 6135//4230
f 6135//4232 6164//4232 6162//4232
f 6163//4230 6162//4230 6164//4230
f 6164//4250 6165//4250 6163//4250
f 6138//4184 6035//4184 6059//4184
f 6059//4235 6166//4235 6138//4235
f 6139//4235 6138//4235 6166//4235
f 6166//4236 6167//4236 6139//4236
f 6166//4184 6059//4184 6057//4184
f 6057//4251 6163//4251 6166//4251
f 6167//4235 6166//4235 6163//4235
f 6163//4252 6165//4252 6167//4252
f 6142//4224 6127//4224 6157//4224
f 6157//4224 6168//4224 6142//4224
f 6143//4224 6142//4224 6168//4224
f 6168//4238 6169//4238 6143//4238
f 6168//4224 6157//4224 6159//4224
f 6159//4246 6170//4246 6168//4246
f 6169//4224 6168//4224 6170//4224
f 6170//4253 6171//4253 6169//4253
f 6161//4228 6131//4228 6145//4228
f 6145//4228 6172//4228 6161//4228
f 6159//4228 6161//4228 6172//4228
f 6172//4248 6170//4248 6159//4248
f 6172//4228 6145//4228 6147//4228
f 6147//4240 6173//4240 6172//4240
f 6170//4228 6172//4228 6173//4228
f 6173//4254 6171//4254 6170//4254
f 6164//4232 6135//4232 6149//4232
f 6149//4232 6174//4232 6164//4232
f 6165//4232 6164//4232 6174//4232
f 6174//4250 6175//4250 6165//4250
f 6174//4232 6149//4232 6151//4232
f 6151//4242 6176//4242 6174//4242
f 6175//4232 6174//4232 6176//4232
f 6176//4255 6177//4255 6175//4255
f 6154//4236 6139//4236 6167//4236
f 6167//4236 6178//4236 6154//4236
f 6155//4236 6154//4236 6178//4236
f 6178//4244 6179//4244 6155//4244
f 6178//4236 6167//4236 6165//4236
f 6165//4252 6175//4252 6178//4252
f 6179//4236 6178//4236 6175//4236
f 6175//4256 6177//4256 6179//4256
f 6180//4217 6105//4217 6141//4217
f 6141//4257 6181//4257 6180//4257
f 6182//4258 6180//4258 6181//4258
f 6181//4259 6183//4259 6182//4259
f 6181//4237 6141//4237 6143//4237
f 6143//4260 6184//4260 6181//4260
f 6183//4257 6181//4257 6184//4257
f 6184//4261 6185//4261 6183//4261
f 6146//4218 6111//4218 6186//4218
f 6186//4262 6187//4262 6146//4262
f 6147//4239 6146//4239 6187//4239
f 6187//4263 6188//4263 6147//4263
f 6187//4264 6186//4264 6189//4264
f 6189//4265 6190//4265 6187//4265
f 6188//4262 6187//4262 6190//4262
f 6190//4266 6191//4266 6188//4266
f 6150//4219 6117//4219 6192//4219
f 6192//4267 6193//4267 6150//4267
f 6151//4241 6150//4241 6193//4241
f 6193//4268 6194//4268 6151//4268
f 6193//4269 6192//4269 6195//4269
f 6195//4270 6196//4270 6193//4270
f 6194//4267 6193//4267 6196//4267
f 6196//4271 6197//4271 6194//4271
f 6198//4220 6123//4220 6153//4220
f 6153//4272 6199//4272 6198//4272
f 6200//4273 6198//4273 6199//4273
f 6199//4274 6201//4274 6200//4274
f 6199//4243 6153//4243 6155//4243
f 6155//4275 6202//4275 6199//4275
f 6201//4272 6199//4272 6202//4272
f 6202//4276 6203//4276 6201//4276
f 6184//4238 6143//4238 6169//4238
f 6169//4260 6204//4260 6184//4260
f 6185//4260 6184//4260 6204//4260
f 6204//4261 6205//4261 6185//4261
f 6204//4238 6169//4238 6171//4238
f 6171//4277 6206//4277 6204//4277
f 6205//4260 6204//4260 6206//4260
f 6206//4278 6207//4278 6205//4278
f 6173//4240 6147//4240 6188//4240
f 6188//4263 6208//4263 6173//4263
f 6171//4240 6173//4240 6208//4240
f 6208//4279 6206//4279 6171//4279
f 6208//4263 6188//4263 6191//4263
f 6191//4266 6209//4266 6208//4266
f 6206//4263 6208//4263 6209//4263
f 6209//4280 6207//4280 6206//4280
f 6176//4242 6151//4242 6194//4242
f 6194//4268 6210//4268 6176//4268
f 6177//4242 6176//4242 6210//4242
f 6210//4281 6211//4281 6177//4281
f 6210//4268 6194//4268 6197//4268
f 6197//4271 6212//4271 6210//4271
f 6211//4268 6210//4268 6212//4268
f 6212//4282 6213//4282 6211//4282
f 6202//4244 6155//4244 6179//4244
f 6179//4275 6214//4275 6202//4275
f 6203//4275 6202//4275 6214//4275
f 6214//4276 6215//4276 6203//4276
f 6214//4244 6179//4244 6177//4244
f 6177//4283 6211//4283 6214//4283
f 6215//4275 6214//4275 6211//4275
f 6211//4284 6213//4284 6215//4284
f 6216//4045 5730//4045 5752//4045
f 5752//4285 6217//4285 6216//4285
f 6218//4286 6216//4286 6217//4286
f 6217//4287 6219//4287 6218//4287
f 6217//4288 5752//4288 5754//4288
f 5754//4289 6220//4289 6217//4289
f 6219//4285 6217//4285 6220//4285
f 6220//4290 5490//4290 6219//4290
f 5758//4048 5737//4048 6221//4048
f 6221//4291 6222//4291 5758//4291
f 5761//4292 5758//4292 6222//4292
f 6222//4293 6223//4293 5761//4293
f 6222//4294 6221//4294 6224//4294
f 6224//4295 6225//4295 6222//4295
f 6223//4291 6222//4291 6225//4291
f 6225//4296 5501//4296 6223//4296
f 5764//4051 5743//4051 6226//4051
f 6226//4297 6227//4297 5764//4297
f 5767//4298 5764//4298 6227//4298
f 6227//4299 6228//4299 5767//4299
f 6227//4300 6226//4300 6229//4300
f 6229//4301 6230//4301 6227//4301
f 6228//4297 6227//4297 6230//4297
f 6230//4302 5508//4302 6228//4302
f 6231//4054 5748//4054 5770//4054
f 5770//4303 6232//4303 6231//4303
f 6233//4304 6231//4304 6232//4304
f 6232//4305 6234//4305 6233//4305
f 6232//4306 5770//4306 5772//4306
f 5772//4307 6235//4307 6232//4307
f 6234//4303 6232//4303 6235//4303
f 6235//4308 5514//4308 6234//4308
f 6220//4309 5754//4309 5776//4309
f 5776//4310 6236//4310 6220//4310
f 5490//4311 6220//4311 6236//4311
f 6236//4312 5486//4312 5490//4312
f 6236//4313 5776//4313 5778//4313
f 5778//4314 6237//4314 6236//4314
f 5486//4310 6236//4310 6237//4310
f 6237//4315 5487//4315 5486//4315
f 5782//4316 5761//4316 6223//4316
f 6223//4317 6238//4317 5782//4317
f 5785//4318 5782//4318 6238//4318
f 6238//4319 6239//4319 5785//4319
f 6238//4320 6223//4320 5501//4320
f 5501//4321 5497//4321 6238//4321
f 6239//4317 6238//4317 5497//4317
f 5497//4322 5496//4322 6239//4322
f 5788//4323 5767//4323 6228//4323
f 6228//4324 6240//4324 5788//4324
f 5791//4325 5788//4325 6240//4325
f 6240//4326 6241//4326 5791//4326
f 6240//4327 6228//4327 5508//4327
f 5508//4328 5506//4328 6240//4328
f 6241//4324 6240//4324 5506//4324
f 5506//4329 5505//4329 6241//4329
f 6235//4330 5772//4330 5794//4330
f 5794//4331 6242//4331 6235//4331
f 5514//4332 6235//4332 6242//4332
f 6242//4333 5510//4333 5514//4333
f 6242//4334 5794//4334 5796//4334
f 5796//4335 6243//4335 6242//4335
f 5510//4331 6242//4331 6243//4331
f 6243//4336 5511//4336 5510//4336
f 6244//4337 6182//4337 6183//4337
f 6183//4338 6245//4338 6244//4338
f 6246//4339 6244//4339 6245//4339
f 6245//4340 6247//4340 6246//4340
f 6245//4341 6183//4341 6185//4341
f 6185//4342 6248//4342 6245//4342
f 6247//4338 6245//4338 6248//4338
f 6248//4343 6249//4343 6247//4343
f 6190//4344 6189//4344 6250//4344
f 6250//4345 6251//4345 6190//4345
f 6191//4346 6190//4346 6251//4346
f 6251//4347 6252//4347 6191//4347
f 6251//4348 6250//4348 6253//4348
f 6253//4349 6254//4349 6251//4349
f 6252//4345 6251//4345 6254//4345
f 6254//4350 6255//4350 6252//4350
f 6196//4351 6195//4351 6256//4351
f 6256//4352 6257//4352 6196//4352
f 6197//4353 6196//4353 6257//4353
f 6257//4354 6258//4354 6197//4354
f 6257//4355 6256//4355 6259//4355
f 6259//4356 6260//4356 6257//4356
f 6258//4352 6257//4352 6260//4352
f 6260//4357 6249//4357 6258//4357
f 6261//4358 6200//4358 6201//4358
f 6201//4359 6262//4359 6261//4359
f 6263//4360 6261//4360 6262//4360
f 6262//4361 6264//4361 6263//4361
f 6262//4362 6201//4362 6203//4362
f 6203//4363 6265//4363 6262//4363
f 6264//4359 6262//4359 6265//4359
f 6265//4364 6255//4364 6264//4364
f 6248//4365 6185//4365 6205//4365
f 6205//4366 6266//4366 6248//4366
f 6249//4367 6248//4367 6266//4367
f 6266//4368 6267//4368 6249//4368
f 6266//4369 6205//4369 6207//4369
f 6207//4370 6268//4370 6266//4370
f 6267//4366 6266//4366 6268//4366
f 6268//4371 6269//4371 6267//4371
f 6209//4372 6191//4372 6252//4372
f 6252//4373 6270//4373 6209//4373
f 6207//4374 6209//4374 6270//4374
f 6270//4375 6268//4375 6207//4375
f 6270//4376 6252//4376 6255//4376
f 6255//4377 6271//4377 6270//4377
f 6268//4373 6270//4373 6271//4373
f 6271//4378 6269//4378 6268//4378
f 6212//4379 6197//4379 6258//4379
f 6258//4380 6272//4380 6212//4380
f 6213//4381 6212//4381 6272//4381
f 6272//4382 6273//4382 6213//4382
f 6272//4383 6258//4383 6249//4383
f 6249//4384 6267//4384 6272//4384
f 6273//4380 6272//4380 6267//4380
f 6267//4385 6269//4385 6273//4385
f 6265//4386 6203//4386 6215//4386
f 6215//4387 6274//4387 6265//4387
f 6255//4388 6265//4388 6274//4388
f 6274//4389 6271//4389 6255//4389
f 6274//4390 6215//4390 6213//4390
f 6213//4391 6273//4391 6274//4391
f 6271//4387 6274//4387 6273//4387
f 6273//4392 6269//4392 6271//4392
f 6275//3981 4349//3981 6276//3981
f 6276//3981 6277//3981 6275//3981
f 4101//3981 6275//3981 6277//3981
f 6277//3981 6276//3981 5603//3981
f 6278//3985 4108//3985 6279//3985
f 6279//3985 6280//3985 6278//3985
f 4356//3985 6278//3985 6280//3985
f 6280//3985 6279//3985 5612//3985
f 6281//3989 4117//3989 6282//3989
f 6282//3989 6283//3989 6281//3989
f 4365//3989 6281//3989 6283//3989
f 6283//3989 6282//3989 5621//3989
f 6284//3993 4376//3993 6285//3993
f 6285//3993 6286//3993 6284//3993
f 4128//3993 6284//3993 6286//3993
f 6286//3993 6285//3993 5630//3993
f 6287//4393 6288//4393 6289//4393
f 6289//4394 6290//4394 6287//4394
f 6291//4395 6287//4395 6290//4395
f 6290//4396 6292//4396 6291//4396
f 6290//4397 6289//4397 6293//4397
f 6293//4398 6294//4398 6290//4398
f 6292//4399 6290//4399 6294//4399
f 6294//4400 6295//4400 6292//4400
f 6296//4401 6297//4401 6298//4401
f 6298//4402 6299//4402 6296//4402
f 6300//4403 6296//4403 6299//4403
f 6299//4404 6301//4404 6300//4404
f 6299//4405 6298//4405 6302//4405
f 6302//4406 6303//4406 6299//4406
f 6301//4402 6299//4402 6303//4402
f 6303//4407 6304//4407 6301//4407
f 6305//4408 6306//4408 6307//4408
f 6307//4409 6308//4409 6305//4409
f 6309//4410 6305//4410 6308//4410
f 6308//4411 6310//4411 6309//4411
f 6308//4412 6307//4412 6311//4412
f 6311//4413 6312//4413 6308//4413
f 6310//4409 6308//4409 6312//4409
f 6312//4414 6313//4414 6310//4414
f 6314//4415 6315//4415 6316//4415
f 6316//4416 6317//4416 6314//4416
f 6318//4417 6314//4417 6317//4417
f 6317//4418 6319//4418 6318//4418
f 6317//4419 6316//4419 6320//4419
f 6320//4420 6321//4420 6317//4420
f 6319//4421 6317//4421 6321//4421
f 6321//4422 6322//4422 6319//4422
f 6294//4423 6293//4423 6323//4423
f 6323//4424 6324//4424 6294//4424
f 6295//4425 6294//4425 6324//4425
f 6324//4426 6325//4426 6295//4426
f 6324//4427 6323//4427 6326//4427
f 6326//4428 6327//4428 6324//4428
f 6325//4424 6324//4424 6327//4424
f 6327//4429 6328//4429 6325//4429
f 6329//4430 6300//4430 6301//4430
f 6301//4431 6330//4431 6329//4431
f 6331//4432 6329//4432 6330//4432
f 6330//4433 6332//4433 6331//4433
f 6330//4434 6301//4434 6304//4434
f 6304//4435 6333//4435 6330//4435
f 6332//4431 6330//4431 6333//4431
f 6333//4436 6334//4436 6332//4436
f 6335//4437 6309//4437 6310//4437
f 6310//4438 6336//4438 6335//4438
f 6337//4439 6335//4439 6336//4439
f 6336//4440 6338//4440 6337//4440
f 6336//4441 6310//4441 6313//4441
f 6313//4442 6339//4442 6336//4442
f 6338//4438 6336//4438 6339//4438
f 6339//4443 6340//4443 6338//4443
f 6321//4444 6320//4444 6341//4444
f 6341//4445 6342//4445 6321//4445
f 6322//4446 6321//4446 6342//4446
f 6342//4447 6343//4447 6322//4447
f 6342//4448 6341//4448 6344//4448
f 6344//4449 6345//4449 6342//4449
f 6343//4445 6342//4445 6345//4445
f 6345//4450 6346//4450 6343//4450
f 6327//4451 6326//4451 6347//4451
f 6347//4452 6348//4452 6327//4452
f 6328//4453 6327//4453 6348//4453
f 6348//4454 6349//4454 6328//4454
f 6348//4455 6347//4455 6350//4455
f 6350//4456 6351//4456 6348//4456
f 6349//4452 6348//4452 6351//4452
f 6351//4457 6352//4457 6349//4457
f 6353//4458 6331//4458 6332//4458
f 6332//4459 6354//4459 6353//4459
f 6355//4460 6353//4460 6354//4460
f 6354//4461 6356//4461 6355//4461
f 6354//4462 6332//4462 6334//4462
f 6334//4463 6357//4463 6354//4463
f 6356//4459 6354//4459 6357//4459
f 6357//4464 6358//4464 6356//4464
f 6359//4465 6337//4465 6338//4465
f 6338//4466 6360//4466 6359//4466
f 6361//4467 6359//4467 6360//4467
f 6360//4468 6362//4468 6361//4468
f 6360//4469 6338//4469 6340//4469
f 6340//4470 6363//4470 6360//4470
f 6362//4466 6360//4466 6363//4466
f 6363//4471 6364//4471 6362//4471
f 6345//4472 6344//4472 6365//4472
f 6365//4473 6366//4473 6345//4473
f 6346//4474 6345//4474 6366//4474
f 6366//4475 6367//4475 6346//4475
f 6366//4476 6365//4476 6368//4476
f 6368//4477 6369//4477 6366//4477
f 6367//4473 6366//4473 6369//4473
f 6369//4478 6370//4478 6367//4478
f 6351//4479 6350//4479 6371//4479
f 6371//4480 6372//4480 6351//4480
f 6352//4481 6351//4481 6372//4481
f 6372//4482 6373//4482 6352//4482
f 6372//4483 6371//4483 6374//4483
f 6374//4484 6375//4484 6372//4484
f 6373//4480 6372//4480 6375//4480
f 6375//4485 6376//4485 6373//4485
f 6377//4486 6355//4486 6356//4486
f 6356//4487 6378//4487 6377//4487
f 6379//4488 6377//4488 6378//4488
f 6378//4489 6380//4489 6379//4489
f 6378//4490 6356//4490 6358//4490
f 6358//4491 6381//4491 6378//4491
f 6380//4487 6378//4487 6381//4487
f 6381//4492 6382//4492 6380//4492
f 6383//4493 6361//4493 6362//4493
f 6362//4494 6384//4494 6383//4494
f 6385//4495 6383//4495 6384//4495
f 6384//4496 6386//4496 6385//4496
f 6384//4497 6362//4497 6364//4497
f 6364//4498 6387//4498 6384//4498
f 6386//4494 6384//4494 6387//4494
f 6387//4499 6388//4499 6386//4499
f 6369//4500 6368//4500 6389//4500
f 6389//4501 6390//4501 6369//4501
f 6370//4502 6369//4502 6390//4502
f 6390//4503 6391//4503 6370//4503
f 6390//4504 6389//4504 6392//4504
f 6392//4505 6393//4505 6390//4505
f 6391//4501 6390//4501 6393//4501
f 6393//4506 6394//4506 6391//4506
f 6375//4507 6374//4507 6395//4507
f 6395//4508 6396//4508 6375//4508
f 6376//4509 6375//4509 6396//4509
f 6396//4510 6397//4510 6376//4510
f 6396//4507 6395//4507 6398//4507
f 6398//4511 6399//4511 6396//4511
f 6397//4508 6396//4508 6399//4508
f 6399//4512 6400//4512 6397//4512
f 6401//4513 6379//4513 6380//4513
f 6380//4514 6402//4514 6401//4514
f 6403//4515 6401//4515 6402//4515
f 6402//4516 6404//4516 6403//4516
f 6402//4517 6380//4517 6382//4517
f 6382//4518 6405//4518 6402//4518
f 6404//4514 6402//4514 6405//4514
f 6405//4519 6406//4519 6404//4519
f 6407//4520 6385//4520 6386//4520
f 6386//4521 6408//4521 6407//4521
f 6409//4522 6407//4522 6408//4522
f 6408//4523 6410//4523 6409//4523
f 6408//4524 6386//4524 6388//4524
f 6388//4525 6411//4525 6408//4525
f 6410//4521 6408//4521 6411//4521
f 6411//4526 6412//4526 6410//4526
f 6393//4527 6392//4527 6413//4527
f 6413//4528 6414//4528 6393//4528
f 6394//4529 6393//4529 6414//4529
f 6414//4530 6415//4530 6394//4530
f 6414//4527 6413//4527 6416//4527
f 6416//4531 6417//4531 6414//4531
f 6415//4528 6414//4528 6417//4528
f 6417//4532 6418//4532 6415//4532
f 6399//4533 6398//4533 6419//4533
f 6419//4534 6420//4534 6399//4534
f 6400//4535 6399//4535 6420//4535
f 6420//4536 6421//4536 6400//4536
f 6420//4537 6419//4537 6422//4537
f 6422//4538 6423//4538 6420//4538
f 6421//4534 6420//4534 6423//4534
f 6423//4539 6424//4539 6421//4539
f 6425//4540 6403//4540 6404//4540
f 6404//4541 6426//4541 6425//4541
f 6427//4542 6425//4542 6426//4542
f 6426//4543 6428//4543 6427//4543
f 6426//4544 6404//4544 6406//4544
f 6406//4545 6429//4545 6426//4545
f 6428//4541 6426//4541 6429//4541
f 6429//4546 6430//4546 6428//4546
f 6431//4547 6409//4547 6410//4547
f 6410//4548 6432//4548 6431//4548
f 6433//4549 6431//4549 6432//4549
f 6432//4550 6434//4550 6433//4550
f 6432//4551 6410//4551 6412//4551
f 6412//4552 6435//4552 6432//4552
f 6434//4548 6432//4548 6435//4548
f 6435//4553 6436//4553 6434//4553
f 6417//4554 6416//4554 6437//4554
f 6437//4555 6438//4555 6417//4555
f 6418//4556 6417//4556 6438//4556
f 6438//4557 6439//4557 6418//4557
f 6438//4558 6437//4558 6440//4558
f 6440//4559 6441//4559 6438//4559
f 6439//4555 6438//4555 6441//4555
f 6441//4560 6442//4560 6439//4560
f 6423//4561 6422//4561 6443//4561
f 6443//4562 6444//4562 6423//4562
f 6424//4563 6423//4563 6444//4563
f 6444//4564 6445//4564 6424//4564
f 6444//4565 6443//4565 6446//4565
f 6446//4566 6447//4566 6444//4566
f 6445//4567 6444//4567 6447//4567
f 6447//4568 6448//4568 6445//4568
f 6449//4569 6427//4569 6428//4569
f 6428//4570 6450//4570 6449//4570
f 6451//4571 6449//4571 6450//4571
f 6450//4572 6452//4572 6451//4572
f 6450//4573 6428//4573 6430//4573
f 6430//4574 6453//4574 6450//4574
f 6452//4575 6450//4575 6453//4575
f 6453//4576 6454//4576 6452//4576
f 6455//4577 6433//4577 6434//4577
f 6434//4578 6456//4578 6455//4578
f 6457//4579 6455//4579 6456//4579
f 6456//4580 6458//4580 6457//4580
f 6456//4581 6434//4581 6436//4581
f 6436//4582 6459//4582 6456//4582
f 6458//4583 6456//4583 6459//4583
f 6459//4584 6460//4584 6458//4584
f 6441//4585 6440//4585 6461//4585
f 6461//4586 6462//4586 6441//4586
f 6442//4587 6441//4587 6462//4587
f 6462//4588 6463//4588 6442//4588
f 6462//4589 6461//4589 6464//4589
f 6464//4590 6465//4590 6462//4590
f 6463//4591 6462//4591 6465//4591
f 6465//4592 6466//4592 6463//4592
f 6447//4593 6446//4593 6467//4593
f 6467//4594 6468//4594 6447//4594
f 6448//4595 6447//4595 6468//4595
f 6468//4596 6469//4596 6448//4596
f 6468//4597 6467//4597 6470//4597
f 6470//4598 6471//4598 6468//4598
f 6469//4594 6468//4594 6471//4594
f 6471//4599 6472//4599 6469//4599
f 6473//4600 6451//4600 6452//4600
f 6452//4601 6474//4601 6473//4601
f 6475//4602 6473//4602 6474//4602
f 6474//4603 6476//4603 6475//4603
f 6474//4604 6452//4604 6454//4604
f 6454//4605 6477//4605 6474//4605
f 6476//4601 6474//4601 6477//4601
f 6477//4606 6478//4606 6476//4606
f 6479//4607 6457//4607 6458//4607
f 6458//4608 6480//4608 6479//4608
f 6481//4609 6479//4609 6480//4609
f 6480//4610 6482//4610 6481//4610
f 6480//4611 6458//4611 6460//4611
f 6460//4612 6483//4612 6480//4612
f 6482//4608 6480//4608 6483//4608
f 6483//4613 6484//4613 6482//4613
f 6465//4614 6464//4614 6485//4614
f 6485//4615 6486//4615 6465//4615
f 6466//4616 6465//4616 6486//4616
f 6486//4617 6487//4617 6466//4617
f 6486//4618 6485//4618 6488//4618
f 6488//4619 6489//4619 6486//4619
f 6487//4615 6486//4615 6489//4615
f 6489//4620 6490//4620 6487//4620
f 6471//4621 6470//4621 6491//4621
f 6491//4622 6492//4622 6471//4622
f 6472//4623 6471//4623 6492//4623
f 6492//4624 6493//4624 6472//4624
f 6492//4625 6491//4625 6494//4625
f 6494//4626 6495//4626 6492//4626
f 6493//4622 6492//4622 6495//4622
f 6495//4627 6496//4627 6493//4627
f 6497//4628 6475//4628 6476//4628
f 6476//4629 6498//4629 6497//4629
f 6499//4630 6497//4630 6498//4630
f 6498//4631 6500//4631 6499//4631
f 6498//4632 6476//4632 6478//4632
f 6478//4633 6501//4633 6498//4633
f 6500//4629 6498//4629 6501//4629
f 6501//4634 6502//4634 6500//4634
f 6503//4635 6481//4635 6482//4635
f 6482//4636 6504//4636 6503//4636
f 6505//4637 6503//4637 6504//4637
f 6504//4638 6506//4638 6505//4638
f 6504//4639 6482//4639 6484//4639
f 6484//4640 6507//4640 6504//4640
f 6506//4636 6504//4636 6507//4636
f 6507//4641 6508//4641 6506//4641
f 6489//4642 6488//4642 6509//4642
f 6509//4643 6510//4643 6489//4643
f 6490//4644 6489//4644 6510//4644
f 6510//4645 6511//4645 6490//4645
f 6510//4646 6509//4646 6512//4646
f 6512//4647 6513//4647 6510//4647
f 6511//4643 6510//4643 6513//4643
f 6513//4648 6514//4648 6511//4648
f 6515//4649 6516//4649 6517//4649
f 6517//4650 6518//4650 6515//4650
f 6519//4651 6515//4651 6518//4651
f 6518//4652 6520//4652 6519//4652
f 6518//4653 6517//4653 6521//4653
f 6521//4654 6522//4654 6518//4654
f 6520//4650 6518//4650 6522//4650
f 6522//4655 6523//4655 6520//4655
f 6524//4656 6525//4656 6526//4656
f 6526//4657 6527//4657 6524//4657
f 6528//4658 6524//4658 6527//4658
f 6527//4659 6529//4659 6528//4659
f 6527//4660 6526//4660 6530//4660
f 6530//4661 6531//4661 6527//4661
f 6529//4657 6527//4657 6531//4657
f 6531//4662 6532//4662 6529//4662
f 6533//4663 6534//4663 6535//4663
f 6535//4664 6536//4664 6533//4664
f 6537//4665 6533//4665 6536//4665
f 6536//4666 6538//4666 6537//4666
f 6536//4667 6535//4667 6539//4667
f 6539//4668 6540//4668 6536//4668
f 6538//4664 6536//4664 6540//4664
f 6540//4669 6541//4669 6538//4669
f 6542//4670 6543//4670 6544//4670
f 6544//4671 6545//4671 6542//4671
f 6546//4672 6542//4672 6545//4672
f 6545//4673 6547//4673 6546//4673
f 6545//4674 6544//4674 6548//4674
f 6548//4675 6549//4675 6545//4675
f 6547//4671 6545//4671 6549//4671
f 6549//4676 6550//4676 6547//4676
f 6522//4677 6521//4677 6551//4677
f 6551//4678 6552//4678 6522//4678
f 6523//4679 6522//4679 6552//4679
f 6552//4680 6553//4680 6523//4680
f 6552//4681 6551//4681 6554//4681
f 6554//4682 6555//4682 6552//4682
f 6553//4678 6552//4678 6555//4678
f 6555//4683 6556//4683 6553//4683
f 6557//4684 6528//4684 6529//4684
f 6529//4685 6558//4685 6557//4685
f 6559//4686 6557//4686 6558//4686
f 6558//4687 6560//4687 6559//4687
f 6558//4688 6529//4688 6532//4688
f 6532//4689 6561//4689 6558//4689
f 6560//4685 6558//4685 6561//4685
f 6561//4690 6562//4690 6560//4690
f 6563//4691 6537//4691 6538//4691
f 6538//4692 6564//4692 6563//4692
f 6565//4693 6563//4693 6564//4693
f 6564//4694 6566//4694 6565//4694
f 6564//4695 6538//4695 6541//4695
f 6541//4696 6567//4696 6564//4696
f 6566//4692 6564//4692 6567//4692
f 6567//4697 6568//4697 6566//4697
f 6549//4698 6548//4698 6569//4698
f 6569//4699 6570//4699 6549//4699
f 6550//4700 6549//4700 6570//4700
f 6570//4701 6571//4701 6550//4701
f 6570//4702 6569//4702 6572//4702
f 6572//4703 6573//4703 6570//4703
f 6571//4699 6570//4699 6573//4699
f 6573//4704 6574//4704 6571//4704
f 6575//4705 6576//4705 6577//4705
f 6577//4706 6578//4706 6575//4706
f 6579//4707 6575//4707 6578//4707
f 6578//4708 6580//4708 6579//4708
f 6578//4709 6577//4709 6581//4709
f 6581//4710 6582//4710 6578//4710
f 6580//4706 6578//4706 6582//4706
f 6582//4711 6583//4711 6580//4711
f 6584//4712 6585//4712 6586//4712
f 6586//4713 6587//4713 6584//4713
f 6588//4714 6584//4714 6587//4714
f 6587//4715 6589//4715 6588//4715
f 6587//4716 6586//4716 6590//4716
f 6590//4717 6591//4717 6587//4717
f 6589//4713 6587//4713 6591//4713
f 6591//4718 6592//4718 6589//4718
f 6593//4719 6594//4719 6595//4719
f 6595//4720 6596//4720 6593//4720
f 6581//4721 6593//4721 6596//4721
f 6596//4722 6582//4722 6581//4722
f 6596//4723 6595//4723 6597//4723
f 6597//4724 6598//4724 6596//4724
f 6582//4720 6596//4720 6598//4720
f 6598//4725 6583//4725 6582//4725
f 6599//4726 6600//4726 6601//4726
f 6601//4727 6602//4727 6599//4727
f 6603//4728 6599//4728 6602//4728
f 6602//4729 6604//4729 6603//4729
f 6602//4730 6601//4730 6588//4730
f 6588//4731 6589//4731 6602//4731
f 6604//4727 6602//4727 6589//4727
f 6589//4732 6592//4732 6604//4732
f 6605//4733 6606//4733 6607//4733
f 6607//4734 6608//4734 6605//4734
f 6576//4735 6605//4735 6608//4735
f 6608//4736 6577//4736 6576//4736
f 6608//4737 6607//4737 6609//4737
f 6609//4738 6610//4738 6608//4738
f 6577//4734 6608//4734 6610//4734
f 6610//4739 6581//4739 6577//4739
f 6611//4740 6612//4740 6613//4740
f 6613//4741 6614//4741 6611//4741
f 6615//4742 6611//4742 6614//4742
f 6614//4743 6616//4743 6615//4743
f 6614//4744 6613//4744 6585//4744
f 6585//4745 6584//4745 6614//4745
f 6616//4741 6614//4741 6584//4741
f 6584//4746 6588//4746 6616//4746
f 6617//4747 6618//4747 6619//4747
f 6619//4748 6620//4748 6617//4748
f 6609//4749 6617//4749 6620//4749
f 6620//4750 6610//4750 6609//4750
f 6620//4751 6619//4751 6594//4751
f 6594//4752 6593//4752 6620//4752
f 6610//4748 6620//4748 6593//4748
f 6593//4753 6581//4753 6610//4753
f 6621//4754 6622//4754 6623//4754
f 6623//4755 6624//4755 6621//4755
f 6600//4756 6621//4756 6624//4756
f 6624//4757 6601//4757 6600//4757
f 6624//4758 6623//4758 6615//4758
f 6615//4759 6616//4759 6624//4759
f 6601//4755 6624//4755 6616//4755
f 6616//4760 6588//4760 6601//4760
f 6625//4761 4988//4761 6626//4761
f 6626//4762 6627//4762 6625//4762
f 6606//4763 6625//4763 6627//4763
f 6627//4764 6607//4764 6606//4764
f 6627//4765 6626//4765 6628//4765
f 6628//4766 6629//4766 6627//4766
f 6607//4762 6627//4762 6629//4762
f 6629//4767 6609//4767 6607//4767
f 6630//4768 4994//4768 6631//4768
f 6631//4769 6632//4769 6630//4769
f 6633//4770 6630//4770 6632//4770
f 6632//4771 6634//4771 6633//4771
f 6632//4772 6631//4772 6612//4772
f 6612//4773 6611//4773 6632//4773
f 6634//4769 6632//4769 6611//4769
f 6611//4774 6615//4774 6634//4774
f 6635//4775 5000//4775 6636//4775
f 6636//4776 6637//4776 6635//4776
f 6628//4777 6635//4777 6637//4777
f 6637//4778 6629//4778 6628//4778
f 6637//4779 6636//4779 6618//4779
f 6618//4780 6617//4780 6637//4780
f 6629//4776 6637//4776 6617//4776
f 6617//4781 6609//4781 6629//4781
f 6638//4782 5006//4782 6639//4782
f 6639//4783 6640//4783 6638//4783
f 6622//4784 6638//4784 6640//4784
f 6640//4785 6623//4785 6622//4785
f 6640//4786 6639//4786 6633//4786
f 6633//4787 6634//4787 6640//4787
f 6623//4783 6640//4783 6634//4783
f 6634//4788 6615//4788 6623//4788
f 6641//4789 6642//4789 6643//4789
f 6643//4790 6644//4790 6641//4790
f 4988//4791 6641//4791 6644//4791
f 6644//4792 6626//4792 4988//4792
f 6644//4793 6643//4793 6645//4793
f 6645//4794 6646//4794 6644//4794
f 6626//4790 6644//4790 6646//4790
f 6646//4795 6628//4795 6626//4795
f 6647//4796 6648//4796 6649//4796
f 6649//4797 6650//4797 6647//4797
f 6651//4798 6647//4798 6650//4798
f 6650//4799 6652//4799 6651//4799
f 6650//4800 6649//4800 4994//4800
f 4994//4801 6630//4801 6650//4801
f 6652//4797 6650//4797 6630//4797
f 6630//4802 6633//4802 6652//4802
f 6653//4803 6654//4803 6655//4803
f 6655//4804 6656//4804 6653//4804
f 6645//4805 6653//4805 6656//4805
f 6656//4806 6646//4806 6645//4806
f 6656//4807 6655//4807 5000//4807
f 5000//4808 6635//4808 6656//4808
f 6646//4804 6656//4804 6635//4804
f 6635//4809 6628//4809 6646//4809
f 6657//4810 6658//4810 6659//4810
f 6659//4811 6660//4811 6657//4811
f 5006//4812 6657//4812 6660//4812
f 6660//4813 6639//4813 5006//4813
f 6660//4814 6659//4814 6651//4814
f 6651//4815 6652//4815 6660//4815
f 6639//4811 6660//4811 6652//4811
f 6652//4816 6633//4816 6639//4816
f 6661//4817 4636//4817 6662//4817
f 6662//4818 6663//4818 6661//4818
f 6642//4819 6661//4819 6663//4819
f 6663//4820 6643//4820 6642//4820
f 6663//4821 6662//4821 6664//4821
f 6664//4822 6665//4822 6663//4822
f 6643//4818 6663//4818 6665//4818
f 6665//4823 6645//4823 6643//4823
f 6666//4824 4642//4824 6667//4824
f 6667//4825 6668//4825 6666//4825
f 6669//4826 6666//4826 6668//4826
f 6668//4827 6670//4827 6669//4827
f 6668//4828 6667//4828 6648//4828
f 6648//4829 6647//4829 6668//4829
f 6670//4825 6668//4825 6647//4825
f 6647//4830 6651//4830 6670//4830
f 6671//4831 4648//4831 6672//4831
f 6672//4832 6673//4832 6671//4832
f 6664//4833 6671//4833 6673//4833
f 6673//4834 6665//4834 6664//4834
f 6673//4835 6672//4835 6654//4835
f 6654//4836 6653//4836 6673//4836
f 6665//4832 6673//4832 6653//4832
f 6653//4837 6645//4837 6665//4837
f 6674//4838 4654//4838 6675//4838
f 6675//4839 6676//4839 6674//4839
f 6658//4840 6674//4840 6676//4840
f 6676//4841 6659//4841 6658//4841
f 6676//4842 6675//4842 6669//4842
f 6669//4843 6670//4843 6676//4843
f 6659//4839 6676//4839 6670//4839
f 6670//4844 6651//4844 6659//4844
f 6677//4845 6678//4845 6679//4845
f 6679//4846 6680//4846 6677//4846
f 6681//4847 6677//4847 6680//4847
f 6680//4848 6682//4848 6681//4848
f 6680//4849 6679//4849 6683//4849
f 6683//4850 6684//4850 6680//4850
f 6682//4846 6680//4846 6684//4846
f 6684//4851 6685//4851 6682//4851
f 6686//4852 6687//4852 6688//4852
f 6688//4853 6689//4853 6686//4853
f 6690//4854 6686//4854 6689//4854
f 6689//4855 6691//4855 6690//4855
f 6689//4856 6688//4856 6692//4856
f 6692//4857 6693//4857 6689//4857
f 6691//4853 6689//4853 6693//4853
f 6693//4858 6694//4858 6691//4858
f 6695//4859 6696//4859 6697//4859
f 6697//4860 6698//4860 6695//4860
f 6683//4861 6695//4861 6698//4861
f 6698//4862 6684//4862 6683//4862
f 6698//4863 6697//4863 6699//4863
f 6699//4864 6700//4864 6698//4864
f 6684//4860 6698//4860 6700//4860
f 6700//4865 6685//4865 6684//4865
f 6701//4866 6702//4866 6703//4866
f 6703//4867 6704//4867 6701//4867
f 6705//4868 6701//4868 6704//4868
f 6704//4869 6706//4869 6705//4869
f 6704//4870 6703//4870 6690//4870
f 6690//4871 6691//4871 6704//4871
f 6706//4867 6704//4867 6691//4867
f 6691//4872 6694//4872 6706//4872
f 6707//4873 6708//4873 6709//4873
f 6709//4874 6710//4874 6707//4874
f 6678//4875 6707//4875 6710//4875
f 6710//4876 6679//4876 6678//4876
f 6710//4877 6709//4877 6711//4877
f 6711//4878 6712//4878 6710//4878
f 6679//4874 6710//4874 6712//4874
f 6712//4879 6683//4879 6679//4879
f 6713//4880 6714//4880 6715//4880
f 6715//4881 6716//4881 6713//4881
f 6717//4882 6713//4882 6716//4882
f 6716//4883 6718//4883 6717//4883
f 6716//4884 6715//4884 6687//4884
f 6687//4885 6686//4885 6716//4885
f 6718//4881 6716//4881 6686//4881
f 6686//4886 6690//4886 6718//4886
f 6719//4887 6720//4887 6721//4887
f 6721//4888 6722//4888 6719//4888
f 6711//4889 6719//4889 6722//4889
f 6722//4890 6712//4890 6711//4890
f 6722//4891 6721//4891 6696//4891
f 6696//4892 6695//4892 6722//4892
f 6712//4888 6722//4888 6695//4888
f 6695//4893 6683//4893 6712//4893
f 6723//4894 6724//4894 6725//4894
f 6725//4895 6726//4895 6723//4895
f 6702//4896 6723//4896 6726//4896
f 6726//4897 6703//4897 6702//4897
f 6726//4898 6725//4898 6717//4898
f 6717//4899 6718//4899 6726//4899
f 6703//4895 6726//4895 6718//4895
f 6718//4900 6690//4900 6703//4900
f 6727//4901 4076//4901 6728//4901
f 6728//4902 6729//4902 6727//4902
f 6708//4903 6727//4903 6729//4903
f 6729//4904 6709//4904 6708//4904
f 6729//4905 6728//4905 6730//4905
f 6730//4906 6731//4906 6729//4906
f 6709//4902 6729//4902 6731//4902
f 6731//4907 6711//4907 6709//4907
f 6732//4908 4082//4908 6733//4908
f 6733//4909 6734//4909 6732//4909
f 6735//4910 6732//4910 6734//4910
f 6734//4911 6736//4911 6735//4911
f 6734//4912 6733//4912 6714//4912
f 6714//4913 6713//4913 6734//4913
f 6736//4909 6734//4909 6713//4909
f 6713//4914 6717//4914 6736//4914
f 6737//4915 4088//4915 6738//4915
f 6738//4916 6739//4916 6737//4916
f 6730//4917 6737//4917 6739//4917
f 6739//4918 6731//4918 6730//4918
f 6739//4919 6738//4919 6720//4919
f 6720//4920 6719//4920 6739//4920
f 6731//4916 6739//4916 6719//4916
f 6719//4921 6711//4921 6731//4921
f 6740//4922 4094//4922 6741//4922
f 6741//4923 6742//4923 6740//4923
f 6724//4924 6740//4924 6742//4924
f 6742//4925 6725//4925 6724//4925
f 6742//4926 6741//4926 6735//4926
f 6735//4927 6736//4927 6742//4927
f 6725//4923 6742//4923 6736//4923
f 6736//4928 6717//4928 6725//4928
f 6743//4929 6744//4929 6745//4929
f 6745//4930 6746//4930 6743//4930
f 4076//4929 6743//4929 6746//4929
f 6746//4930 6728//4930 4076//4930
f 6746//4930 6745//4930 6747//4930
f 6747//4931 6748//4931 6746//4931
f 6728//4930 6746//4930 6748//4930
f 6748//4931 6730//4931 6728//4931
f 6749//4932 6750//4932 6751//4932
f 6751//4933 6752//4933 6749//4933
f 6753//4933 6749//4933 6752//4933
f 6752//4934 6754//4934 6753//4934
f 6752//4932 6751//4932 4082//4932
f 4082//4933 6732//4933 6752//4933
f 6754//4933 6752//4933 6732//4933
f 6732//4934 6735//4934 6754//4934
f 6755//4935 6756//4935 6757//4935
f 6757//4936 6758//4936 6755//4936
f 6747//4936 6755//4936 6758//4936
f 6758//4937 6748//4937 6747//4937
f 6758//4935 6757//4935 4088//4935
f 4088//4936 6737//4936 6758//4936
f 6748//4936 6758//4936 6737//4936
f 6737//4937 6730//4937 6748//4937
f 6759//4938 6760//4938 6761//4938
f 6761//4939 6762//4939 6759//4939
f 4094//4938 6759//4938 6762//4938
f 6762//4939 6741//4939 4094//4939
f 6762//4939 6761//4939 6753//4939
f 6753//4940 6754//4940 6762//4940
f 6741//4939 6762//4939 6754//4939
f 6754//4940 6735//4940 6741//4940
f 6763//4941 6764//4941 6765//4941
f 6765//4942 6766//4942 6763//4942
f 6744//4943 6763//4943 6766//4943
f 6766//4944 6745//4944 6744//4944
f 6766//4945 6765//4945 6767//4945
f 6767//4946 6768//4946 6766//4946
f 6745//4942 6766//4942 6768//4942
f 6768//4947 6747//4947 6745//4947
f 6769//4948 6770//4948 6771//4948
f 6771//4949 6772//4949 6769//4949
f 6773//4950 6769//4950 6772//4950
f 6772//4951 6774//4951 6773//4951
f 6772//4952 6771//4952 6750//4952
f 6750//4953 6749//4953 6772//4953
f 6774//4949 6772//4949 6749//4949
f 6749//4954 6753//4954 6774//4954
f 6775//4955 6776//4955 6777//4955
f 6777//4956 6778//4956 6775//4956
f 6767//4957 6775//4957 6778//4957
f 6778//4958 6768//4958 6767//4958
f 6778//4959 6777//4959 6756//4959
f 6756//4960 6755//4960 6778//4960
f 6768//4956 6778//4956 6755//4956
f 6755//4961 6747//4961 6768//4961
f 6779//4962 6780//4962 6781//4962
f 6781//4963 6782//4963 6779//4963
f 6760//4964 6779//4964 6782//4964
f 6782//4965 6761//4965 6760//4965
f 6782//4966 6781//4966 6773//4966
f 6773//4967 6774//4967 6782//4967
f 6761//4963 6782//4963 6774//4963
f 6774//4968 6753//4968 6761//4968
f 6783//4969 3892//4969 6784//4969
f 6784//4970 6785//4970 6783//4970
f 6764//4971 6783//4971 6785//4971
f 6785//4972 6765//4972 6764//4972
f 6785//4973 6784//4973 6786//4973
f 6786//4974 6787//4974 6785//4974
f 6765//4970 6785//4970 6787//4970
f 6787//4975 6767//4975 6765//4975
f 6788//4976 3898//4976 6789//4976
f 6789//4977 6790//4977 6788//4977
f 6791//4978 6788//4978 6790//4978
f 6790//4979 6792//4979 6791//4979
f 6790//4980 6789//4980 6770//4980
f 6770//4981 6769//4981 6790//4981
f 6792//4977 6790//4977 6769//4977
f 6769//4982 6773//4982 6792//4982
f 6793//4983 3904//4983 6794//4983
f 6794//4984 6795//4984 6793//4984
f 6786//4985 6793//4985 6795//4985
f 6795//4986 6787//4986 6786//4986
f 6795//4987 6794//4987 6776//4987
f 6776//4988 6775//4988 6795//4988
f 6787//4984 6795//4984 6775//4984
f 6775//4989 6767//4989 6787//4989
f 6796//4990 3910//4990 6797//4990
f 6797//4991 6798//4991 6796//4991
f 6780//4992 6796//4992 6798//4992
f 6798//4993 6781//4993 6780//4993
f 6798//4994 6797//4994 6791//4994
f 6791//4995 6792//4995 6798//4995
f 6781//4991 6798//4991 6792//4991
f 6792//4996 6773//4996 6781//4996
f 6799//4997 6800//4997 6801//4997
f 6801//4998 6802//4998 6799//4998
f 3892//4999 6799//4999 6802//4999
f 6802//5000 6784//5000 3892//5000
f 6802//5001 6801//5001 6803//5001
f 6803//5002 6804//5002 6802//5002
f 6784//4998 6802//4998 6804//4998
f 6804//5003 6786//5003 6784//5003
f 6805//5004 6806//5004 6807//5004
f 6807//5005 6808//5005 6805//5005
f 6809//5006 6805//5006 6808//5006
f 6808//5007 6810//5007 6809//5007
f 6808//5008 6807//5008 3898//5008
f 3898//5009 6788//5009 6808//5009
f 6810//5005 6808//5005 6788//5005
f 6788//5010 6791//5010 6810//5010
f 6811//5011 6812//5011 6813//5011
f 6813//5012 6814//5012 6811//5012
f 6803//5013 6811//5013 6814//5013
f 6814//5014 6804//5014 6803//5014
f 6814//5015 6813//5015 3904//5015
f 3904//5016 6793//5016 6814//5016
f 6804//5012 6814//5012 6793//5012
f 6793//5017 6786//5017 6804//5017
f 6815//5018 6816//5018 6817//5018
f 6817//5019 6818//5019 6815//5019
f 3910//5020 6815//5020 6818//5020
f 6818//5021 6797//5021 3910//5021
f 6818//5022 6817//5022 6809//5022
f 6809//5023 6810//5023 6818//5023
f 6797//5019 6818//5019 6810//5019
f 6810//5024 6791//5024 6797//5024
f 6819//5025 6820//5025 6821//5025
f 6821//5026 6822//5026 6819//5026
f 6800//5027 6819//5027 6822//5027
f 6822//5028 6801//5028 6800//5028
f 6822//5029 6821//5029 6823//5029
f 6823//5030 6824//5030 6822//5030
f 6801//5026 6822//5026 6824//5026
f 6824//5031 6803//5031 6801//5031
f 6825//5032 6826//5032 6827//5032
f 6827//5033 6828//5033 6825//5033
f 6829//5034 6825//5034 6828//5034
f 6828//5035 6830//5035 6829//5035
f 6828//5036 6827//5036 6806//5036
f 6806//5037 6805//5037 6828//5037
f 6830//5033 6828//5033 6805//5033
f 6805//5038 6809//5038 6830//5038
f 6831//5039 6832//5039 6833//5039
f 6833//5040 6834//5040 6831//5040
f 6823//5041 6831//5041 6834//5041
f 6834//5042 6824//5042 6823//5042
f 6834//5043 6833//5043 6812//5043
f 6812//5044 6811//5044 6834//5044
f 6824//5040 6834//5040 6811//5040
f 6811//5045 6803//5045 6824//5045
f 6835//5046 6836//5046 6837//5046
f 6837//5047 6838//5047 6835//5047
f 6816//5048 6835//5048 6838//5048
f 6838//5049 6817//5049 6816//5049
f 6838//5050 6837//5050 6829//5050
f 6829//5051 6830//5051 6838//5051
f 6817//5047 6838//5047 6830//5047
f 6830//5052 6809//5052 6817//5052
f 6839//5053 1677//5053 1678//5053
f 1678//5053 6840//5053 6839//5053
f 1952//5053 6839//5053 6840//5053
f 6840//5053 6841//5053 1952//5053
f 6840//5053 1678//5053 1417//5053
f 1417//5053 6842//5053 6840//5053
f 6841//5053 6840//5053 6842//5053
f 6842//5053 6843//5053 6841//5053
f 1682//5054 1681//5054 6844//5054
f 6844//5054 6845//5054 1682//5054
f 1421//5054 1682//5054 6845//5054
f 6845//5054 6846//5054 1421//5054
f 6845//5054 6844//5054 1961//5054
f 1961//5054 6847//5054 6845//5054
f 6846//5054 6845//5054 6847//5054
f 6847//5054 6848//5054 6846//5054
f 1686//5055 1685//5055 6849//5055
f 6849//5055 6850//5055 1686//5055
f 1425//5055 1686//5055 6850//5055
f 6850//5055 6851//5055 1425//5055
f 6850//5055 6849//5055 1967//5055
f 1967//5055 6852//5055 6850//5055
f 6851//5055 6850//5055 6852//5055
f 6852//5055 6853//5055 6851//5055
f 6854//5056 1689//5056 1690//5056
f 1690//5056 6855//5056 6854//5056
f 1970//5056 6854//5056 6855//5056
f 6855//5056 6856//5056 1970//5056
f 6855//5056 1690//5056 1429//5056
f 1429//5056 6857//5056 6855//5056
f 6856//5056 6855//5056 6857//5056
f 6857//5056 6858//5056 6856//5056
f 6859//5057 6860//5057 6861//5057
f 6861//5058 6862//5058 6859//5058
f 1157//5059 6859//5059 6862//5059
f 6862//5060 1418//5060 1157//5060
f 6862//5061 6861//5061 6843//5061
f 6843//5062 6842//5062 6862//5062
f 1418//5063 6862//5063 6842//5063
f 6842//5064 1417//5064 1418//5064
f 6863//5065 6864//5065 6865//5065
f 6865//5066 6866//5066 6863//5066
f 6848//5067 6863//5067 6866//5067
f 6866//5068 6846//5068 6848//5068
f 6866//5069 6865//5069 1161//5069
f 1161//5070 1422//5070 6866//5070
f 6846//5066 6866//5066 1422//5066
f 1422//5071 1421//5071 6846//5071
f 6867//5072 6868//5072 6869//5072
f 6869//5073 6870//5073 6867//5073
f 6853//5074 6867//5074 6870//5074
f 6870//5075 6851//5075 6853//5075
f 6870//5076 6869//5076 1165//5076
f 1165//5077 1426//5077 6870//5077
f 6851//5073 6870//5073 1426//5073
f 1426//5078 1425//5078 6851//5078
f 6871//5079 6872//5079 6873//5079
f 6873//5080 6874//5080 6871//5080
f 1169//5081 6871//5081 6874//5081
f 6874//5082 1430//5082 1169//5082
f 6874//5083 6873//5083 6858//5083
f 6858//5084 6857//5084 6874//5084
f 1430//5085 6874//5085 6857//5085
f 6857//5086 1429//5086 1430//5086
f 5161//5087 5164//5087 6875//5087
f 6875//5087 6876//5087 5161//5087
f 372//5087 5161//5087 6876//5087
f 6876//5087 370//5087 372//5087
f 6876//5087 6875//5087 5583//5087
f 5583//5087 5582//5087 6876//5087
f 370//5087 6876//5087 5582//5087
f 5582//5087 369//5087 370//5087
f 6877//5088 5170//5088 5169//5088
f 5169//5088 6878//5088 6877//5088
f 5589//5088 6877//5088 6878//5088
f 6878//5088 5586//5088 5589//5088
f 6878//5088 5169//5088 378//5088
f 378//5088 377//5088 6878//5088
f 5586//5088 6878//5088 377//5088
f 377//5088 376//5088 5586//5088
f 6879//5089 5176//5089 5175//5089
f 5175//5089 6880//5089 6879//5089
f 5595//5089 6879//5089 6880//5089
f 6880//5089 5592//5089 5595//5089
f 6880//5089 5175//5089 384//5089
f 384//5089 383//5089 6880//5089
f 5592//5089 6880//5089 383//5089
f 383//5089 382//5089 5592//5089
f 5179//5090 5182//5090 6881//5090
f 6881//5090 6882//5090 5179//5090
f 390//5090 5179//5090 6882//5090
f 6882//5090 388//5090 390//5090
f 6882//5090 6881//5090 5601//5090
f 5601//5090 5600//5090 6882//5090
f 388//5090 6882//5090 5600//5090
f 5600//5090 387//5090 388//5090
f 5578//5091 5580//5091 6883//5091
f 6883//5091 6884//5091 5578//5091
f 637//5091 5578//5091 6884//5091
f 6884//5091 898//5091 637//5091
f 6884//5091 6883//5091 6885//5091
f 6885//5091 6886//5091 6884//5091
f 898//5091 6884//5091 6886//5091
f 6886//5091 897//5091 898//5091
f 6887//5092 5587//5092 5584//5092
f 5584//5092 6888//5092 6887//5092
f 6889//5092 6887//5092 6888//5092
f 6888//5092 6890//5092 6889//5092
f 6888//5092 5584//5092 641//5092
f 641//5092 902//5092 6888//5092
f 6890//5092 6888//5092 902//5092
f 902//5092 901//5092 6890//5092
f 6891//5093 5593//5093 5590//5093
f 5590//5093 6892//5093 6891//5093
f 6893//5093 6891//5093 6892//5093
f 6892//5093 6894//5093 6893//5093
f 6892//5093 5590//5093 645//5093
f 645//5093 906//5093 6892//5093
f 6894//5093 6892//5093 906//5093
f 906//5093 905//5093 6894//5093
f 5596//5094 5598//5094 6895//5094
f 6895//5094 6896//5094 5596//5094
f 649//5094 5596//5094 6896//5094
f 6896//5094 910//5094 649//5094
f 6896//5094 6895//5094 6897//5094
f 6897//5094 6898//5094 6896//5094
f 910//5094 6896//5094 6898//5094
f 6898//5094 909//5094 910//5094
f 6899//5095 5162//5095 6900//5095
f 6900//5096 6901//5096 6899//5096
f 6902//5097 6899//5097 6901//5097
f 6901//5098 6903//5098 6902//5098
f 6901//5099 6900//5099 6288//5099
f 6288//5100 6287//5100 6901//5100
f 6903//5096 6901//5096 6287//5096
f 6287//5101 6291//5101 6903//5101
f 6904//5102 5167//5102 6905//5102
f 6905//5103 6906//5103 6904//5103
f 6297//5104 6904//5104 6906//5104
f 6906//5105 6298//5105 6297//5105
f 6906//5106 6905//5106 6907//5106
f 6907//5107 6908//5107 6906//5107
f 6298//5103 6906//5103 6908//5103
f 6908//5108 6302//5108 6298//5108
f 6909//5109 5173//5109 6910//5109
f 6910//5110 6911//5110 6909//5110
f 6306//5111 6909//5111 6911//5111
f 6911//5112 6307//5112 6306//5112
f 6911//5113 6910//5113 6912//5113
f 6912//5114 6913//5114 6911//5114
f 6307//5110 6911//5110 6913//5110
f 6913//5115 6311//5115 6307//5115
f 6914//5116 5180//5116 6915//5116
f 6915//5117 6916//5117 6914//5117
f 6917//5118 6914//5118 6916//5118
f 6916//5119 6918//5119 6917//5119
f 6916//5120 6915//5120 6315//5120
f 6315//5121 6314//5121 6916//5121
f 6918//5117 6916//5117 6314//5117
f 6314//5122 6318//5122 6918//5122
f 6821//5123 6820//5123 6919//5123
f 6919//5124 6920//5124 6821//5124
f 6823//5125 6821//5125 6920//5125
f 6920//5126 6921//5126 6823//5126
f 6920//5127 6919//5127 5490//5127
f 5490//5128 5491//5128 6920//5128
f 6921//5124 6920//5124 5491//5124
f 5491//5129 5494//5129 6921//5129
f 6922//5130 6826//5130 6825//5130
f 6825//5131 6923//5131 6922//5131
f 5501//5132 6922//5132 6923//5132
f 6923//5133 5502//5133 5501//5133
f 6923//5134 6825//5134 6829//5134
f 6829//5135 6924//5135 6923//5135
f 5502//5131 6923//5131 6924//5131
f 6924//5136 5503//5136 5502//5136
f 6925//5137 6832//5137 6831//5137
f 6831//5138 6926//5138 6925//5138
f 5508//5139 6925//5139 6926//5139
f 6926//5140 5509//5140 5508//5140
f 6926//5141 6831//5141 6823//5141
f 6823//5142 6921//5142 6926//5142
f 5509//5138 6926//5138 6921//5138
f 6921//5143 5494//5143 5509//5143
f 6837//5144 6836//5144 6927//5144
f 6927//5145 6928//5145 6837//5145
f 6829//5146 6837//5146 6928//5146
f 6928//5147 6924//5147 6829//5147
f 6928//5148 6927//5148 5514//5148
f 5514//5149 5515//5149 6928//5149
f 6924//5145 6928//5145 5515//5145
f 5515//5150 5503//5150 6924//5150
f 6929//5151 4101//5151 6277//5151
f 6277//3983 6930//3983 6929//3983
f 6931//5152 6929//5152 6930//5152
f 6930//3983 6932//3983 6931//3983
f 6930//3981 6277//3981 5603//3981
f 5603//3983 5602//3983 6930//3983
f 6932//3983 6930//3983 5602//3983
f 5602//3983 5606//3983 6932//3983
f 6279//5153 4108//5153 6933//5153
f 6933//3988 6934//3988 6279//3988
f 5612//3985 6279//3985 6934//3985
f 6934//3988 5613//3988 5612//3988
f 6934//5154 6933//5154 6935//5154
f 6935//3988 6936//3988 6934//3988
f 5613//3988 6934//3988 6936//3988
f 6936//3988 5617//3988 5613//3988
f 6282//5155 4117//5155 6937//5155
f 6937//3992 6938//3992 6282//3992
f 5621//3989 6282//3989 6938//3989
f 6938//3992 5622//3992 5621//3992
f 6938//5156 6937//5156 6939//5156
f 6939//3992 6940//3992 6938//3992
f 5622//3992 6938//3992 6940//3992
f 6940//3992 5626//3992 5622//3992
f 6941//5157 4128//5157 6286//5157
f 6286//3995 6942//3995 6941//3995
f 6943//5158 6941//5158 6942//5158
f 6942//3995 6944//3995 6943//3995
f 6942//3993 6286//3993 5630//3993
f 5630//3995 5629//3995 6942//3995
f 6944//3995 6942//3995 5629//3995
f 5629//3995 5633//3995 6944//3995
f 6932//3983 5606//3983 5728//3983
f 5728//4034 6945//4034 6932//4034
f 6931//3983 6932//3983 6945//3983
f 6945//5159 6946//5159 6931//5159
f 6945//4034 5728//4034 5730//4034
f 5730//4045 6216//4045 6945//4045
f 6946//4034 6945//4034 6216//4034
f 6216//5160 6218//5160 6946//5160
f 5734//3988 5617//3988 6936//3988
f 6936//4037 6947//4037 5734//4037
f 5737//4037 5734//4037 6947//4037
f 6947//4048 6221//4048 5737//4048
f 6947//3988 6936//3988 6935//3988
f 6935//5161 6948//5161 6947//5161
f 6221//4037 6947//4037 6948//4037
f 6948//5162 6224//5162 6221//5162
f 5740//3992 5626//3992 6940//3992
f 6940//4040 6949//4040 5740//4040
f 5743//4040 5740//4040 6949//4040
f 6949//4051 6226//4051 5743//4051
f 6949//3992 6940//3992 6939//3992
f 6939//5163 6950//5163 6949//5163
f 6226//4040 6949//4040 6950//4040
f 6950//5164 6229//5164 6226//5164
f 6944//3995 5633//3995 5746//3995
f 5746//4043 6951//4043 6944//4043
f 6943//3995 6944//3995 6951//3995
f 6951//5165 6952//5165 6943//5165
f 6951//4043 5746//4043 5748//4043
f 5748//4054 6231//4054 6951//4054
f 6952//4043 6951//4043 6231//4043
f 6231//5166 6233//5166 6952//5166
f 6060//5167 6062//5167 6953//5167
f 6953//4198 6954//4198 6060//4198
f 5804//4198 6060//4198 6954//4198
f 6954//4070 5802//4070 5804//4070
f 6954//5167 6953//5167 6955//5167
f 6955//4198 6956//4198 6954//4198
f 5802//4198 6954//4198 6956//4198
f 6956//4070 5517//4070 5802//4070
f 6957//5168 6069//5168 6066//5168
f 6066//4204 6958//4204 6957//4204
f 6959//5168 6957//5168 6958//5168
f 6958//4204 6960//4204 6959//4204
f 6958//4204 6066//4204 5809//4204
f 5809//4072 5808//4072 6958//4072
f 6960//4204 6958//4204 5808//4204
f 5808//4072 5523//4072 6960//4072
f 6961//5169 6075//5169 6072//5169
f 6072//4209 6962//4209 6961//4209
f 6963//5169 6961//5169 6962//5169
f 6962//4209 6964//4209 6963//4209
f 6962//4209 6072//4209 5814//4209
f 5814//4074 5813//4074 6962//4074
f 6964//4209 6962//4209 5813//4209
f 5813//4074 5529//4074 6964//4074
f 6078//5170 6080//5170 6965//5170
f 6965//4213 6966//4213 6078//4213
f 5819//4213 6078//4213 6966//4213
f 6966//4076 5817//4076 5819//4076
f 6966//5170 6965//5170 6967//5170
f 6967//4213 6968//4213 6966//4213
f 5817//4213 6966//4213 6968//4213
f 6968//4076 5533//4076 5817//4076
f 6063//4201 6065//4201 6100//4201
f 6100//5171 6969//5171 6063//5171
f 6062//5172 6063//5172 6969//5172
f 6969//5173 6970//5173 6062//5173
f 6969//5174 6100//5174 6102//5174
f 6102//5175 6971//5175 6969//5175
f 6970//5171 6969//5171 6971//5171
f 6971//5176 5540//5176 6970//5176
f 6106//4206 6071//4206 6070//4206
f 6070//5177 6972//5177 6106//5177
f 6109//5178 6106//5178 6972//5178
f 6972//5179 6973//5179 6109//5179
f 6972//5180 6070//5180 6069//5180
f 6069//5181 6974//5181 6972//5181
f 6973//5177 6972//5177 6974//5177
f 6974//5182 5551//5182 6973//5182
f 6112//4211 6077//4211 6076//4211
f 6076//5183 6975//5183 6112//5183
f 6115//5184 6112//5184 6975//5184
f 6975//5185 6976//5185 6115//5185
f 6975//5186 6076//5186 6075//5186
f 6075//5187 6977//5187 6975//5187
f 6976//5183 6975//5183 6977//5183
f 6977//5188 5558//5188 6976//5188
f 6081//4216 6083//4216 6118//4216
f 6118//5189 6978//5189 6081//5189
f 6080//5190 6081//5190 6978//5190
f 6978//5191 6979//5191 6080//5191
f 6978//5192 6118//5192 6120//5192
f 6120//5193 6980//5193 6978//5193
f 6979//5189 6978//5189 6980//5189
f 6980//5194 5564//5194 6979//5194
f 6953//5195 6062//5195 6970//5195
f 6970//5195 6981//5195 6953//5195
f 6955//5195 6953//5195 6981//5195
f 6981//5195 6970//5195 5540//5195
f 6957//5196 6959//5196 6982//5196
f 6982//5196 6974//5196 6957//5196
f 6069//5196 6957//5196 6974//5196
f 6974//5196 6982//5196 5551//5196
f 6961//5197 6963//5197 6983//5197
f 6983//5197 6977//5197 6961//5197
f 6075//5197 6961//5197 6977//5197
f 6977//5197 6983//5197 5558//5197
f 6965//5198 6080//5198 6979//5198
f 6979//5198 6984//5198 6965//5198
f 6967//5198 6965//5198 6984//5198
f 6984//5198 6979//5198 5564//5198
f 6985//5199 6708//5199 6707//5199
f 6707//5200 6986//5200 6985//5200
f 4300//5201 6985//5201 6986//5201
f 6986//5202 4323//5202 4300//5202
f 6986//5203 6707//5203 6678//5203
f 6678//5204 6987//5204 6986//5204
f 4323//5200 6986//5200 6987//5200
f 6987//5205 4324//5205 4323//5205
f 6715//5206 6714//5206 6988//5206
f 6988//5207 6989//5207 6715//5207
f 6687//5208 6715//5208 6989//5208
f 6989//5209 6990//5209 6687//5209
f 6989//5210 6988//5210 4306//5210
f 4306//5211 4327//5211 6989//5211
f 6990//5207 6989//5207 4327//5207
f 4327//5212 4330//5212 6990//5212
f 6721//5213 6720//5213 6991//5213
f 6991//5214 6992//5214 6721//5214
f 6696//5215 6721//5215 6992//5215
f 6992//5216 6993//5216 6696//5216
f 6992//5217 6991//5217 4312//5217
f 4312//5218 4333//5218 6992//5218
f 6993//5214 6992//5214 4333//5214
f 4333//5219 4336//5219 6993//5219
f 6994//5220 6724//5220 6723//5220
f 6723//5221 6995//5221 6994//5221
f 4318//5222 6994//5222 6995//5222
f 6995//5223 4341//5223 4318//5223
f 6995//5224 6723//5224 6702//5224
f 6702//5225 6996//5225 6995//5225
f 4341//5221 6995//5221 6996//5221
f 6996//5226 4342//5226 4341//5226
f 6997//5227 4324//5227 6987//5227
f 6987//5227 6677//5227 6997//5227
f 6681//5227 6997//5227 6677//5227
f 6677//5227 6987//5227 6678//5227
f 6998//5228 6692//5228 6688//5228
f 6688//5228 6990//5228 6998//5228
f 4330//5228 6998//5228 6990//5228
f 6990//5228 6688//5228 6687//5228
f 6999//5229 6699//5229 6697//5229
f 6697//5229 6993//5229 6999//5229
f 4336//5229 6999//5229 6993//5229
f 6993//5229 6697//5229 6696//5229
f 7000//5230 4342//5230 6996//5230
f 6996//5230 6701//5230 7000//5230
f 6705//5230 7000//5230 6701//5230
f 6701//5230 6996//5230 6702//5230
f 4635//5231 4612//5231 7001//5231
f 7001//5231 7002//5231 4635//5231
f 4636//5231 4635//5231 7002//5231
f 7002//5231 7001//5231 6681//5231
f 4639//5232 4642//5232 7003//5232
f 7003//5232 7004//5232 4639//5232
f 4618//5232 4639//5232 7004//5232
f 7004//5232 7003//5232 6692//5232
f 4645//5233 4648//5233 7005//5233
f 7005//5233 7006//5233 4645//5233
f 4624//5233 4645//5233 7006//5233
f 7006//5233 7005//5233 6699//5233
f 4653//5234 4630//5234 7007//5234
f 7007//5234 7008//5234 4653//5234
f 4654//5234 4653//5234 7008//5234
f 7008//5234 7007//5234 6705//5234
f 6625//5235 6606//5235 6605//5235
f 6605//5236 7009//5236 6625//5236
f 4988//5237 6625//5237 7009//5237
f 7009//5238 4986//5238 4988//5238
f 7009//5239 6605//5239 6576//5239
f 6576//5240 7010//5240 7009//5240
f 4986//5236 7009//5236 7010//5236
f 7010//5241 4985//5241 4986//5241
f 6613//5242 6612//5242 6631//5242
f 6631//5243 7011//5243 6613//5243
f 6585//5244 6613//5244 7011//5244
f 7011//5245 7012//5245 6585//5245
f 7011//5246 6631//5246 4994//5246
f 4994//5247 4993//5247 7011//5247
f 7012//5243 7011//5243 4993//5243
f 4993//5248 4992//5248 7012//5248
f 6619//5249 6618//5249 6636//5249
f 6636//5250 7013//5250 6619//5250
f 6594//5251 6619//5251 7013//5251
f 7013//5252 7014//5252 6594//5252
f 7013//5253 6636//5253 5000//5253
f 5000//5254 4999//5254 7013//5254
f 7014//5250 7013//5250 4999//5250
f 4999//5255 4998//5255 7014//5255
f 6638//5256 6622//5256 6621//5256
f 6621//5257 7015//5257 6638//5257
f 5006//5258 6638//5258 7015//5258
f 7015//5259 5004//5259 5006//5259
f 7015//5260 6621//5260 6600//5260
f 6600//5261 7016//5261 7015//5261
f 5004//5257 7015//5257 7016//5257
f 7016//5262 5003//5262 5004//5262
f 7017//5263 5162//5263 5159//5263
f 5159//5264 7018//5264 7017//5264
f 7019//5265 7017//5265 7018//5265
f 7018//5266 7020//5266 7019//5266
f 7018//5267 5159//5267 5145//5267
f 5145//5264 5291//5264 7018//5264
f 7020//5264 7018//5264 5291//5264
f 5291//5266 5293//5266 7020//5266
f 5165//5268 5167//5268 7021//5268
f 7021//5264 7022//5264 5165//5264
f 5149//5267 5165//5267 7022//5267
f 7022//5264 5297//5264 5149//5264
f 7022//5269 7021//5269 7019//5269
f 7019//5266 7020//5266 7022//5266
f 5297//5264 7022//5264 7020//5264
f 7020//5266 5293//5266 5297//5266
f 5171//5270 5173//5270 7023//5270
f 7023//5271 7024//5271 5171//5271
f 5153//5272 5171//5272 7024//5272
f 7024//5271 5300//5271 5153//5271
f 7024//5273 7023//5273 7025//5273
f 7025//5274 7026//5274 7024//5274
f 5300//5271 7024//5271 7026//5271
f 7026//5274 5303//5274 5300//5274
f 7027//5275 5180//5275 5177//5275
f 5177//5271 7028//5271 7027//5271
f 7025//5276 7027//5276 7028//5276
f 7028//5274 7026//5274 7025//5274
f 7028//5272 5177//5272 5157//5272
f 5157//5271 5306//5271 7028//5271
f 7026//5271 7028//5271 5306//5271
f 5306//5274 5303//5274 7026//5274
f 7029//5277 7030//5277 7031//5277
f 7031//5278 7032//5278 7029//5278
f 7019//5279 7029//5279 7032//5279
f 7032//5280 7017//5280 7019//5280
f 7032//5281 7031//5281 6288//5281
f 6288//5282 6900//5282 7032//5282
f 7017//5278 7032//5278 6900//5278
f 6900//5283 5162//5283 7017//5283
f 7033//5284 7030//5284 7029//5284
f 7029//5278 7034//5278 7033//5278
f 6297//5285 7033//5285 7034//5285
f 7034//5282 6904//5282 6297//5282
f 7034//5279 7029//5279 7019//5279
f 7019//5286 7021//5286 7034//5286
f 6904//5278 7034//5278 7021//5278
f 7021//5287 5167//5287 6904//5287
f 7035//5288 7036//5288 7037//5288
f 7037//5289 7038//5289 7035//5289
f 6306//5290 7035//5290 7038//5290
f 7038//5291 6909//5291 6306//5291
f 7038//5292 7037//5292 7025//5292
f 7025//5293 7023//5293 7038//5293
f 6909//5289 7038//5289 7023//5289
f 7023//5294 5173//5294 6909//5294
f 7037//5295 7036//5295 7039//5295
f 7039//5289 7040//5289 7037//5289
f 7025//5292 7037//5292 7040//5292
f 7040//5296 7027//5296 7025//5296
f 7040//5297 7039//5297 6315//5297
f 6315//5291 6915//5291 7040//5291
f 7027//5289 7040//5289 6915//5289
f 6915//5298 5180//5298 7027//5298
f 7041//5299 6293//5299 6289//5299
f 6289//5300 7042//5300 7041//5300
f 7043//5301 7041//5301 7042//5301
f 7042//5302 7044//5302 7043//5302
f 7042//5303 6289//5303 6288//5303
f 6288//5304 7031//5304 7042//5304
f 7044//5305 7042//5305 7031//5305
f 7031//5277 7030//5277 7044//5277
f 6296//5306 6300//5306 7045//5306
f 7045//5307 7046//5307 6296//5307
f 6297//5308 6296//5308 7046//5308
f 7046//5309 7033//5309 6297//5309
f 7046//5310 7045//5310 7043//5310
f 7043//5311 7044//5311 7046//5311
f 7033//5312 7046//5312 7044//5312
f 7044//5284 7030//5284 7033//5284
f 6305//5313 6309//5313 7047//5313
f 7047//5314 7048//5314 6305//5314
f 6306//5315 6305//5315 7048//5315
f 7048//5316 7035//5316 6306//5316
f 7048//5317 7047//5317 7049//5317
f 7049//5318 7050//5318 7048//5318
f 7035//5319 7048//5319 7050//5319
f 7050//5288 7036//5288 7035//5288
f 7051//5320 6320//5320 6316//5320
f 6316//5321 7052//5321 7051//5321
f 7049//5322 7051//5322 7052//5322
f 7052//5323 7050//5323 7049//5323
f 7052//5324 6316//5324 6315//5324
f 6315//5325 7039//5325 7052//5325
f 7050//5326 7052//5326 7039//5326
f 7039//5295 7036//5295 7050//5295
f 7053//5327 7054//5327 7055//5327
f 7055//5328 7056//5328 7053//5328
f 7043//5329 7053//5329 7056//5329
f 7056//5330 7041//5330 7043//5330
f 7056//5331 7055//5331 6326//5331
f 6326//5332 6323//5332 7056//5332
f 7041//5328 7056//5328 6323//5328
f 6323//5333 6293//5333 7041//5333
f 7057//5334 7054//5334 7053//5334
f 7053//5335 7058//5335 7057//5335
f 6331//5336 7057//5336 7058//5336
f 7058//5337 6329//5337 6331//5337
f 7058//5338 7053//5338 7043//5338
f 7043//5339 7045//5339 7058//5339
f 6329//5335 7058//5335 7045//5335
f 7045//5340 6300//5340 6329//5340
f 7059//5341 7060//5341 7061//5341
f 7061//5342 7062//5342 7059//5342
f 6337//5343 7059//5343 7062//5343
f 7062//5344 6335//5344 6337//5344
f 7062//5345 7061//5345 7049//5345
f 7049//5346 7047//5346 7062//5346
f 6335//5342 7062//5342 7047//5342
f 7047//5347 6309//5347 6335//5347
f 7061//5348 7060//5348 7063//5348
f 7063//5349 7064//5349 7061//5349
f 7049//5350 7061//5350 7064//5350
f 7064//5351 7051//5351 7049//5351
f 7064//5352 7063//5352 6344//5352
f 6344//5353 6341//5353 7064//5353
f 7051//5349 7064//5349 6341//5349
f 6341//5354 6320//5354 7051//5354
f 7065//5355 6350//5355 6347//5355
f 6347//5356 7066//5356 7065//5356
f 7067//5357 7065//5357 7066//5357
f 7066//5358 7068//5358 7067//5358
f 7066//5359 6347//5359 6326//5359
f 6326//5360 7055//5360 7066//5360
f 7068//5356 7066//5356 7055//5356
f 7055//5327 7054//5327 7068//5327
f 6353//5361 6355//5361 7069//5361
f 7069//5362 7070//5362 6353//5362
f 6331//5363 6353//5363 7070//5363
f 7070//5364 7057//5364 6331//5364
f 7070//5365 7069//5365 7067//5365
f 7067//5366 7068//5366 7070//5366
f 7057//5362 7070//5362 7068//5362
f 7068//5334 7054//5334 7057//5334
f 6359//5367 6361//5367 7071//5367
f 7071//5368 7072//5368 6359//5368
f 6337//5369 6359//5369 7072//5369
f 7072//5370 7059//5370 6337//5370
f 7072//5371 7071//5371 7073//5371
f 7073//5372 7074//5372 7072//5372
f 7059//5368 7072//5368 7074//5368
f 7074//5341 7060//5341 7059//5341
f 7075//5373 6368//5373 6365//5373
f 6365//5374 7076//5374 7075//5374
f 7073//5375 7075//5375 7076//5375
f 7076//5376 7074//5376 7073//5376
f 7076//5377 6365//5377 6344//5377
f 6344//5378 7063//5378 7076//5378
f 7074//5374 7076//5374 7063//5374
f 7063//5348 7060//5348 7074//5348
f 7077//5379 7078//5379 7079//5379
f 7079//5380 7080//5380 7077//5380
f 7067//5381 7077//5381 7080//5381
f 7080//5382 7065//5382 7067//5382
f 7080//5383 7079//5383 6374//5383
f 6374//5384 6371//5384 7080//5384
f 7065//5380 7080//5380 6371//5380
f 6371//5385 6350//5385 7065//5385
f 7081//5386 7078//5386 7077//5386
f 7077//5387 7082//5387 7081//5387
f 6379//5388 7081//5388 7082//5388
f 7082//5389 6377//5389 6379//5389
f 7082//5390 7077//5390 7067//5390
f 7067//5391 7069//5391 7082//5391
f 6377//5387 7082//5387 7069//5387
f 7069//5392 6355//5392 6377//5392
f 7083//5393 7084//5393 7085//5393
f 7085//5394 7086//5394 7083//5394
f 6385//5395 7083//5395 7086//5395
f 7086//5396 6383//5396 6385//5396
f 7086//5397 7085//5397 7073//5397
f 7073//5398 7071//5398 7086//5398
f 6383//5394 7086//5394 7071//5394
f 7071//5399 6361//5399 6383//5399
f 7085//5400 7084//5400 7087//5400
f 7087//5401 7088//5401 7085//5401
f 7073//5402 7085//5402 7088//5402
f 7088//5403 7075//5403 7073//5403
f 7088//5404 7087//5404 6392//5404
f 6392//5405 6389//5405 7088//5405
f 7075//5401 7088//5401 6389//5401
f 6389//5406 6368//5406 7075//5406
f 7089//5407 6398//5407 6395//5407
f 6395//5408 7090//5408 7089//5408
f 7091//5409 7089//5409 7090//5409
f 7090//5410 7092//5410 7091//5410
f 7090//5411 6395//5411 6374//5411
f 6374//5412 7079//5412 7090//5412
f 7092//5408 7090//5408 7079//5408
f 7079//5379 7078//5379 7092//5379
f 6401//5413 6403//5413 7093//5413
f 7093//5414 7094//5414 6401//5414
f 6379//5415 6401//5415 7094//5415
f 7094//5416 7081//5416 6379//5416
f 7094//5417 7093//5417 7091//5417
f 7091//5418 7092//5418 7094//5418
f 7081//5414 7094//5414 7092//5414
f 7092//5386 7078//5386 7081//5386
f 6407//5419 6409//5419 7095//5419
f 7095//5420 7096//5420 6407//5420
f 6385//5421 6407//5421 7096//5421
f 7096//5422 7083//5422 6385//5422
f 7096//5423 7095//5423 7097//5423
f 7097//5424 7098//5424 7096//5424
f 7083//5420 7096//5420 7098//5420
f 7098//5393 7084//5393 7083//5393
f 7099//5425 6416//5425 6413//5425
f 6413//5426 7100//5426 7099//5426
f 7097//5427 7099//5427 7100//5427
f 7100//5428 7098//5428 7097//5428
f 7100//5429 6413//5429 6392//5429
f 6392//5430 7087//5430 7100//5430
f 7098//5426 7100//5426 7087//5426
f 7087//5400 7084//5400 7098//5400
f 7101//5431 7102//5431 7103//5431
f 7103//5432 7104//5432 7101//5432
f 7091//5433 7101//5433 7104//5433
f 7104//5434 7089//5434 7091//5434
f 7104//5435 7103//5435 6422//5435
f 6422//5436 6419//5436 7104//5436
f 7089//5432 7104//5432 6419//5432
f 6419//5437 6398//5437 7089//5437
f 7105//5438 7102//5438 7101//5438
f 7101//5439 7106//5439 7105//5439
f 6427//5440 7105//5440 7106//5440
f 7106//5441 6425//5441 6427//5441
f 7106//5442 7101//5442 7091//5442
f 7091//5443 7093//5443 7106//5443
f 6425//5439 7106//5439 7093//5439
f 7093//5444 6403//5444 6425//5444
f 7107//5445 7108//5445 7109//5445
f 7109//5446 7110//5446 7107//5446
f 6433//5447 7107//5447 7110//5447
f 7110//5448 6431//5448 6433//5448
f 7110//5449 7109//5449 7097//5449
f 7097//5450 7095//5450 7110//5450
f 6431//5446 7110//5446 7095//5446
f 7095//5451 6409//5451 6431//5451
f 7109//5452 7108//5452 7111//5452
f 7111//5453 7112//5453 7109//5453
f 7097//5454 7109//5454 7112//5454
f 7112//5455 7099//5455 7097//5455
f 7112//5456 7111//5456 6440//5456
f 6440//5457 6437//5457 7112//5457
f 7099//5453 7112//5453 6437//5453
f 6437//5458 6416//5458 7099//5458
f 7113//5459 6446//5459 6443//5459
f 6443//5460 7114//5460 7113//5460
f 7115//5461 7113//5461 7114//5461
f 7114//5433 7116//5433 7115//5433
f 7114//5462 6443//5462 6422//5462
f 6422//5463 7103//5463 7114//5463
f 7116//5460 7114//5460 7103//5460
f 7103//5431 7102//5431 7116//5431
f 6449//5459 6451//5459 7117//5459
f 7117//5464 7118//5464 6449//5464
f 6427//5465 6449//5465 7118//5465
f 7118//5466 7105//5466 6427//5466
f 7118//5461 7117//5461 7115//5461
f 7115//5442 7116//5442 7118//5442
f 7105//5464 7118//5464 7116//5464
f 7116//5438 7102//5438 7105//5438
f 6455//5467 6457//5467 7119//5467
f 7119//5468 7120//5468 6455//5468
f 6433//5469 6455//5469 7120//5469
f 7120//5470 7107//5470 6433//5470
f 7120//5471 7119//5471 7121//5471
f 7121//5449 7122//5449 7120//5449
f 7107//5468 7120//5468 7122//5468
f 7122//5445 7108//5445 7107//5445
f 7123//5467 6464//5467 6461//5467
f 6461//5472 7124//5472 7123//5472
f 7121//5471 7123//5471 7124//5471
f 7124//5454 7122//5454 7121//5454
f 7124//5473 6461//5473 6440//5473
f 6440//5474 7111//5474 7124//5474
f 7122//5472 7124//5472 7111//5472
f 7111//5452 7108//5452 7122//5452
f 7125//5475 7126//5475 7127//5475
f 7127//5476 7128//5476 7125//5476
f 7115//5477 7125//5477 7128//5477
f 7128//5478 7113//5478 7115//5478
f 7128//5479 7127//5479 6470//5479
f 6470//5480 6467//5480 7128//5480
f 7113//5476 7128//5476 6467//5476
f 6467//5481 6446//5481 7113//5481
f 7129//5482 7126//5482 7125//5482
f 7125//5483 7130//5483 7129//5483
f 6475//5484 7129//5484 7130//5484
f 7130//5485 6473//5485 6475//5485
f 7130//5486 7125//5486 7115//5486
f 7115//5478 7117//5478 7130//5478
f 6473//5483 7130//5483 7117//5483
f 7117//5481 6451//5481 6473//5481
f 7131//5487 7132//5487 7133//5487
f 7133//5488 7134//5488 7131//5488
f 6481//5489 7131//5489 7134//5489
f 7134//5490 6479//5490 6481//5490
f 7134//5491 7133//5491 7121//5491
f 7121//5492 7119//5492 7134//5492
f 6479//5488 7134//5488 7119//5488
f 7119//5493 6457//5493 6479//5493
f 7133//5494 7132//5494 7135//5494
f 7135//5495 7136//5495 7133//5495
f 7121//5496 7133//5496 7136//5496
f 7136//5492 7123//5492 7121//5492
f 7136//5497 7135//5497 6488//5497
f 6488//5498 6485//5498 7136//5498
f 7123//5495 7136//5495 6485//5495
f 6485//5493 6464//5493 7123//5493
f 7137//5499 6494//5499 6491//5499
f 6491//5500 7138//5500 7137//5500
f 7139//5501 7137//5501 7138//5501
f 7138//5502 7140//5502 7139//5502
f 7138//5503 6491//5503 6470//5503
f 6470//5504 7127//5504 7138//5504
f 7140//5500 7138//5500 7127//5500
f 7127//5475 7126//5475 7140//5475
f 6497//5499 6499//5499 7141//5499
f 7141//5505 7142//5505 6497//5505
f 6475//5506 6497//5506 7142//5506
f 7142//5507 7129//5507 6475//5507
f 7142//5501 7141//5501 7139//5501
f 7139//5508 7140//5508 7142//5508
f 7129//5505 7142//5505 7140//5505
f 7140//5482 7126//5482 7129//5482
f 6503//5509 6505//5509 7143//5509
f 7143//5510 7144//5510 6503//5510
f 6481//5511 6503//5511 7144//5511
f 7144//5512 7131//5512 6481//5512
f 7144//5513 7143//5513 7145//5513
f 7145//5514 7146//5514 7144//5514
f 7131//5510 7144//5510 7146//5510
f 7146//5487 7132//5487 7131//5487
f 7147//5509 6512//5509 6509//5509
f 6509//5515 7148//5515 7147//5515
f 7145//5513 7147//5513 7148//5513
f 7148//5516 7146//5516 7145//5516
f 7148//5517 6509//5517 6488//5517
f 6488//5518 7135//5518 7148//5518
f 7146//5515 7148//5515 7135//5515
f 7135//5494 7132//5494 7146//5494
f 7149//5519 7150//5519 7151//5519
f 7151//5520 7152//5520 7149//5520
f 7139//5521 7149//5521 7152//5521
f 7152//5522 7137//5522 7139//5522
f 7152//5523 7151//5523 7153//5523
f 7153//5524 7154//5524 7152//5524
f 7137//5520 7152//5520 7154//5520
f 7154//5525 6494//5525 7137//5525
f 7155//5526 7150//5526 7149//5526
f 7149//5527 7156//5527 7155//5527
f 7157//5528 7155//5528 7156//5528
f 7156//5529 7158//5529 7157//5529
f 7156//5530 7149//5530 7139//5530
f 7139//5522 7141//5522 7156//5522
f 7158//5527 7156//5527 7141//5527
f 7141//5525 6499//5525 7158//5525
f 7159//5531 7160//5531 7161//5531
f 7161//5532 7162//5532 7159//5532
f 7163//5533 7159//5533 7162//5533
f 7162//5534 7164//5534 7163//5534
f 7162//5535 7161//5535 7145//5535
f 7145//5536 7143//5536 7162//5536
f 7164//5532 7162//5532 7143//5532
f 7143//5537 6505//5537 7164//5537
f 7161//5538 7160//5538 7165//5538
f 7165//5539 7166//5539 7161//5539
f 7145//5540 7161//5540 7166//5540
f 7166//5536 7147//5536 7145//5536
f 7166//5541 7165//5541 7167//5541
f 7167//5542 7168//5542 7166//5542
f 7147//5539 7166//5539 7168//5539
f 7168//5537 6512//5537 7147//5537
f 7169//5543 6516//5543 7170//5543
f 7170//5544 7171//5544 7169//5544
f 7172//5545 7169//5545 7171//5545
f 7171//5546 7173//5546 7172//5546
f 7171//5547 7170//5547 7153//5547
f 7153//5548 7151//5548 7171//5548
f 7173//5544 7171//5544 7151//5544
f 7151//5519 7150//5519 7173//5519
f 7174//5549 6525//5549 7175//5549
f 7175//5550 7176//5550 7174//5550
f 7157//5551 7174//5551 7176//5551
f 7176//5552 7155//5552 7157//5552
f 7176//5553 7175//5553 7172//5553
f 7172//5554 7173//5554 7176//5554
f 7155//5550 7176//5550 7173//5550
f 7173//5526 7150//5526 7155//5526
f 7177//5555 6534//5555 7178//5555
f 7178//5556 7179//5556 7177//5556
f 7163//5557 7177//5557 7179//5557
f 7179//5558 7159//5558 7163//5558
f 7179//5559 7178//5559 7180//5559
f 7180//5560 7181//5560 7179//5560
f 7159//5556 7179//5556 7181//5556
f 7181//5531 7160//5531 7159//5531
f 7182//5561 6543//5561 7183//5561
f 7183//5562 7184//5562 7182//5562
f 7180//5563 7182//5563 7184//5563
f 7184//5564 7181//5564 7180//5564
f 7184//5565 7183//5565 7167//5565
f 7167//5566 7165//5566 7184//5566
f 7181//5562 7184//5562 7165//5562
f 7165//5538 7160//5538 7181//5538
f 7185//5567 7186//5567 7187//5567
f 7187//5568 7188//5568 7185//5568
f 7189//5569 7185//5569 7188//5569
f 7188//5570 7190//5570 7189//5570
f 7188//5571 7187//5571 4905//5571
f 4905//5572 4919//5572 7188//5572
f 7190//5568 7188//5568 4919//5568
f 4919//5573 4921//5573 7190//5573
f 7191//5574 7192//5574 7193//5574
f 7193//5575 7194//5575 7191//5575
f 4909//5576 7191//5576 7194//5576
f 7194//5577 4923//5577 4909//5577
f 7194//5578 7193//5578 7195//5578
f 7195//5579 7196//5579 7194//5579
f 4923//5575 7194//5575 7196//5575
f 7196//5580 4925//5580 4923//5580
f 7197//5581 7198//5581 7199//5581
f 7199//5582 7200//5582 7197//5582
f 4913//5583 7197//5583 7200//5583
f 7200//5584 4927//5584 4913//5584
f 7200//5585 7199//5585 7201//5585
f 7201//5586 7202//5586 7200//5586
f 4927//5582 7200//5582 7202//5582
f 7202//5587 4929//5587 4927//5587
f 7203//5588 7204//5588 7205//5588
f 7205//5589 7206//5589 7203//5589
f 7207//5590 7203//5590 7206//5590
f 7206//5591 7208//5591 7207//5591
f 7206//5592 7205//5592 4917//5592
f 4917//5593 4931//5593 7206//5593
f 7208//5589 7206//5589 4931//5589
f 4931//5594 4933//5594 7208//5594
f 7209//5595 4889//5595 4903//5595
f 4903//5596 7210//5596 7209//5596
f 7211//5597 7209//5597 7210//5597
f 7210//5598 7212//5598 7211//5598
f 7210//5599 4903//5599 4905//5599
f 4905//5600 7187//5600 7210//5600
f 7212//5596 7210//5596 7187//5596
f 7187//5601 7186//5601 7212//5601
f 4907//5602 4893//5602 7213//5602
f 7213//5603 7214//5603 4907//5603
f 4909//5604 4907//5604 7214//5604
f 7214//5605 7191//5605 4909//5605
f 7214//5606 7213//5606 7215//5606
f 7215//5607 7216//5607 7214//5607
f 7191//5603 7214//5603 7216//5603
f 7216//5608 7192//5608 7191//5608
f 4911//5609 4897//5609 7217//5609
f 7217//5610 7218//5610 4911//5610
f 4913//5611 4911//5611 7218//5611
f 7218//5612 7197//5612 4913//5612
f 7218//5613 7217//5613 7219//5613
f 7219//5614 7220//5614 7218//5614
f 7197//5610 7218//5610 7220//5610
f 7220//5615 7198//5615 7197//5615
f 7221//5616 4901//5616 4915//5616
f 4915//5617 7222//5617 7221//5617
f 7223//5618 7221//5618 7222//5618
f 7222//5619 7224//5619 7223//5619
f 7222//5620 4915//5620 4917//5620
f 4917//5621 7205//5621 7222//5621
f 7224//5617 7222//5617 7205//5617
f 7205//5622 7204//5622 7224//5622
f 6903//5623 6291//5623 7225//5623
f 7225//5624 7226//5624 6903//5624
f 6902//5625 6903//5625 7226//5625
f 7226//5626 7227//5626 6902//5626
f 7226//5627 7225//5627 4809//5627
f 4809//5628 4823//5628 7226//5628
f 7227//5624 7226//5624 4823//5624
f 4823//5629 4825//5629 7227//5629
f 7228//5630 6302//5630 6908//5630
f 6908//5631 7229//5631 7228//5631
f 4813//5632 7228//5632 7229//5632
f 7229//5633 4827//5633 4813//5633
f 7229//5634 6908//5634 6907//5634
f 6907//5635 7230//5635 7229//5635
f 4827//5631 7229//5631 7230//5631
f 7230//5636 4829//5636 4827//5636
f 7231//5637 6311//5637 6913//5637
f 6913//5638 7232//5638 7231//5638
f 4817//5639 7231//5639 7232//5639
f 7232//5640 4831//5640 4817//5640
f 7232//5641 6913//5641 6912//5641
f 6912//5642 7233//5642 7232//5642
f 4831//5638 7232//5638 7233//5638
f 7233//5643 4833//5643 4831//5643
f 6918//5644 6318//5644 7234//5644
f 7234//5645 7235//5645 6918//5645
f 6917//5646 6918//5646 7235//5646
f 7235//5647 7236//5647 6917//5647
f 7235//5648 7234//5648 4821//5648
f 4821//5649 4835//5649 7235//5649
f 7236//5645 7235//5645 4835//5645
f 4835//5650 4837//5650 7236//5650
f 6292//5651 6295//5651 7237//5651
f 7237//5652 7238//5652 6292//5652
f 6291//5653 6292//5653 7238//5653
f 7238//5654 7225//5654 6291//5654
f 7238//5655 7237//5655 4793//5655
f 4793//5656 4807//5656 7238//5656
f 7225//5652 7238//5652 4807//5652
f 4807//5657 4809//5657 7225//5657
f 7239//5658 6304//5658 6303//5658
f 6303//5659 7240//5659 7239//5659
f 4797//5660 7239//5660 7240//5660
f 7240//5661 4811//5661 4797//5661
f 7240//5662 6303//5662 6302//5662
f 6302//5663 7228//5663 7240//5663
f 4811//5659 7240//5659 7228//5659
f 7228//5664 4813//5664 4811//5664
f 7241//5665 6313//5665 6312//5665
f 6312//5666 7242//5666 7241//5666
f 4801//5667 7241//5667 7242//5667
f 7242//5668 4815//5668 4801//5668
f 7242//5669 6312//5669 6311//5669
f 6311//5670 7231//5670 7242//5670
f 4815//5666 7242//5666 7231//5666
f 7231//5671 4817//5671 4815//5671
f 6319//5672 6322//5672 7243//5672
f 7243//5673 7244//5673 6319//5673
f 6318//5674 6319//5674 7244//5674
f 7244//5675 7234//5675 6318//5675
f 7244//5676 7243//5676 4805//5676
f 4805//5677 4819//5677 7244//5677
f 7234//5673 7244//5673 4819//5673
f 4819//5678 4821//5678 7234//5678
f 6325//5679 6328//5679 7245//5679
f 7245//5680 7246//5680 6325//5680
f 6295//5681 6325//5681 7246//5681
f 7246//5682 7237//5682 6295//5682
f 7246//5683 7245//5683 4777//5683
f 4777//5684 4791//5684 7246//5684
f 7237//5680 7246//5680 4791//5680
f 4791//5685 4793//5685 7237//5685
f 7247//5686 6334//5686 6333//5686
f 6333//5687 7248//5687 7247//5687
f 4781//5688 7247//5688 7248//5688
f 7248//5689 4795//5689 4781//5689
f 7248//5690 6333//5690 6304//5690
f 6304//5691 7239//5691 7248//5691
f 4795//5687 7248//5687 7239//5687
f 7239//5692 4797//5692 4795//5692
f 7249//5693 6340//5693 6339//5693
f 6339//5694 7250//5694 7249//5694
f 4785//5695 7249//5695 7250//5695
f 7250//5696 4799//5696 4785//5696
f 7250//5697 6339//5697 6313//5697
f 6313//5698 7241//5698 7250//5698
f 4799//5694 7250//5694 7241//5694
f 7241//5699 4801//5699 4799//5699
f 6343//5700 6346//5700 7251//5700
f 7251//5701 7252//5701 6343//5701
f 6322//5702 6343//5702 7252//5702
f 7252//5703 7243//5703 6322//5703
f 7252//5704 7251//5704 4789//5704
f 4789//5705 4803//5705 7252//5705
f 7243//5701 7252//5701 4803//5701
f 4803//5706 4805//5706 7243//5706
f 6349//5707 6352//5707 7253//5707
f 7253//5708 7254//5708 6349//5708
f 6328//5709 6349//5709 7254//5709
f 7254//5710 7245//5710 6328//5710
f 7254//5711 7253//5711 4761//5711
f 4761//5712 4775//5712 7254//5712
f 7245//5708 7254//5708 4775//5708
f 4775//5713 4777//5713 7245//5713
f 7255//5714 6358//5714 6357//5714
f 6357//5715 7256//5715 7255//5715
f 4765//5716 7255//5716 7256//5716
f 7256//5717 4779//5717 4765//5717
f 7256//5718 6357//5718 6334//5718
f 6334//5719 7247//5719 7256//5719
f 4779//5715 7256//5715 7247//5715
f 7247//5720 4781//5720 4779//5720
f 7257//5721 6364//5721 6363//5721
f 6363//5722 7258//5722 7257//5722
f 4769//5723 7257//5723 7258//5723
f 7258//5724 4783//5724 4769//5724
f 7258//5725 6363//5725 6340//5725
f 6340//5726 7249//5726 7258//5726
f 4783//5722 7258//5722 7249//5722
f 7249//5727 4785//5727 4783//5727
f 6367//5728 6370//5728 7259//5728
f 7259//5729 7260//5729 6367//5729
f 6346//5730 6367//5730 7260//5730
f 7260//5731 7251//5731 6346//5731
f 7260//5732 7259//5732 4773//5732
f 4773//5733 4787//5733 7260//5733
f 7251//5729 7260//5729 4787//5729
f 4787//5734 4789//5734 7251//5734
f 6373//5735 6376//5735 7261//5735
f 7261//5736 7262//5736 6373//5736
f 6352//5737 6373//5737 7262//5737
f 7262//5738 7253//5738 6352//5738
f 7262//5739 7261//5739 4745//5739
f 4745//5740 4759//5740 7262//5740
f 7253//5736 7262//5736 4759//5736
f 4759//5741 4761//5741 7253//5741
f 7263//5742 6382//5742 6381//5742
f 6381//5743 7264//5743 7263//5743
f 4749//5744 7263//5744 7264//5744
f 7264//5745 4763//5745 4749//5745
f 7264//5746 6381//5746 6358//5746
f 6358//5747 7255//5747 7264//5747
f 4763//5743 7264//5743 7255//5743
f 7255//5748 4765//5748 4763//5748
f 7265//5749 6388//5749 6387//5749
f 6387//5750 7266//5750 7265//5750
f 4753//5751 7265//5751 7266//5751
f 7266//5752 4767//5752 4753//5752
f 7266//5753 6387//5753 6364//5753
f 6364//5754 7257//5754 7266//5754
f 4767//5750 7266//5750 7257//5750
f 7257//5755 4769//5755 4767//5755
f 6391//5756 6394//5756 7267//5756
f 7267//5757 7268//5757 6391//5757
f 6370//5758 6391//5758 7268//5758
f 7268//5759 7259//5759 6370//5759
f 7268//5760 7267//5760 4757//5760
f 4757//5761 4771//5761 7268//5761
f 7259//5757 7268//5757 4771//5757
f 4771//5762 4773//5762 7259//5762
f 6397//5763 6400//5763 7269//5763
f 7269//5764 7270//5764 6397//5764
f 6376//5765 6397//5765 7270//5765
f 7270//5766 7261//5766 6376//5766
f 7270//5767 7269//5767 4729//5767
f 4729//5768 4743//5768 7270//5768
f 7261//5764 7270//5764 4743//5764
f 4743//5769 4745//5769 7261//5769
f 7271//5770 6406//5770 6405//5770
f 6405//5771 7272//5771 7271//5771
f 4733//5772 7271//5772 7272//5772
f 7272//5773 4747//5773 4733//5773
f 7272//5774 6405//5774 6382//5774
f 6382//5775 7263//5775 7272//5775
f 4747//5771 7272//5771 7263//5771
f 7263//5776 4749//5776 4747//5776
f 7273//5777 6412//5777 6411//5777
f 6411//5778 7274//5778 7273//5778
f 4737//5779 7273//5779 7274//5779
f 7274//5780 4751//5780 4737//5780
f 7274//5781 6411//5781 6388//5781
f 6388//5782 7265//5782 7274//5782
f 4751//5778 7274//5778 7265//5778
f 7265//5783 4753//5783 4751//5783
f 6415//5784 6418//5784 7275//5784
f 7275//5785 7276//5785 6415//5785
f 6394//5786 6415//5786 7276//5786
f 7276//5787 7267//5787 6394//5787
f 7276//5788 7275//5788 4741//5788
f 4741//5789 4755//5789 7276//5789
f 7267//5785 7276//5785 4755//5785
f 4755//5790 4757//5790 7267//5790
f 6421//5791 6424//5791 7277//5791
f 7277//5792 7278//5792 6421//5792
f 6400//5793 6421//5793 7278//5793
f 7278//5794 7269//5794 6400//5794
f 7278//5795 7277//5795 4713//5795
f 4713//5796 4727//5796 7278//5796
f 7269//5792 7278//5792 4727//5792
f 4727//5797 4729//5797 7269//5797
f 7279//5798 6430//5798 6429//5798
f 6429//5799 7280//5799 7279//5799
f 4717//5800 7279//5800 7280//5800
f 7280//5801 4731//5801 4717//5801
f 7280//5802 6429//5802 6406//5802
f 6406//5803 7271//5803 7280//5803
f 4731//5799 7280//5799 7271//5799
f 7271//5804 4733//5804 4731//5804
f 7281//5805 6436//5805 6435//5805
f 6435//5806 7282//5806 7281//5806
f 4721//5807 7281//5807 7282//5807
f 7282//5808 4735//5808 4721//5808
f 7282//5809 6435//5809 6412//5809
f 6412//5810 7273//5810 7282//5810
f 4735//5806 7282//5806 7273//5806
f 7273//5811 4737//5811 4735//5811
f 6439//5812 6442//5812 7283//5812
f 7283//5813 7284//5813 6439//5813
f 6418//5814 6439//5814 7284//5814
f 7284//5815 7275//5815 6418//5815
f 7284//5816 7283//5816 4725//5816
f 4725//5817 4739//5817 7284//5817
f 7275//5813 7284//5813 4739//5813
f 4739//5818 4741//5818 7275//5818
f 6445//5819 6448//5819 7285//5819
f 7285//5820 7286//5820 6445//5820
f 6424//5821 6445//5821 7286//5821
f 7286//5822 7277//5822 6424//5822
f 7286//5823 7285//5823 4693//5823
f 4693//5824 4711//5824 7286//5824
f 7277//5820 7286//5820 4711//5820
f 4711//5825 4713//5825 7277//5825
f 7287//5826 6454//5826 6453//5826
f 6453//5827 7288//5827 7287//5827
f 4699//5828 7287//5828 7288//5828
f 7288//5829 4715//5829 4699//5829
f 7288//5830 6453//5830 6430//5830
f 6430//5831 7279//5831 7288//5831
f 4715//5827 7288//5827 7279//5827
f 7279//5832 4717//5832 4715//5832
f 7289//5833 6460//5833 6459//5833
f 6459//5834 7290//5834 7289//5834
f 4704//5835 7289//5835 7290//5835
f 7290//5836 4719//5836 4704//5836
f 7290//5837 6459//5837 6436//5837
f 6436//5838 7281//5838 7290//5838
f 4719//5834 7290//5834 7281//5834
f 7281//5839 4721//5839 4719//5839
f 6463//5840 6466//5840 7291//5840
f 7291//5841 7292//5841 6463//5841
f 6442//5842 6463//5842 7292//5842
f 7292//5843 7283//5843 6442//5843
f 7292//5844 7291//5844 4708//5844
f 4708//5845 4723//5845 7292//5845
f 7283//5841 7292//5841 4723//5841
f 4723//5846 4725//5846 7283//5846
f 6469//5847 6472//5847 7293//5847
f 7293//5848 7294//5848 6469//5848
f 6448//5849 6469//5849 7294//5849
f 7294//5850 7285//5850 6448//5850
f 7294//5851 7293//5851 4659//5851
f 4659//5852 4691//5852 7294//5852
f 7285//5848 7294//5848 4691//5848
f 4691//5853 4693//5853 7285//5853
f 7295//5854 6478//5854 6477//5854
f 6477//5855 7296//5855 7295//5855
f 4670//5856 7295//5856 7296//5856
f 7296//5857 4696//5857 4670//5857
f 7296//5858 6477//5858 6454//5858
f 6454//5859 7287//5859 7296//5859
f 4696//5855 7296//5855 7287//5855
f 7287//5860 4699//5860 4696//5860
f 7297//5861 6484//5861 6483//5861
f 6483//5862 7298//5862 7297//5862
f 4679//5863 7297//5863 7298//5863
f 7298//5864 4701//5864 4679//5864
f 7298//5865 6483//5865 6460//5865
f 6460//5866 7289//5866 7298//5866
f 4701//5862 7298//5862 7289//5862
f 7289//5867 4704//5867 4701//5867
f 6487//5868 6490//5868 7299//5868
f 7299//5869 7300//5869 6487//5869
f 6466//5870 6487//5870 7300//5870
f 7300//5871 7291//5871 6466//5871
f 7300//5872 7299//5872 4686//5872
f 4686//5873 4706//5873 7300//5873
f 7291//5869 7300//5869 4706//5869
f 4706//5874 4708//5874 7291//5874
f 6493//5875 6496//5875 7301//5875
f 7301//5876 7302//5876 6493//5876
f 6472//5877 6493//5877 7302//5877
f 7302//5878 7293//5878 6472//5878
f 7302//5879 7301//5879 4656//5879
f 4656//5880 4655//5880 7302//5880
f 7293//5876 7302//5876 4655//5876
f 4655//5881 4659//5881 7293//5881
f 7303//5882 6502//5882 6501//5882
f 6501//5883 7304//5883 7303//5883
f 4665//5884 7303//5884 7304//5884
f 7304//5885 4666//5885 4665//5885
f 7304//5886 6501//5886 6478//5886
f 6478//5887 7295//5887 7304//5887
f 4666//5883 7304//5883 7295//5883
f 7295//5888 4670//5888 4666//5888
f 7305//5889 6508//5889 6507//5889
f 6507//5890 7306//5890 7305//5890
f 4674//5891 7305//5891 7306//5891
f 7306//5892 4675//5892 4674//5892
f 7306//5893 6507//5893 6484//5893
f 6484//5894 7297//5894 7306//5894
f 4675//5890 7306//5890 7297//5890
f 7297//5895 4679//5895 4675//5895
f 6511//5896 6514//5896 7307//5896
f 7307//5897 7308//5897 6511//5897
f 6490//5898 6511//5898 7308//5898
f 7308//5899 7299//5899 6490//5899
f 7308//5900 7307//5900 4683//5900
f 4683//5901 4682//5901 7308//5901
f 7299//5897 7308//5897 4682//5897
f 4682//5902 4686//5902 7299//5902
f 7309//5903 7310//5903 7311//5903
f 7311//5904 7312//5904 7309//5904
f 6496//5905 7309//5905 7312//5905
f 7312//5906 7301//5906 6496//5906
f 7312//5907 7311//5907 7313//5907
f 7313//5908 7314//5908 7312//5908
f 7301//5904 7312//5904 7314//5904
f 7314//5909 4656//5909 7301//5909
f 7315//5910 7316//5910 7317//5910
f 7317//5911 7318//5911 7315//5911
f 7319//5912 7315//5912 7318//5912
f 7318//5913 7320//5913 7319//5913
f 7318//5914 7317//5914 6502//5914
f 6502//5915 7303//5915 7318//5915
f 7320//5911 7318//5911 7303//5911
f 7303//5916 4665//5916 7320//5916
f 7321//5917 7322//5917 7323//5917
f 7323//5918 7324//5918 7321//5918
f 7325//5919 7321//5919 7324//5919
f 7324//5920 7326//5920 7325//5920
f 7324//5921 7323//5921 6508//5921
f 6508//5922 7305//5922 7324//5922
f 7326//5918 7324//5918 7305//5918
f 7305//5923 4674//5923 7326//5923
f 7327//5924 7328//5924 7329//5924
f 7329//5925 7330//5925 7327//5925
f 6514//5926 7327//5926 7330//5926
f 7330//5927 7307//5927 6514//5927
f 7330//5928 7329//5928 7331//5928
f 7331//5929 7332//5929 7330//5929
f 7307//5925 7330//5925 7332//5925
f 7332//5930 4683//5930 7307//5930
f 7333//5931 6519//5931 7334//5931
f 7334//5932 7335//5932 7333//5932
f 7310//5933 7333//5933 7335//5933
f 7335//5934 7311//5934 7310//5934
f 7335//5935 7334//5935 7336//5935
f 7336//5936 7337//5936 7335//5936
f 7311//5932 7335//5932 7337//5932
f 7337//5937 7313//5937 7311//5937
f 7338//5938 6530//5938 7339//5938
f 7339//5939 7340//5939 7338//5939
f 7341//5940 7338//5940 7340//5940
f 7340//5941 7342//5941 7341//5941
f 7340//5942 7339//5942 7316//5942
f 7316//5943 7315//5943 7340//5943
f 7342//5939 7340//5939 7315//5939
f 7315//5944 7319//5944 7342//5944
f 7343//5945 6539//5945 7344//5945
f 7344//5946 7345//5946 7343//5946
f 7346//5947 7343//5947 7345//5947
f 7345//5948 7347//5948 7346//5948
f 7345//5949 7344//5949 7322//5949
f 7322//5950 7321//5950 7345//5950
f 7347//5946 7345//5946 7321//5946
f 7321//5951 7325//5951 7347//5951
f 7348//5952 6546//5952 7349//5952
f 7349//5953 7350//5953 7348//5953
f 7328//5954 7348//5954 7350//5954
f 7350//5955 7329//5955 7328//5955
f 7350//5956 7349//5956 7351//5956
f 7351//5957 7352//5957 7350//5957
f 7329//5953 7350//5953 7352//5953
f 7352//5958 7331//5958 7329//5958
f 7353//5959 6554//5959 6551//5959
f 6551//5959 7354//5959 7353//5959
f 7355//5959 7353//5959 7354//5959
f 7354//5959 7356//5959 7355//5959
f 7354//5959 6551//5959 6521//5959
f 6521//5959 7357//5959 7354//5959
f 7356//5959 7354//5959 7357//5959
f 7357//5959 7358//5959 7356//5959
f 7356//5959 7358//5959 7359//5959
f 7359//5959 7360//5959 7356//5959
f 7355//5959 7356//5959 7360//5959
f 7360//5959 7361//5959 7355//5959
f 7360//5959 7359//5959 6528//5959
f 6528//5959 6557//5959 7360//5959
f 7361//5959 7360//5959 6557//5959
f 6557//5959 6559//5959 7361//5959
f 6563//5960 6565//5960 7362//5960
f 7362//5960 7363//5960 6563//5960
f 6537//5960 6563//5960 7363//5960
f 7363//5960 7364//5960 6537//5960
f 7363//5960 7362//5960 7365//5960
f 7365//5960 7366//5960 7363//5960
f 7364//5960 7363//5960 7366//5960
f 7366//5960 7367//5960 7364//5960
f 7368//5960 6572//5960 6569//5960
f 6569//5960 7369//5960 7368//5960
f 7365//5960 7368//5960 7369//5960
f 7369//5960 7366//5960 7365//5960
f 7369//5960 6569//5960 6548//5960
f 6548//5960 7370//5960 7369//5960
f 7366//5960 7369//5960 7370//5960
f 7370//5960 7367//5960 7366//5960
f 7357//5961 6521//5961 6517//5961
f 6517//5962 7371//5962 7357//5962
f 7358//5963 7357//5963 7371//5963
f 7371//5964 7372//5964 7358//5964
f 7371//5965 6517//5965 6516//5965
f 6516//5966 7169//5966 7371//5966
f 7372//5962 7371//5962 7169//5962
f 7169//5967 7172//5967 7372//5967
f 6524//5961 6528//5961 7359//5961
f 7359//5968 7373//5968 6524//5968
f 6525//5969 6524//5969 7373//5969
f 7373//5970 7175//5970 6525//5970
f 7373//5963 7359//5963 7358//5963
f 7358//5971 7372//5971 7373//5971
f 7175//5968 7373//5968 7372//5968
f 7372//5972 7172//5972 7175//5972
f 6533//5973 6537//5973 7364//5973
f 7364//5974 7374//5974 6533//5974
f 6534//5975 6533//5975 7374//5975
f 7374//5976 7178//5976 6534//5976
f 7374//5977 7364//5977 7367//5977
f 7367//5978 7375//5978 7374//5978
f 7178//5974 7374//5974 7375//5974
f 7375//5979 7180//5979 7178//5979
f 7370//5973 6548//5973 6544//5973
f 6544//5980 7376//5980 7370//5980
f 7367//5977 7370//5977 7376//5977
f 7376//5981 7375//5981 7367//5981
f 7376//5982 6544//5982 6543//5982
f 6543//5983 7182//5983 7376//5983
f 7375//5980 7376//5980 7182//5980
f 7182//5984 7180//5984 7375//5984
f 6495//5985 6494//5985 7154//5985
f 7154//5986 7377//5986 6495//5986
f 6496//5987 6495//5987 7377//5987
f 7377//5988 7309//5988 6496//5988
f 7377//5989 7154//5989 7153//5989
f 7153//5990 7378//5990 7377//5990
f 7309//5986 7377//5986 7378//5986
f 7378//5991 7310//5991 7309//5991
f 7158//5992 6499//5992 6500//5992
f 6500//5993 7379//5993 7158//5993
f 7157//5994 7158//5994 7379//5994
f 7379//5995 7380//5995 7157//5995
f 7379//5996 6500//5996 6502//5996
f 6502//5997 7317//5997 7379//5997
f 7380//5993 7379//5993 7317//5993
f 7317//5998 7316//5998 7380//5998
f 7164//5999 6505//5999 6506//5999
f 6506//6000 7381//6000 7164//6000
f 7163//6001 7164//6001 7381//6001
f 7381//6002 7382//6002 7163//6002
f 7381//6003 6506//6003 6508//6003
f 6508//6004 7323//6004 7381//6004
f 7382//6000 7381//6000 7323//6000
f 7323//6005 7322//6005 7382//6005
f 6513//6006 6512//6006 7168//6006
f 7168//6007 7383//6007 6513//6007
f 6514//6008 6513//6008 7383//6008
f 7383//6009 7327//6009 6514//6009
f 7383//6010 7168//6010 7167//6010
f 7167//6011 7384//6011 7383//6011
f 7327//6007 7383//6007 7384//6007
f 7384//6012 7328//6012 7327//6012
f 7333//6013 7310//6013 7378//6013
f 7378//6014 7385//6014 7333//6014
f 6519//6015 7333//6015 7385//6015
f 7385//6016 6515//6016 6519//6016
f 7385//6017 7378//6017 7153//6017
f 7153//6018 7170//6018 7385//6018
f 6515//6014 7385//6014 7170//6014
f 7170//6019 6516//6019 6515//6019
f 7380//6020 7316//6020 7339//6020
f 7339//6021 7386//6021 7380//6021
f 7157//6022 7380//6022 7386//6022
f 7386//6023 7174//6023 7157//6023
f 7386//6024 7339//6024 6530//6024
f 6530//6025 6526//6025 7386//6025
f 7174//6021 7386//6021 6526//6021
f 6526//6026 6525//6026 7174//6026
f 7382//6027 7322//6027 7344//6027
f 7344//6028 7387//6028 7382//6028
f 7163//6029 7382//6029 7387//6029
f 7387//6030 7177//6030 7163//6030
f 7387//6031 7344//6031 6539//6031
f 6539//6032 6535//6032 7387//6032
f 7177//6028 7387//6028 6535//6028
f 6535//6033 6534//6033 7177//6033
f 7348//6034 7328//6034 7384//6034
f 7384//6035 7388//6035 7348//6035
f 6546//6036 7348//6036 7388//6036
f 7388//6037 6542//6037 6546//6037
f 7388//6038 7384//6038 7167//6038
f 7167//6039 7183//6039 7388//6039
f 6542//6035 7388//6035 7183//6035
f 7183//6040 6543//6040 6542//6040
f 2762//6041 2740//6041 7389//6041
f 7389//6042 7390//6042 2762//6042
f 2763//6043 2762//6043 7390//6043
f 7390//6044 3397//6044 2763//6044
f 7390//6045 7389//6045 2774//6045
f 2774//6046 2773//6046 7390//6046
f 3397//6042 7390//6042 2773//6042
f 2773//6047 2777//6047 3397//6047
f 7391//6048 2745//6048 2766//6048
f 2766//6049 7392//6049 7391//6049
f 2783//6050 7391//6050 7392//6050
f 7392//6051 2784//6051 2783//6051
f 7392//6052 2766//6052 2765//6052
f 2765//6053 3400//6053 7392//6053
f 2784//6049 7392//6049 3400//6049
f 3400//6054 2788//6054 2784//6054
f 7393//6055 2751//6055 2769//6055
f 2769//6056 7394//6056 7393//6056
f 2792//6057 7393//6057 7394//6057
f 7394//6058 2793//6058 2792//6058
f 7394//6059 2769//6059 2768//6059
f 2768//6060 3405//6060 7394//6060
f 2793//6056 7394//6056 3405//6056
f 3405//6061 2797//6061 2793//6061
f 2771//6062 2758//6062 7395//6062
f 7395//6063 7396//6063 2771//6063
f 2772//6064 2771//6064 7396//6064
f 7396//6065 3412//6065 2772//6065
f 7396//6066 7395//6066 2801//6066
f 2801//6067 2800//6067 7396//6067
f 3412//6063 7396//6063 2800//6063
f 2800//6068 2804//6068 3412//6068
f 7397//6069 1952//6069 6841//6069
f 6841//6070 7398//6070 7397//6070
f 5568//6071 7397//6071 7398//6071
f 7398//6072 7399//6072 5568//6072
f 7398//6073 6841//6073 6843//6073
f 6843//6074 7400//6074 7398//6074
f 7399//6070 7398//6070 7400//6070
f 7400//6075 7401//6075 7399//6075
f 6847//6076 1961//6076 7402//6076
f 7402//6077 7403//6077 6847//6077
f 6848//6078 6847//6078 7403//6078
f 7403//6079 7404//6079 6848//6079
f 7403//6080 7402//6080 5571//6080
f 5571//6081 7405//6081 7403//6081
f 7404//6077 7403//6077 7405//6077
f 7405//6082 7406//6082 7404//6082
f 6852//6083 1967//6083 7407//6083
f 7407//6084 7408//6084 6852//6084
f 6853//6085 6852//6085 7408//6085
f 7408//6086 7409//6086 6853//6086
f 7408//6087 7407//6087 5574//6087
f 5574//6088 7410//6088 7408//6088
f 7409//6084 7408//6084 7410//6084
f 7410//6089 7411//6089 7409//6089
f 7412//6090 1970//6090 6856//6090
f 6856//6091 7413//6091 7412//6091
f 5577//6092 7412//6092 7413//6092
f 7413//6093 7414//6093 5577//6093
f 7413//6094 6856//6094 6858//6094
f 6858//6095 7415//6095 7413//6095
f 7414//6091 7413//6091 7415//6091
f 7415//6096 7416//6096 7414//6096
f 7417//6097 7418//6097 7419//6097
f 7419//6098 7420//6098 7417//6098
f 6860//6099 7417//6099 7420//6099
f 7420//6100 6861//6100 6860//6100
f 7420//6101 7419//6101 7401//6101
f 7401//6102 7400//6102 7420//6102
f 6861//6098 7420//6098 7400//6098
f 7400//6103 6843//6103 6861//6103
f 7421//6104 7422//6104 7423//6104
f 7423//6105 7424//6105 7421//6105
f 7406//6106 7421//6106 7424//6106
f 7424//6107 7404//6107 7406//6107
f 7424//6108 7423//6108 6864//6108
f 6864//6109 6863//6109 7424//6109
f 7404//6105 7424//6105 6863//6105
f 6863//6110 6848//6110 7404//6110
f 7425//6111 7426//6111 7427//6111
f 7427//6112 7428//6112 7425//6112
f 7411//6113 7425//6113 7428//6113
f 7428//6114 7409//6114 7411//6114
f 7428//6115 7427//6115 6868//6115
f 6868//6116 6867//6116 7428//6116
f 7409//6112 7428//6112 6867//6112
f 6867//6117 6853//6117 7409//6117
f 7429//6118 7430//6118 7431//6118
f 7431//6119 7432//6119 7429//6119
f 6872//6120 7429//6120 7432//6120
f 7432//6121 6873//6121 6872//6121
f 7432//6122 7431//6122 7416//6122
f 7416//6123 7415//6123 7432//6123
f 6873//6119 7432//6119 7415//6119
f 7415//6124 6858//6124 6873//6124
f 7433//6125 6885//6125 7434//6125
f 7434//6126 7435//6126 7433//6126
f 6860//6127 7433//6127 7435//6127
f 7435//6128 7417//6128 6860//6128
f 7435//6129 7434//6129 7189//6129
f 7189//6130 7436//6130 7435//6130
f 7417//6126 7435//6126 7436//6126
f 7436//6131 7418//6131 7417//6131
f 7437//6132 6889//6132 7438//6132
f 7438//6133 7439//6133 7437//6133
f 7195//6134 7437//6134 7439//6134
f 7439//6135 7440//6135 7195//6135
f 7439//6136 7438//6136 6864//6136
f 6864//6137 7423//6137 7439//6137
f 7440//6133 7439//6133 7423//6133
f 7423//6138 7422//6138 7440//6138
f 7441//6139 6893//6139 7442//6139
f 7442//6140 7443//6140 7441//6140
f 7201//6141 7441//6141 7443//6141
f 7443//6142 7444//6142 7201//6142
f 7443//6143 7442//6143 6868//6143
f 6868//6144 7427//6144 7443//6144
f 7444//6140 7443//6140 7427//6140
f 7427//6145 7426//6145 7444//6145
f 7445//6146 6897//6146 7446//6146
f 7446//6147 7447//6147 7445//6147
f 6872//6148 7445//6148 7447//6148
f 7447//6149 7429//6149 6872//6149
f 7447//6150 7446//6150 7207//6150
f 7207//6151 7448//6151 7447//6151
f 7429//6147 7447//6147 7448//6147
f 7448//6152 7430//6152 7429//6152
f 6886//6153 6885//6153 7433//6153
f 7433//6154 7449//6154 6886//6154
f 897//6155 6886//6155 7449//6155
f 7449//6156 1158//6156 897//6156
f 7449//6157 7433//6157 6860//6157
f 6860//6158 6859//6158 7449//6158
f 1158//6154 7449//6154 6859//6154
f 6859//6159 1157//6159 1158//6159
f 7438//6160 6889//6160 6890//6160
f 6890//6161 7450//6161 7438//6161
f 6864//6162 7438//6162 7450//6162
f 7450//6163 6865//6163 6864//6163
f 7450//6164 6890//6164 901//6164
f 901//6165 1162//6165 7450//6165
f 6865//6161 7450//6161 1162//6161
f 1162//6166 1161//6166 6865//6166
f 7442//6167 6893//6167 6894//6167
f 6894//6168 7451//6168 7442//6168
f 6868//6169 7442//6169 7451//6169
f 7451//6170 6869//6170 6868//6170
f 7451//6171 6894//6171 905//6171
f 905//6172 1166//6172 7451//6172
f 6869//6168 7451//6168 1166//6168
f 1166//6173 1165//6173 6869//6173
f 6898//6174 6897//6174 7445//6174
f 7445//6175 7452//6175 6898//6175
f 909//6176 6898//6176 7452//6176
f 7452//6177 1170//6177 909//6177
f 7452//6178 7445//6178 6872//6178
f 6872//6179 6871//6179 7452//6179
f 1170//6175 7452//6175 6871//6175
f 6871//6180 1169//6180 1170//6180
f 7434//6181 6885//6181 6883//6181
f 6883//6182 7453//6182 7434//6182
f 7189//6183 7434//6183 7453//6183
f 7453//6184 7185//6184 7189//6184
f 7453//6185 6883//6185 5580//6185
f 5580//6186 7454//6186 7453//6186
f 7185//6182 7453//6182 7454//6182
f 7454//6187 7186//6187 7185//6187
f 6887//6188 6889//6188 7437//6188
f 7437//6189 7455//6189 6887//6189
f 5587//6190 6887//6190 7455//6190
f 7455//6191 7456//6191 5587//6191
f 7455//6192 7437//6192 7195//6192
f 7195//6193 7193//6193 7455//6193
f 7456//6189 7455//6189 7193//6189
f 7193//6194 7192//6194 7456//6194
f 6891//6195 6893//6195 7441//6195
f 7441//6196 7457//6196 6891//6196
f 5593//6197 6891//6197 7457//6197
f 7457//6198 7458//6198 5593//6198
f 7457//6199 7441//6199 7201//6199
f 7201//6200 7199//6200 7457//6200
f 7458//6196 7457//6196 7199//6196
f 7199//6201 7198//6201 7458//6201
f 7446//6202 6897//6202 6895//6202
f 6895//6203 7459//6203 7446//6203
f 7207//6204 7446//6204 7459//6204
f 7459//6205 7203//6205 7207//6205
f 7459//6206 6895//6206 5598//6206
f 5598//6207 7460//6207 7459//6207
f 7203//6203 7459//6203 7460//6203
f 7460//6208 7204//6208 7203//6208
f 7461//6209 5583//6209 6875//6209
f 6875//6210 7462//6210 7461//6210
f 7211//6211 7461//6211 7462//6211
f 7462//6212 7463//6212 7211//6212
f 7462//6213 6875//6213 5164//6213
f 5164//6214 7464//6214 7462//6214
f 7463//6210 7462//6210 7464//6210
f 7464//6215 7465//6215 7463//6215
f 6877//6216 5589//6216 7466//6216
f 7466//6217 7467//6217 6877//6217
f 5170//6218 6877//6218 7467//6218
f 7467//6219 7468//6219 5170//6219
f 7467//6220 7466//6220 7215//6220
f 7215//6221 7469//6221 7467//6221
f 7468//6217 7467//6217 7469//6217
f 7469//6222 7470//6222 7468//6222
f 6879//6223 5595//6223 7471//6223
f 7471//6224 7472//6224 6879//6224
f 5176//6225 6879//6225 7472//6225
f 7472//6226 7473//6226 5176//6226
f 7472//6227 7471//6227 7219//6227
f 7219//6228 7474//6228 7472//6228
f 7473//6224 7472//6224 7474//6224
f 7474//6229 7475//6229 7473//6229
f 7476//6230 5601//6230 6881//6230
f 6881//6231 7477//6231 7476//6231
f 7223//6232 7476//6232 7477//6232
f 7477//6233 7478//6233 7223//6233
f 7477//6234 6881//6234 5182//6234
f 5182//6235 7479//6235 7477//6235
f 7478//6231 7477//6231 7479//6231
f 7479//6236 7480//6236 7478//6236
f 7464//6237 5164//6237 5163//6237
f 5163//6238 7481//6238 7464//6238
f 7465//6239 7464//6239 7481//6239
f 7481//6240 7482//6240 7465//6240
f 7481//6241 5163//6241 5162//6241
f 5162//6242 6899//6242 7481//6242
f 7482//6238 7481//6238 6899//6238
f 6899//6243 6902//6243 7482//6243
f 5168//6244 5170//6244 7468//6244
f 7468//6245 7483//6245 5168//6245
f 5167//6246 5168//6246 7483//6246
f 7483//6247 6905//6247 5167//6247
f 7483//6248 7468//6248 7470//6248
f 7470//6249 7484//6249 7483//6249
f 6905//6245 7483//6245 7484//6245
f 7484//6250 6907//6250 6905//6250
f 5174//6251 5176//6251 7473//6251
f 7473//6252 7485//6252 5174//6252
f 5173//6253 5174//6253 7485//6253
f 7485//6254 6910//6254 5173//6254
f 7485//6255 7473//6255 7475//6255
f 7475//6256 7486//6256 7485//6256
f 6910//6252 7485//6252 7486//6252
f 7486//6257 6912//6257 6910//6257
f 7479//6258 5182//6258 5181//6258
f 5181//6259 7487//6259 7479//6259
f 7480//6260 7479//6260 7487//6260
f 7487//6261 7488//6261 7480//6261
f 7487//6262 5181//6262 5180//6262
f 5180//6263 6914//6263 7487//6263
f 7488//6259 7487//6259 6914//6259
f 6914//6264 6917//6264 7488//6264
f 7212//6265 7186//6265 7454//6265
f 7454//6266 7489//6266 7212//6266
f 7211//6267 7212//6267 7489//6267
f 7489//6268 7461//6268 7211//6268
f 7489//6269 7454//6269 5580//6269
f 5580//6270 5581//6270 7489//6270
f 7461//6266 7489//6266 5581//6266
f 5581//6271 5583//6271 7461//6271
f 7456//6272 7192//6272 7216//6272
f 7216//6273 7490//6273 7456//6273
f 5587//6274 7456//6274 7490//6274
f 7490//6275 5588//6275 5587//6275
f 7490//6276 7216//6276 7215//6276
f 7215//6277 7466//6277 7490//6277
f 5588//6273 7490//6273 7466//6273
f 7466//6278 5589//6278 5588//6278
f 7458//6279 7198//6279 7220//6279
f 7220//6280 7491//6280 7458//6280
f 5593//6281 7458//6281 7491//6281
f 7491//6282 5594//6282 5593//6282
f 7491//6283 7220//6283 7219//6283
f 7219//6284 7471//6284 7491//6284
f 5594//6280 7491//6280 7471//6280
f 7471//6285 5595//6285 5594//6285
f 7224//6286 7204//6286 7460//6286
f 7460//6287 7492//6287 7224//6287
f 7223//6288 7224//6288 7492//6288
f 7492//6289 7476//6289 7223//6289
f 7492//6290 7460//6290 5598//6290
f 5598//6291 5599//6291 7492//6291
f 7476//6287 7492//6287 5599//6287
f 5599//6292 5601//6292 7476//6292
f 7399//6293 7401//6293 7493//6293
f 7493//6294 7494//6294 7399//6294
f 5568//6295 7399//6295 7494//6295
f 7494//6296 7495//6296 5568//6296
f 7494//6297 7493//6297 4985//6297
f 4985//6298 7496//6298 7494//6298
f 7495//6294 7494//6294 7496//6294
f 7496//6299 6579//6299 7495//6299
f 7497//6300 7406//6300 7405//6300
f 7405//6301 7498//6301 7497//6301
f 4992//6302 7497//6302 7498//6302
f 7498//6303 7499//6303 4992//6303
f 7498//6304 7405//6304 5571//6304
f 5571//6305 7500//6305 7498//6305
f 7499//6301 7498//6301 7500//6301
f 7500//6306 6590//6306 7499//6306
f 7501//6307 7411//6307 7410//6307
f 7410//6308 7502//6308 7501//6308
f 4998//6309 7501//6309 7502//6309
f 7502//6310 7503//6310 4998//6310
f 7502//6311 7410//6311 5574//6311
f 5574//6312 7504//6312 7502//6312
f 7503//6308 7502//6308 7504//6308
f 7504//6313 6597//6313 7503//6313
f 7414//6314 7416//6314 7505//6314
f 7505//6315 7506//6315 7414//6315
f 5577//6316 7414//6316 7506//6316
f 7506//6317 7507//6317 5577//6317
f 7506//6318 7505//6318 5003//6318
f 5003//6319 7508//6319 7506//6319
f 7507//6315 7506//6315 7508//6315
f 7508//6320 6603//6320 7507//6320
f 6727//6321 6708//6321 6985//6321
f 6985//6322 7509//6322 6727//6322
f 4076//6323 6727//6323 7509//6323
f 7509//6324 4074//6324 4076//6324
f 7509//6325 6985//6325 4300//6325
f 4300//6326 4299//6326 7509//6326
f 4074//6322 7509//6322 4299//6322
f 4299//6327 4073//6327 4074//6327
f 6988//6328 6714//6328 6733//6328
f 6733//6329 7510//6329 6988//6329
f 4306//6330 6988//6330 7510//6330
f 7510//6331 4303//6331 4306//6331
f 7510//6332 6733//6332 4082//6332
f 4082//6333 4081//6333 7510//6333
f 4303//6329 7510//6329 4081//6329
f 4081//6334 4080//6334 4303//6334
f 6991//6335 6720//6335 6738//6335
f 6738//6336 7511//6336 6991//6336
f 4312//6337 6991//6337 7511//6337
f 7511//6338 4309//6338 4312//6338
f 7511//6339 6738//6339 4088//6339
f 4088//6340 4087//6340 7511//6340
f 4309//6336 7511//6336 4087//6336
f 4087//6341 4086//6341 4309//6341
f 6740//6342 6724//6342 6994//6342
f 6994//6343 7512//6343 6740//6343
f 4094//6344 6740//6344 7512//6344
f 7512//6345 4092//6345 4094//6345
f 7512//6346 6994//6346 4318//6346
f 4318//6347 4317//6347 7512//6347
f 4092//6343 7512//6343 4317//6343
f 4317//6348 4091//6348 4092//6348
f 7496//6349 4985//6349 7010//6349
f 7010//6349 6575//6349 7496//6349
f 6579//6349 7496//6349 6575//6349
f 6575//6349 7010//6349 6576//6349
f 7499//6350 6590//6350 6586//6350
f 6586//6350 7012//6350 7499//6350
f 4992//6350 7499//6350 7012//6350
f 7012//6350 6586//6350 6585//6350
f 7503//6351 6597//6351 6595//6351
f 6595//6351 7014//6351 7503//6351
f 4998//6351 7503//6351 7014//6351
f 7014//6351 6595//6351 6594//6351
f 7508//6352 5003//6352 7016//6352
f 7016//6352 6599//6352 7508//6352
f 6603//6352 7508//6352 6599//6352
f 6599//6352 7016//6352 6600//6352
f 7513//6353 5568//6353 7514//6353
f 7514//6354 7515//6354 7513//6354
f 7516//6354 7513//6354 7515//6354
f 7515//6354 7514//6354 7517//6354
f 7518//6355 7519//6355 7520//6355
f 7520//6355 7521//6355 7518//6355
f 5571//6356 7518//6356 7521//6356
f 7521//6355 7520//6355 7522//6355
f 7523//6357 7516//6357 7515//6357
f 7515//6357 7524//6357 7523//6357
f 5574//6358 7523//6358 7524//6358
f 7524//6357 7515//6357 7517//6357
f 7525//6359 5577//6359 7526//6359
f 7526//6360 7520//6360 7525//6360
f 7519//6360 7525//6360 7520//6360
f 7520//6360 7526//6360 7522//6360
f 7527//6361 7517//6361 7514//6361
f 7514//6361 7495//6361 7527//6361
f 6579//6361 7527//6361 7495//6361
f 7495//6361 7514//6361 5568//6361
f 7528//6362 6590//6362 7500//6362
f 7500//6362 7521//6362 7528//6362
f 7522//6362 7528//6362 7521//6362
f 7521//6362 7500//6362 5571//6362
f 7529//6363 6597//6363 7504//6363
f 7504//6363 7524//6363 7529//6363
f 7517//6363 7529//6363 7524//6363
f 7524//6363 7504//6363 5574//6363
f 7530//6364 7522//6364 7526//6364
f 7526//6364 7507//6364 7530//6364
f 6603//6364 7530//6364 7507//6364
f 7507//6364 7526//6364 5577//6364
f 7531//6365 7517//6365 7527//6365
f 7527//6365 6580//6365 7531//6365
f 6583//6365 7531//6365 6580//6365
f 6580//6365 7527//6365 6579//6365
f 7532//6366 6592//6366 6591//6366
f 6591//6366 7528//6366 7532//6366
f 7522//6366 7532//6366 7528//6366
f 7528//6366 6591//6366 6590//6366
f 7531//6367 6583//6367 6598//6367
f 6598//6367 7529//6367 7531//6367
f 7517//6367 7531//6367 7529//6367
f 7529//6367 6598//6367 6597//6367
f 7532//6368 7522//6368 7530//6368
f 7530//6368 6604//6368 7532//6368
f 6592//6368 7532//6368 6604//6368
f 6604//6368 7530//6368 6603//6368
f 4075//6369 4052//6369 7533//6369
f 7533//6370 6743//6370 4075//6370
f 4076//6370 4075//6370 6743//6370
f 6743//6370 7533//6370 6744//6370
f 4079//6371 4082//6371 6751//6371
f 6751//6371 7534//6371 4079//6371
f 4058//6372 4079//6372 7534//6372
f 7534//6371 6751//6371 6750//6371
f 4085//6373 4088//6373 6757//6373
f 6757//6373 7535//6373 4085//6373
f 4064//6374 4085//6374 7535//6374
f 7535//6373 6757//6373 6756//6373
f 4093//6375 4070//6375 7536//6375
f 7536//6376 6759//6376 4093//6376
f 4094//6376 4093//6376 6759//6376
f 6759//6376 7536//6376 6760//6376
f 6662//6377 4636//6377 7002//6377
f 7002//6378 7537//6378 6662//6378
f 6664//6379 6662//6379 7537//6379
f 7537//6380 7538//6380 6664//6380
f 7537//6381 7002//6381 6681//6381
f 6681//6382 6682//6382 7537//6382
f 7538//6378 7537//6378 6682//6378
f 6682//6383 6685//6383 7538//6383
f 7003//6384 4642//6384 6666//6384
f 6666//6385 7539//6385 7003//6385
f 6692//6386 7003//6386 7539//6386
f 7539//6387 6693//6387 6692//6387
f 7539//6388 6666//6388 6669//6388
f 6669//6389 7540//6389 7539//6389
f 6693//6385 7539//6385 7540//6385
f 7540//6390 6694//6390 6693//6390
f 7005//6391 4648//6391 6671//6391
f 6671//6392 7541//6392 7005//6392
f 6699//6393 7005//6393 7541//6393
f 7541//6394 6700//6394 6699//6394
f 7541//6395 6671//6395 6664//6395
f 6664//6396 7538//6396 7541//6396
f 6700//6392 7541//6392 7538//6392
f 7538//6397 6685//6397 6700//6397
f 6675//6398 4654//6398 7008//6398
f 7008//6399 7542//6399 6675//6399
f 6669//6400 6675//6400 7542//6400
f 7542//6401 7540//6401 6669//6401
f 7542//6402 7008//6402 6705//6402
f 6705//6403 6706//6403 7542//6403
f 7540//6399 7542//6399 6706//6399
f 6706//6404 6694//6404 7540//6404
f 6799//6405 3892//6405 3891//6405
f 3891//6405 7543//6405 6799//6405
f 6800//6405 6799//6405 7543//6405
f 7543//6405 3891//6405 3868//6405
f 6807//6406 6806//6406 7544//6406
f 7544//6406 3895//6406 6807//6406
f 3898//6406 6807//6406 3895//6406
f 3895//6406 7544//6406 3874//6406
f 6813//6407 6812//6407 7545//6407
f 7545//6407 3901//6407 6813//6407
f 3904//6407 6813//6407 3901//6407
f 3901//6407 7545//6407 3880//6407
f 6815//6408 3910//6408 3909//6408
f 3909//6408 7546//6408 6815//6408
f 6816//6408 6815//6408 7546//6408
f 7546//6408 3909//6408 3886//6408
f 7543//6409 3868//6409 3867//6409
f 3867//6410 7547//6410 7543//6410
f 6800//6411 7543//6411 7547//6411
f 7547//6412 6819//6412 6800//6412
f 7547//6413 3867//6413 3844//6413
f 3844//6414 7548//6414 7547//6414
f 6819//6410 7547//6410 7548//6410
f 7548//6415 6820//6415 6819//6415
f 3871//6416 3874//6416 7544//6416
f 7544//6417 7549//6417 3871//6417
f 3850//6418 3871//6418 7549//6418
f 7549//6419 7550//6419 3850//6419
f 7549//6420 7544//6420 6806//6420
f 6806//6421 6827//6421 7549//6421
f 7550//6417 7549//6417 6827//6417
f 6827//6422 6826//6422 7550//6422
f 3877//6423 3880//6423 7545//6423
f 7545//6424 7551//6424 3877//6424
f 3856//6425 3877//6425 7551//6425
f 7551//6426 7552//6426 3856//6426
f 7551//6427 7545//6427 6812//6427
f 6812//6428 6833//6428 7551//6428
f 7552//6424 7551//6424 6833//6424
f 6833//6429 6832//6429 7552//6429
f 7546//6430 3886//6430 3885//6430
f 3885//6431 7553//6431 7546//6431
f 6816//6432 7546//6432 7553//6432
f 7553//6433 6835//6433 6816//6433
f 7553//6434 3885//6434 3862//6434
f 3862//6435 7554//6435 7553//6435
f 6835//6431 7553//6431 7554//6431
f 7554//6436 6836//6436 6835//6436
f 6919//6437 6820//6437 7548//6437
f 7548//6438 7555//6438 6919//6438
f 5490//6439 6919//6439 7555//6439
f 7555//6440 7556//6440 5490//6440
f 7555//6441 7548//6441 3844//6441
f 3844//6442 3843//6442 7555//6442
f 7556//6438 7555//6438 3843//6438
f 3843//6443 3820//6443 7556//6443
f 7550//6444 6826//6444 6922//6444
f 6922//6445 7557//6445 7550//6445
f 3850//6446 7550//6446 7557//6446
f 7557//6447 3847//6447 3850//6447
f 7557//6448 6922//6448 5501//6448
f 5501//6449 7558//6449 7557//6449
f 3847//6445 7557//6445 7558//6445
f 7558//6450 3826//6450 3847//6450
f 7552//6451 6832//6451 6925//6451
f 6925//6452 7559//6452 7552//6452
f 3856//6453 7552//6453 7559//6453
f 7559//6454 3853//6454 3856//6454
f 7559//6455 6925//6455 5508//6455
f 5508//6456 7560//6456 7559//6456
f 3853//6452 7559//6452 7560//6452
f 7560//6457 3832//6457 3853//6457
f 6927//6458 6836//6458 7554//6458
f 7554//6459 7561//6459 6927//6459
f 5514//6460 6927//6460 7561//6460
f 7561//6461 7562//6461 5514//6461
f 7561//6462 7554//6462 3862//6462
f 3862//6463 3861//6463 7561//6463
f 7562//6459 7561//6459 3861//6459
f 3861//6464 3838//6464 7562//6464
f 7493//6465 7401//6465 7563//6465
f 7563//6465 4983//6465 7493//6465
f 4985//6465 7493//6465 4983//6465
f 4983//6465 7563//6465 4969//6465
f 7497//6466 4992//6466 4989//6466
f 4989//6466 7564//6466 7497//6466
f 7406//6466 7497//6466 7564//6466
f 7564//6466 4989//6466 4973//6466
f 7501//6467 4998//6467 4995//6467
f 4995//6467 7565//6467 7501//6467
f 7411//6467 7501//6467 7565//6467
f 7565//6467 4995//6467 4977//6467
f 7505//6468 7416//6468 7566//6468
f 7566//6468 5001//6468 7505//6468
f 5003//6468 7505//6468 5001//6468
f 5001//6468 7566//6468 4981//6468
f 4951//6469 4953//6469 7567//6469
f 7567//6469 7568//6469 4951//6469
f 4937//6469 4951//6469 7568//6469
f 7568//6469 7567//6469 7418//6469
f 4955//6470 4941//6470 7569//6470
f 7569//6470 7570//6470 4955//6470
f 4957//6470 4955//6470 7570//6470
f 7570//6470 7569//6470 7422//6470
f 4959//6471 4945//6471 7571//6471
f 7571//6471 7572//6471 4959//6471
f 4961//6471 4959//6471 7572//6471
f 7572//6471 7571//6471 7426//6471
f 4963//6472 4965//6472 7573//6472
f 7573//6472 7574//6472 4963//6472
f 4949//6472 4963//6472 7574//6472
f 7574//6472 7573//6472 7430//6472
f 7209//6473 7211//6473 7575//6473
f 7575//6473 4887//6473 7209//6473
f 4889//6473 7209//6473 4887//6473
f 4887//6473 7575//6473 4873//6473
f 7213//6474 4893//6474 4891//6474
f 4891//6474 7576//6474 7213//6474
f 7215//6474 7213//6474 7576//6474
f 7576//6474 4891//6474 4877//6474
f 7217//6475 4897//6475 4895//6475
f 4895//6475 7577//6475 7217//6475
f 7219//6475 7217//6475 7577//6475
f 7577//6475 4895//6475 4881//6475
f 7221//6476 7223//6476 7578//6476
f 7578//6476 4899//6476 7221//6476
f 4901//6476 7221//6476 4899//6476
f 4899//6476 7578//6476 4885//6476
f 7579//6477 7465//6477 7580//6477
f 7580//6477 4855//6477 7579//6477
f 4857//6477 7579//6477 4855//6477
f 4855//6477 7580//6477 4841//6477
f 7581//6478 4861//6478 4859//6478
f 4859//6478 7582//6478 7581//6478
f 7470//6478 7581//6478 7582//6478
f 7582//6478 4859//6478 4845//6478
f 7583//6479 4865//6479 4863//6479
f 4863//6479 7584//6479 7583//6479
f 7475//6479 7583//6479 7584//6479
f 7584//6479 4863//6479 4849//6479
f 7585//6480 7480//6480 7586//6480
f 7586//6480 4867//6480 7585//6480
f 4869//6480 7585//6480 4867//6480
f 4867//6480 7586//6480 4853//6480
f 7587//6481 5542//6481 5538//6481
f 5538//6482 7588//6482 7587//6482
f 7589//6483 7587//6483 7588//6483
f 7588//6484 7590//6484 7589//6484
f 7588//6485 5538//6485 5537//6485
f 5537//6486 7591//6486 7588//6486
f 7590//6482 7588//6482 7591//6482
f 7591//6487 6246//6487 7590//6487
f 5545//6488 5549//6488 7592//6488
f 7592//6489 7593//6489 5545//6489
f 5546//6490 5545//6490 7593//6490
f 7593//6491 7594//6491 5546//6491
f 7593//6492 7592//6492 7595//6492
f 7595//6493 7596//6493 7593//6493
f 7594//6489 7593//6489 7596//6489
f 7596//6494 6253//6494 7594//6494
f 5554//6495 5542//6495 7587//6495
f 7587//6496 7597//6496 5554//6496
f 5555//6497 5554//6497 7597//6497
f 7597//6498 7598//6498 5555//6498
f 7597//6499 7587//6499 7589//6499
f 7589//6500 7599//6500 7597//6500
f 7598//6496 7597//6496 7599//6496
f 7599//6501 6259//6501 7598//6501
f 7592//6502 5549//6502 5562//6502
f 5562//6503 7600//6503 7592//6503
f 7595//6504 7592//6504 7600//6504
f 7600//6505 7601//6505 7595//6505
f 7600//6506 5562//6506 5561//6506
f 5561//6507 7602//6507 7600//6507
f 7601//6503 7600//6503 7602//6503
f 7602//6508 6263//6508 7601//6508
f 7603//6509 7589//6509 7590//6509
f 7590//6509 6247//6509 7603//6509
f 6249//6509 7603//6509 6247//6509
f 6247//6509 7590//6509 6246//6509
f 7604//6510 6255//6510 6254//6510
f 6254//6510 7596//6510 7604//6510
f 7595//6510 7604//6510 7596//6510
f 7596//6510 6254//6510 6253//6510
f 7603//6511 6249//6511 6260//6511
f 6260//6511 7599//6511 7603//6511
f 7589//6511 7603//6511 7599//6511
f 7599//6511 6260//6511 6259//6511
f 7604//6512 7595//6512 7601//6512
f 7601//6512 6264//6512 7604//6512
f 6255//6512 7604//6512 6264//6512
f 6264//6512 7601//6512 6263//6512
f 7605//6513 5537//6513 5536//6513
f 5536//6513 6971//6513 7605//6513
f 6102//6513 7605//6513 6971//6513
f 6971//6513 5536//6513 5540//6513
f 7606//6514 6109//6514 6973//6514
f 6973//6514 5547//6514 7606//6514
f 5546//6514 7606//6514 5547//6514
f 5547//6514 6973//6514 5551//6514
f 7607//6515 6115//6515 6976//6515
f 6976//6515 5556//6515 7607//6515
f 5555//6515 7607//6515 5556//6515
f 5556//6515 6976//6515 5558//6515
f 7608//6516 5561//6516 5560//6516
f 5560//6516 6980//6516 7608//6516
f 6120//6516 7608//6516 6980//6516
f 6980//6516 5560//6516 5564//6516
f 6180//4337 6182//4337 7609//4337
f 7609//4258 7610//4258 6180//4258
f 6105//4258 6180//4258 7610//4258
f 7610//4217 6103//4217 6105//4217
f 7610//4337 7609//4337 5537//4337
f 5537//4258 7605//4258 7610//4258
f 6103//4258 7610//4258 7605//4258
f 7605//4217 6102//4217 6103//4217
f 7611//4344 6189//4344 6186//4344
f 6186//4264 7612//4264 7611//4264
f 5546//4344 7611//4344 7612//4344
f 7612//4264 7606//4264 5546//4264
f 7612//4264 6186//4264 6111//4264
f 6111//4218 6110//4218 7612//4218
f 7606//4264 7612//4264 6110//4264
f 6110//4218 6109//4218 7606//4218
f 7613//4351 6195//4351 6192//4351
f 6192//4269 7614//4269 7613//4269
f 5555//4351 7613//4351 7614//4351
f 7614//4269 7607//4269 5555//4269
f 7614//4269 6192//4269 6117//4269
f 6117//4219 6116//4219 7614//4219
f 7607//4269 7614//4269 6116//4269
f 6116//4219 6115//4219 7607//4219
f 6198//4358 6200//4358 7615//4358
f 7615//4273 7616//4273 6198//4273
f 6123//4273 6198//4273 7616//4273
f 7616//4220 6121//4220 6123//4220
f 7616//4358 7615//4358 5561//4358
f 5561//4273 7608//4273 7616//4273
f 6121//4273 7616//4273 7608//4273
f 7608//4220 6120//4220 6121//4220
f 7609//4337 6182//4337 6244//4337
f 6244//4337 7591//4337 7609//4337
f 5537//4337 7609//4337 7591//4337
f 7591//4337 6244//4337 6246//4337
f 7611//4344 5546//4344 7594//4344
f 7594//4344 6250//4344 7611//4344
f 6189//4344 7611//4344 6250//4344
f 6250//4344 7594//4344 6253//4344
f 7613//4351 5555//4351 7598//4351
f 7598//4351 6256//4351 7613//4351
f 6195//4351 7613//4351 6256//4351
f 6256//4351 7598//4351 6259//4351
f 7615//4358 6200//4358 6261//4358
f 6261//4358 7602//4358 7615//4358
f 5561//4358 7615//4358 7602//4358
f 7602//4358 6261//4358 6263//4358
f 7617//6517 6523//6517 6553//6517
f 6553//6517 7618//6517 7617//6517
f 7619//6517 7617//6517 7618//6517
f 7618//6517 7620//6517 7619//6517
f 7618//6517 6553//6517 6556//6517
f 6556//6517 7621//6517 7618//6517
f 7620//6517 7618//6517 7621//6517
f 7621//6517 7622//6517 7620//6517
f 6561//6517 6532//6517 7623//6517
f 7623//6517 7624//6517 6561//6517
f 6562//6517 6561//6517 7624//6517
f 7624//6517 7625//6517 6562//6517
f 7624//6517 7623//6517 7619//6517
f 7619//6517 7620//6517 7624//6517
f 7625//6517 7624//6517 7620//6517
f 7620//6517 7622//6517 7625//6517
f 6567//6518 6541//6518 7626//6518
f 7626//6518 7627//6518 6567//6518
f 6568//6518 6567//6518 7627//6518
f 7627//6518 7628//6518 6568//6518
f 7627//6518 7626//6518 7629//6518
f 7629//6518 7630//6518 7627//6518
f 7628//6518 7627//6518 7630//6518
f 7630//6518 7631//6518 7628//6518
f 7632//6518 6550//6518 6571//6518
f 6571//6518 7633//6518 7632//6518
f 7629//6518 7632//6518 7633//6518
f 7633//6518 7630//6518 7629//6518
f 7633//6518 6571//6518 6574//6518
f 6574//6518 7634//6518 7633//6518
f 7630//6518 7633//6518 7634//6518
f 7634//6518 7631//6518 7630//6518
f 7635//6519 7336//6519 7636//6519
f 7636//6519 7637//6519 7635//6519
f 7638//6519 7635//6519 7637//6519
f 7637//6519 7639//6519 7638//6519
f 7637//6519 7636//6519 6523//6519
f 6523//6519 7617//6519 7637//6519
f 7639//6519 7637//6519 7617//6519
f 7617//6519 7619//6519 7639//6519
f 7640//6519 7341//6519 7641//6519
f 7641//6519 7642//6519 7640//6519
f 6532//6519 7640//6519 7642//6519
f 7642//6519 7623//6519 6532//6519
f 7642//6519 7641//6519 7638//6519
f 7638//6519 7639//6519 7642//6519
f 7623//6519 7642//6519 7639//6519
f 7639//6519 7619//6519 7623//6519
f 7643//6520 7346//6520 7644//6520
f 7644//6520 7645//6520 7643//6520
f 6541//6520 7643//6520 7645//6520
f 7645//6520 7626//6520 6541//6520
f 7645//6520 7644//6520 7646//6520
f 7646//6520 7647//6520 7645//6520
f 7626//6520 7645//6520 7647//6520
f 7647//6520 7629//6520 7626//6520
f 7648//6520 7351//6520 7649//6520
f 7649//6520 7650//6520 7648//6520
f 7646//6520 7648//6520 7650//6520
f 7650//6520 7647//6520 7646//6520
f 7650//6520 7649//6520 6550//6520
f 6550//6520 7632//6520 7650//6520
f 7647//6520 7650//6520 7632//6520
f 7632//6520 7629//6520 7647//6520
f 7651//6521 4661//6521 7652//6521
f 7652//6521 7653//6521 7651//6521
f 7654//6521 7651//6521 7653//6521
f 7653//6521 7655//6521 7654//6521
f 7653//6521 7652//6521 7336//6521
f 7336//6521 7635//6521 7653//6521
f 7655//6521 7653//6521 7635//6521
f 7635//6521 7638//6521 7655//6521
f 7656//6521 4668//6521 7657//6521
f 7657//6521 7658//6521 7656//6521
f 7341//6521 7656//6521 7658//6521
f 7658//6521 7641//6521 7341//6521
f 7658//6521 7657//6521 7654//6521
f 7654//6521 7655//6521 7658//6521
f 7641//6521 7658//6521 7655//6521
f 7655//6521 7638//6521 7641//6521
f 7659//6522 4677//6522 7660//6522
f 7660//6522 7661//6522 7659//6522
f 7346//6522 7659//6522 7661//6522
f 7661//6522 7644//6522 7346//6522
f 7661//6522 7660//6522 7662//6522
f 7662//6522 7663//6522 7661//6522
f 7644//6522 7661//6522 7663//6522
f 7663//6522 7646//6522 7644//6522
f 7664//6522 4688//6522 7665//6522
f 7665//6522 7666//6522 7664//6522
f 7662//6522 7664//6522 7666//6522
f 7666//6522 7663//6522 7662//6522
f 7666//6522 7665//6522 7351//6522
f 7351//6522 7648//6522 7666//6522
f 7663//6522 7666//6522 7648//6522
f 7648//6522 7646//6522 7663//6522
f 7667//6523 4349//6523 7668//6523
f 7668//6524 7669//6524 7667//6524
f 7670//6525 7667//6525 7669//6525
f 7669//6526 7671//6526 7670//6526
f 7669//6527 7668//6527 4661//6527
f 4661//6528 7651//6528 7669//6528
f 7671//6524 7669//6524 7651//6524
f 7651//6529 7654//6529 7671//6529
f 7672//6530 4356//6530 7673//6530
f 7673//6531 7674//6531 7672//6531
f 4668//6532 7672//6532 7674//6532
f 7674//6528 7657//6528 4668//6528
f 7674//6533 7673//6533 7670//6533
f 7670//6534 7671//6534 7674//6534
f 7657//6531 7674//6531 7671//6531
f 7671//6529 7654//6529 7657//6529
f 7675//6535 4365//6535 7676//6535
f 7676//6536 7677//6536 7675//6536
f 4677//6537 7675//6537 7677//6537
f 7677//6538 7660//6538 4677//6538
f 7677//6539 7676//6539 7678//6539
f 7678//6540 7679//6540 7677//6540
f 7660//6536 7677//6536 7679//6536
f 7679//6541 7662//6541 7660//6541
f 7680//6542 4376//6542 7681//6542
f 7681//6543 7682//6543 7680//6543
f 7678//6544 7680//6544 7682//6544
f 7682//6545 7679//6545 7678//6545
f 7682//6546 7681//6546 4688//6546
f 4688//6538 7664//6538 7682//6538
f 7679//6543 7682//6543 7664//6543
f 7664//6541 7662//6541 7679//6541
f 7683//6547 7622//6547 7621//6547
f 7621//6547 7684//6547 7683//6547
f 7355//6547 7683//6547 7684//6547
f 7684//6547 7353//6547 7355//6547
f 7684//6547 7621//6547 6556//6547
f 6556//6547 6555//6547 7684//6547
f 7353//6547 7684//6547 6555//6547
f 6555//6547 6554//6547 7353//6547
f 7361//6547 6559//6547 6560//6547
f 6560//6547 7685//6547 7361//6547
f 7355//6547 7361//6547 7685//6547
f 7685//6547 7683//6547 7355//6547
f 7685//6547 6560//6547 6562//6547
f 6562//6547 7625//6547 7685//6547
f 7683//6547 7685//6547 7625//6547
f 7625//6547 7622//6547 7683//6547
f 7628//6548 7631//6548 7686//6548
f 7686//6548 7687//6548 7628//6548
f 6568//6548 7628//6548 7687//6548
f 7687//6548 6566//6548 6568//6548
f 7687//6548 7686//6548 7365//6548
f 7365//6548 7362//6548 7687//6548
f 6566//6548 7687//6548 7362//6548
f 7362//6548 6565//6548 6566//6548
f 7686//6548 7631//6548 7634//6548
f 7634//6548 7688//6548 7686//6548
f 7365//6548 7686//6548 7688//6548
f 7688//6548 7368//6548 7365//6548
f 7688//6548 7634//6548 6574//6548
f 6574//6548 6573//6548 7688//6548
f 7368//6548 7688//6548 6573//6548
f 6573//6548 6572//6548 7368//6548
f 7334//6549 6519//6549 6520//6549
f 6520//6550 7636//6550 7334//6550
f 7336//6550 7334//6550 7636//6550
f 7636//6550 6520//6550 6523//6550
f 7338//6551 7341//6551 7640//6551
f 7640//6551 6531//6551 7338//6551
f 6530//6552 7338//6552 6531//6552
f 6531//6551 7640//6551 6532//6551
f 7343//6553 7346//6553 7643//6553
f 7643//6553 6540//6553 7343//6553
f 6539//6554 7343//6554 6540//6554
f 6540//6553 7643//6553 6541//6553
f 7349//6555 6546//6555 6547//6555
f 6547//6556 7649//6556 7349//6556
f 7351//6556 7349//6556 7649//6556
f 7649//6556 6547//6556 6550//6556
f 7689//6557 7313//6557 7337//6557
f 7337//6557 7652//6557 7689//6557
f 4661//6557 7689//6557 7652//6557
f 7652//6557 7337//6557 7336//6557
f 7690//6558 4668//6558 7656//6558
f 7656//6558 7342//6558 7690//6558
f 7319//6558 7690//6558 7342//6558
f 7342//6558 7656//6558 7341//6558
f 7691//6559 4677//6559 7659//6559
f 7659//6559 7347//6559 7691//6559
f 7325//6559 7691//6559 7347//6559
f 7347//6559 7659//6559 7346//6559
f 7692//6560 7331//6560 7352//6560
f 7352//6560 7665//6560 7692//6560
f 4688//6560 7692//6560 7665//6560
f 7665//6560 7352//6560 7351//6560
f 7689//6561 4661//6561 4657//6561
f 4657//6562 7314//6562 7689//6562
f 7313//6563 7689//6563 7314//6563
f 7314//6563 4657//6563 4656//6563
f 7690//6564 7319//6564 7320//6564
f 7320//6565 4664//6565 7690//6565
f 4668//6564 7690//6564 4664//6564
f 4664//6566 7320//6566 4665//6566
f 7691//6567 7325//6567 7326//6567
f 7326//6568 4673//6568 7691//6568
f 4677//6567 7691//6567 4673//6567
f 4673//6569 7326//6569 4674//6569
f 7692//6570 4688//6570 4684//6570
f 4684//6571 7332//6571 7692//6571
f 7331//6572 7692//6572 7332//6572
f 7332//6572 4684//6572 4683//6572
f 6276//3981 4349//3981 7693//3981
f 7693//3981 5604//3981 6276//3981
f 5603//3981 6276//3981 5604//3981
f 5604//3981 7693//3981 5608//3981
f 6280//3985 5612//3985 5611//3985
f 5611//3985 7694//3985 6280//3985
f 4356//3985 6280//3985 7694//3985
f 7694//3985 5611//3985 5615//3985
f 6283//3989 5621//3989 5620//3989
f 5620//3989 7695//3989 6283//3989
f 4365//3989 6283//3989 7695//3989
f 7695//3989 5620//3989 5624//3989
f 6285//3993 4376//3993 7696//3993
f 7696//3993 5631//3993 6285//3993
f 5630//3993 6285//3993 5631//3993
f 5631//3993 7696//3993 5635//3993
f 5638//3981 5608//3981 7693//3981
f 7693//3981 7697//3981 5638//3981
f 5641//3981 5638//3981 7697//3981
f 7697//3981 7693//3981 4349//3981
f 5644//3985 5646//3985 7698//3985
f 7698//3985 7694//3985 5644//3985
f 5615//3985 5644//3985 7694//3985
f 7694//3985 7698//3985 4356//3985
f 5650//3989 5652//3989 7699//3989
f 7699//3989 7695//3989 5650//3989
f 5624//3989 5650//3989 7695//3989
f 7695//3989 7699//3989 4365//3989
f 5656//3993 5635//3993 7696//3993
f 7696//3993 7700//3993 5656//3993
f 5659//3993 5656//3993 7700//3993
f 7700//3993 7696//3993 4376//3993
f 5686//6573 5665//6573 7701//6573
f 7701//6573 7702//6573 5686//6573
f 5689//6573 5686//6573 7702//6573
f 7702//6573 7701//6573 7670//6573
f 5692//6574 5694//6574 7703//6574
f 7703//6574 7704//6574 5692//6574
f 5670//6574 5692//6574 7704//6574
f 7704//6574 7703//6574 7670//6574
f 5698//6575 5700//6575 7705//6575
f 7705//6575 7706//6575 5698//6575
f 5676//6575 5698//6575 7706//6575
f 7706//6575 7705//6575 7678//6575
f 5704//6576 5683//6576 7707//6576
f 7707//6576 7708//6576 5704//6576
f 5707//6576 5704//6576 7708//6576
f 7708//6576 7707//6576 7678//6576
f 7702//6573 7670//6573 7709//6573
f 7709//6573 5710//6573 7702//6573
f 5689//6573 7702//6573 5710//6573
f 5710//6573 7709//6573 5713//6573
f 7703//6574 5694//6574 5716//6574
f 5716//6574 7709//6574 7703//6574
f 7670//6574 7703//6574 7709//6574
f 7709//6574 5716//6574 5713//6574
f 7705//6575 5700//6575 5719//6575
f 5719//6575 7710//6575 7705//6575
f 7678//6575 7705//6575 7710//6575
f 7710//6575 5719//6575 5721//6575
f 7708//6576 7678//6576 7710//6576
f 7710//6576 5725//6576 7708//6576
f 5707//6576 7708//6576 5725//6576
f 5725//6576 7710//6576 5721//6576
f 5662//3981 5641//3981 7697//3981
f 7697//6577 7711//6577 5662//6577
f 5665//4009 5662//4009 7711//4009
f 7711//6578 7701//6578 5665//6578
f 7711//6579 7697//6579 4349//6579
f 4349//6580 7667//6580 7711//6580
f 7701//6577 7711//6577 7667//6577
f 7667//6580 7670//6580 7701//6580
f 7698//3985 5646//3985 5668//3985
f 5668//6581 7712//6581 7698//6581
f 4356//6581 7698//6581 7712//6581
f 7712//6582 7673//6582 4356//6582
f 7712//4010 5668//4010 5670//4010
f 5670//6583 7704//6583 7712//6583
f 7673//6581 7712//6581 7704//6581
f 7704//6582 7670//6582 7673//6582
f 7699//3989 5652//3989 5674//3989
f 5674//6584 7713//6584 7699//6584
f 4365//6584 7699//6584 7713//6584
f 7713//6585 7676//6585 4365//6585
f 7713//4011 5674//4011 5676//4011
f 5676//6586 7706//6586 7713//6586
f 7676//6584 7713//6584 7706//6584
f 7706//6585 7678//6585 7676//6585
f 5680//3993 5659//3993 7700//3993
f 7700//6587 7714//6587 5680//6587
f 5683//4012 5680//4012 7714//4012
f 7714//6588 7707//6588 5683//6588
f 7714//6589 7700//6589 4376//6589
f 4376//6590 7680//6590 7714//6590
f 7707//6587 7714//6587 7680//6587
f 7680//6590 7678//6590 7707//6590
f 7715//6591 4663//6591 4662//6591
f 4662//6591 7668//6591 7715//6591
f 4349//6591 7715//6591 7668//6591
f 7668//6591 4662//6591 4661//6591
f 7716//6592 4356//6592 7672//6592
f 7672//6592 4669//6592 7716//6592
f 4672//6592 7716//6592 4669//6592
f 4669//6592 7672//6592 4668//6592
f 7717//6593 4365//6593 7675//6593
f 7675//6593 4678//6593 7717//6593
f 4681//6593 7717//6593 4678//6593
f 4678//6593 7675//6593 4677//6593
f 7718//6594 4690//6594 4689//6594
f 4689//6594 7681//6594 7718//6594
f 4376//6594 7718//6594 7681//6594
f 7681//6594 4689//6594 4688//6594
f 4695//6595 4663//6595 7715//6595
f 7715//6595 4345//6595 4695//6595
f 4344//6595 4695//6595 4345//6595
f 4345//6595 7715//6595 4349//6595
f 4698//6596 4353//6596 4352//6596
f 4352//6596 7716//6596 4698//6596
f 4672//6596 4698//6596 7716//6596
f 7716//6596 4352//6596 4356//6596
f 4703//6597 4362//6597 4361//6597
f 4361//6597 7717//6597 4703//6597
f 4681//6597 4703//6597 7717//6597
f 7717//6597 4361//6597 4365//6597
f 4710//6598 4690//6598 7718//6598
f 7718//6598 4372//6598 4710//6598
f 4371//6598 4710//6598 4372//6598
f 4372//6598 7718//6598 4376//6598
f 7719//6599 4351//6599 4350//6599
f 4350//6599 6275//6599 7719//6599
f 4101//6599 7719//6599 6275//6599
f 6275//6599 4350//6599 4349//6599
f 7720//6600 4108//6600 6278//6600
f 6278//6600 4357//6600 7720//6600
f 4360//6600 7720//6600 4357//6600
f 4357//6600 6278//6600 4356//6600
f 7721//6601 4117//6601 6281//6601
f 6281//6601 4366//6601 7721//6601
f 4369//6601 7721//6601 4366//6601
f 4366//6601 6281//6601 4365//6601
f 7722//6602 4378//6602 4377//6602
f 4377//6602 6284//6602 7722//6602
f 4128//6602 7722//6602 6284//6602
f 6284//6602 4377//6602 4376//6602
f 4383//6603 4351//6603 7719//6603
f 7719//6604 4097//6604 4383//6604
f 4096//6604 4383//6604 4097//6604
f 4097//6603 7719//6603 4101//6603
f 4386//6605 4105//6605 4104//6605
f 4104//6605 7720//6605 4386//6605
f 4360//6606 4386//6606 7720//6606
f 7720//6606 4104//6606 4108//6606
f 4391//6607 4114//6607 4113//6607
f 4113//6607 7721//6607 4391//6607
f 4369//6608 4391//6608 7721//6608
f 7721//6608 4113//6608 4117//6608
f 4398//6609 4378//6609 7722//6609
f 7722//6610 4124//6610 4398//6610
f 4123//6610 4398//6610 4124//6610
f 4124//6609 7722//6609 4128//6609
f 5541//6611 5544//6611 7723//6611
f 7723//6611 6981//6611 5541//6611
f 5540//6611 5541//6611 6981//6611
f 6981//6611 7723//6611 6955//6611
f 5552//6612 5551//6612 6982//6612
f 6982//6612 7724//6612 5552//6612
f 5553//6612 5552//6612 7724//6612
f 7724//6612 6982//6612 6959//6612
f 5559//6613 5558//6613 6983//6613
f 6983//6613 7725//6613 5559//6613
f 5544//6613 5559//6613 7725//6613
f 7725//6613 6983//6613 6963//6613
f 5565//6614 5553//6614 7726//6614
f 7726//6614 6984//6614 5565//6614
f 5564//6614 5565//6614 6984//6614
f 6984//6614 7726//6614 6967//6614
f 5518//6615 5517//6615 6956//6615
f 6956//6616 7727//6616 5518//6616
f 5520//6617 5518//6617 7727//6617
f 7727//6618 7728//6618 5520//6618
f 7727//6619 6956//6619 6955//6619
f 6955//6620 7723//6620 7727//6620
f 7728//6616 7727//6616 7723//6616
f 7723//6621 5544//6621 7728//6621
f 6960//6622 5523//6622 5522//6622
f 5522//6623 7729//6623 6960//6623
f 6959//6624 6960//6624 7729//6624
f 7729//6625 7724//6625 6959//6625
f 7729//6626 5522//6626 5526//6626
f 5526//6627 7730//6627 7729//6627
f 7724//6623 7729//6623 7730//6623
f 7730//6628 5553//6628 7724//6628
f 6964//6629 5529//6629 5528//6629
f 5528//6630 7731//6630 6964//6630
f 6963//6631 6964//6631 7731//6631
f 7731//6632 7725//6632 6963//6632
f 7731//6633 5528//6633 5520//6633
f 5520//6634 7728//6634 7731//6634
f 7725//6630 7731//6630 7728//6630
f 7728//6635 5544//6635 7725//6635
f 5534//6636 5533//6636 6968//6636
f 6968//6637 7732//6637 5534//6637
f 5526//6638 5534//6638 7732//6638
f 7732//6639 7730//6639 5526//6639
f 7732//6640 6968//6640 6967//6640
f 6967//6641 7726//6641 7732//6641
f 7730//6637 7732//6637 7726//6637
f 7726//6642 5553//6642 7730//6642
f 5516//4069 5487//4069 6237//4069
f 6237//4069 5800//4069 5516//4069
f 5517//4069 5516//4069 5800//4069
f 5800//4069 6237//4069 5778//4069
f 5524//4071 5523//4071 5805//4071
f 5805//4071 6239//4071 5524//4071
f 5496//4071 5524//4071 6239//4071
f 6239//4071 5805//4071 5785//4071
f 5530//4073 5529//4073 5810//4073
f 5810//4073 6241//4073 5530//4073
f 5505//4073 5530//4073 6241//4073
f 6241//4073 5810//4073 5791//4073
f 5532//4075 5511//4075 6243//4075
f 6243//4075 5815//4075 5532//4075
f 5533//4075 5532//4075 5815//4075
f 5815//4075 6243//4075 5796//4075
f 7733//6643 3785//6643 7734//6643
f 7734//6643 6219//6643 7733//6643
f 5490//6643 7733//6643 6219//6643
f 6219//6643 7734//6643 6218//6643
f 7735//6644 5501//6644 6225//6644
f 6225//6644 7736//6644 7735//6644
f 3792//6644 7735//6644 7736//6644
f 7736//6644 6225//6644 6224//6644
f 7737//6645 5508//6645 6230//6645
f 6230//6645 7738//6645 7737//6645
f 3801//6645 7737//6645 7738//6645
f 7738//6645 6230//6645 6229//6645
f 7739//6646 3812//6646 7740//6646
f 7740//6646 6234//6646 7739//6646
f 5514//6646 7739//6646 6234//6646
f 6234//6646 7740//6646 6233//6646
f 7741//6647 6218//6647 7734//6647
f 7734//6648 7742//6648 7741//6648
f 3917//6649 7741//6649 7742//6649
f 7742//6650 3918//6650 3917//6650
f 7742//6651 7734//6651 3785//6651
f 3785//6652 3781//6652 7742//6652
f 3918//6648 7742//6648 3781//6648
f 3781//6653 3780//6653 3918//6653
f 7736//6654 6224//6654 7743//6654
f 7743//6655 7744//6655 7736//6655
f 3792//6656 7736//6656 7744//6656
f 7744//6657 3788//6657 3792//6657
f 7744//6658 7743//6658 3923//6658
f 3923//6659 3924//6659 7744//6659
f 3788//6655 7744//6655 3924//6655
f 3924//6660 3789//6660 3788//6660
f 7738//6661 6229//6661 7745//6661
f 7745//6662 7746//6662 7738//6662
f 3801//6663 7738//6663 7746//6663
f 7746//6664 3797//6664 3801//6664
f 7746//6665 7745//6665 3931//6665
f 3931//6666 3932//6666 7746//6666
f 3797//6662 7746//6662 3932//6662
f 3932//6667 3798//6667 3797//6667
f 7747//6668 6233//6668 7740//6668
f 7740//6669 7748//6669 7747//6669
f 3941//6670 7747//6670 7748//6670
f 7748//6671 3942//6671 3941//6671
f 7748//6672 7740//6672 3812//6672
f 3812//6673 3808//6673 7748//6673
f 3942//6669 7748//6669 3808//6669
f 3808//6674 3807//6674 3942//6674
f 7741//6675 3917//6675 7749//6675
f 7749//6675 6946//6675 7741//6675
f 6218//6675 7741//6675 6946//6675
f 6946//6675 7749//6675 6931//6675
f 7743//6676 6224//6676 6948//6676
f 6948//6676 7750//6676 7743//6676
f 3923//6676 7743//6676 7750//6676
f 7750//6676 6948//6676 6935//6676
f 7745//6677 6229//6677 6950//6677
f 6950//6677 7751//6677 7745//6677
f 3931//6677 7745//6677 7751//6677
f 7751//6677 6950//6677 6939//6677
f 7747//6678 3941//6678 7752//6678
f 7752//6678 6952//6678 7747//6678
f 6233//6678 7747//6678 6952//6678
f 6952//6678 7752//6678 6943//6678
f 3913//6679 3912//6679 4135//6679
f 4135//6680 7753//6680 3913//6680
f 3917//6681 3913//6681 7753//6681
f 7753//6682 7749//6682 3917//6682
f 7753//6683 4135//6683 4103//6683
f 4103//6684 7754//6684 7753//6684
f 7749//6680 7753//6680 7754//6680
f 7754//6685 6931//6685 7749//6685
f 4138//6686 3920//6686 3919//6686
f 3919//6687 7755//6687 4138//6687
f 4112//6688 4138//6688 7755//6688
f 7755//6689 7756//6689 4112//6689
f 7755//6690 3919//6690 3923//6690
f 3923//6691 7750//6691 7755//6691
f 7756//6687 7755//6687 7750//6687
f 7750//6692 6935//6692 7756//6692
f 4143//6693 3928//6693 3927//6693
f 3927//6694 7757//6694 4143//6694
f 4121//6695 4143//6695 7757//6695
f 7757//6696 7758//6696 4121//6696
f 7757//6697 3927//6697 3931//6697
f 3931//6698 7751//6698 7757//6698
f 7758//6694 7757//6694 7751//6694
f 7751//6699 6939//6699 7758//6699
f 3937//6700 3936//6700 4150//6700
f 4150//6701 7759//6701 3937//6701
f 3941//6702 3937//6702 7759//6702
f 7759//6703 7752//6703 3941//6703
f 7759//6704 4150//6704 4130//6704
f 4130//6705 7760//6705 7759//6705
f 7752//6701 7759//6701 7760//6701
f 7760//6706 6943//6706 7752//6706
f 4102//6707 4101//6707 6929//6707
f 6929//6707 7754//6707 4102//6707
f 4103//6707 4102//6707 7754//6707
f 7754//6707 6929//6707 6931//6707
f 4109//6708 4112//6708 7756//6708
f 7756//6708 6933//6708 4109//6708
f 4108//6708 4109//6708 6933//6708
f 6933//6708 7756//6708 6935//6708
f 4118//6709 4121//6709 7758//6709
f 7758//6709 6937//6709 4118//6709
f 4117//6709 4118//6709 6937//6709
f 6937//6709 7758//6709 6939//6709
f 4129//6710 4128//6710 6941//6710
f 6941//6710 7760//6710 4129//6710
f 4130//6710 4129//6710 7760//6710
f 7760//6710 6941//6710 6943//6710
f 6783//6711 6764//6711 7761//6711
f 7761//6712 7762//6712 6783//6712
f 3892//6713 6783//6713 7762//6713
f 7762//6714 3890//6714 3892//6714
f 7762//6715 7761//6715 4028//6715
f 4028//6716 4027//6716 7762//6716
f 3890//6712 7762//6712 4027//6712
f 4027//6717 3889//6717 3890//6717
f 7763//6718 6770//6718 6789//6718
f 6789//6719 7764//6719 7763//6719
f 4034//6720 7763//6720 7764//6720
f 7764//6721 4031//6721 4034//6721
f 7764//6722 6789//6722 3898//6722
f 3898//6723 3897//6723 7764//6723
f 4031//6719 7764//6719 3897//6719
f 3897//6724 3896//6724 4031//6724
f 7765//6725 6776//6725 6794//6725
f 6794//6726 7766//6726 7765//6726
f 4040//6727 7765//6727 7766//6727
f 7766//6728 4037//6728 4040//6728
f 7766//6729 6794//6729 3904//6729
f 3904//6730 3903//6730 7766//6730
f 4037//6726 7766//6726 3903//6726
f 3903//6731 3902//6731 4037//6731
f 6796//6732 6780//6732 7767//6732
f 7767//6733 7768//6733 6796//6733
f 3910//6734 6796//6734 7768//6734
f 7768//6735 3908//6735 3910//6735
f 7768//6736 7767//6736 4046//6736
f 4046//6737 4045//6737 7768//6737
f 3908//6733 7768//6733 4045//6733
f 4045//6738 3907//6738 3908//6738
f 7533//6739 4052//6739 4051//6739
f 4051//6740 7769//6740 7533//6740
f 6744//6741 7533//6741 7769//6741
f 7769//6742 6763//6742 6744//6742
f 7769//6743 4051//6743 4028//6743
f 4028//6744 7761//6744 7769//6744
f 6763//6740 7769//6740 7761//6740
f 7761//6745 6764//6745 6763//6745
f 4055//6746 4058//6746 7534//6746
f 7534//6747 7770//6747 4055//6747
f 4034//6748 4055//6748 7770//6748
f 7770//6749 7763//6749 4034//6749
f 7770//6750 7534//6750 6750//6750
f 6750//6751 6771//6751 7770//6751
f 7763//6747 7770//6747 6771//6747
f 6771//6752 6770//6752 7763//6752
f 4061//6753 4064//6753 7535//6753
f 7535//6754 7771//6754 4061//6754
f 4040//6755 4061//6755 7771//6755
f 7771//6756 7765//6756 4040//6756
f 7771//6757 7535//6757 6756//6757
f 6756//6758 6777//6758 7771//6758
f 7765//6754 7771//6754 6777//6754
f 6777//6759 6776//6759 7765//6759
f 7536//6760 4070//6760 4069//6760
f 4069//6761 7772//6761 7536//6761
f 6760//6762 7536//6762 7772//6762
f 7772//6763 6779//6763 6760//6763
f 7772//6764 4069//6764 4046//6764
f 4046//6765 7767//6765 7772//6765
f 6779//6761 7772//6761 7767//6761
f 7767//6766 6780//6766 6779//6766
f 6997//6767 6681//6767 7001//6767
f 7001//6768 7773//6768 6997//6768
f 4324//6769 6997//6769 7773//6769
f 7773//6770 4322//6770 4324//6770
f 7773//6771 7001//6771 4612//6771
f 4612//6772 4611//6772 7773//6772
f 4322//6768 7773//6768 4611//6768
f 4611//6773 4321//6773 4322//6773
f 7004//6774 6692//6774 6998//6774
f 6998//6775 7774//6775 7004//6775
f 4618//6776 7004//6776 7774//6776
f 7774//6777 4615//6777 4618//6777
f 7774//6778 6998//6778 4330//6778
f 4330//6779 4329//6779 7774//6779
f 4615//6775 7774//6775 4329//6775
f 4329//6780 4328//6780 4615//6780
f 7006//6781 6699//6781 6999//6781
f 6999//6782 7775//6782 7006//6782
f 4624//6783 7006//6783 7775//6783
f 7775//6784 4621//6784 4624//6784
f 7775//6785 6999//6785 4336//6785
f 4336//6786 4335//6786 7775//6786
f 4621//6782 7775//6782 4335//6782
f 4335//6787 4334//6787 4621//6787
f 7000//6788 6705//6788 7007//6788
f 7007//6789 7776//6789 7000//6789
f 4342//6790 7000//6790 7776//6790
f 7776//6791 4340//6791 4342//6791
f 7776//6792 7007//6792 4630//6792
f 4630//6793 4629//6793 7776//6793
f 4340//6789 7776//6789 4629//6789
f 4629//6794 4339//6794 4340//6794
f 6661//6795 6642//6795 6641//6795
f 6641//6796 7777//6796 6661//6796
f 4636//6797 6661//6797 7777//6797
f 7777//6798 4634//6798 4636//6798
f 7777//6799 6641//6799 4988//6799
f 4988//6800 4987//6800 7777//6800
f 4634//6796 7777//6796 4987//6796
f 4987//6801 4633//6801 4634//6801
f 6649//6802 6648//6802 6667//6802
f 6667//6803 7778//6803 6649//6803
f 4994//6804 6649//6804 7778//6804
f 7778//6805 4991//6805 4994//6805
f 7778//6806 6667//6806 4642//6806
f 4642//6807 4641//6807 7778//6807
f 4991//6803 7778//6803 4641//6803
f 4641//6808 4640//6808 4991//6808
f 6655//6809 6654//6809 6672//6809
f 6672//6810 7779//6810 6655//6810
f 5000//6811 6655//6811 7779//6811
f 7779//6812 4997//6812 5000//6812
f 7779//6813 6672//6813 4648//6813
f 4648//6814 4647//6814 7779//6814
f 4997//6810 7779//6810 4647//6810
f 4647//6815 4646//6815 4997//6815
f 6674//6816 6658//6816 6657//6816
f 6657//6817 7780//6817 6674//6817
f 4654//6818 6674//6818 7780//6818
f 7780//6819 4652//6819 4654//6819
f 7780//6820 6657//6820 5006//6820
f 5006//6821 5005//6821 7780//6821
f 4652//6817 7780//6817 5005//6817
f 5005//6822 4651//6822 4652//6822
f 7733//6823 5490//6823 7556//6823
f 7556//6824 7781//6824 7733//6824
f 3785//6825 7733//6825 7781//6825
f 7781//6826 3786//6826 3785//6826
f 7781//6827 7556//6827 3820//6827
f 3820//6828 3819//6828 7781//6828
f 3786//6824 7781//6824 3819//6824
f 3819//6829 3787//6829 3786//6829
f 7558//6830 5501//6830 7735//6830
f 7735//6831 7782//6831 7558//6831
f 3826//6832 7558//6832 7782//6832
f 7782//6833 3823//6833 3826//6833
f 7782//6834 7735//6834 3792//6834
f 3792//6835 3793//6835 7782//6835
f 3823//6831 7782//6831 3793//6831
f 3793//6836 3796//6836 3823//6836
f 7560//6837 5508//6837 7737//6837
f 7737//6838 7783//6838 7560//6838
f 3832//6839 7560//6839 7783//6839
f 7783//6840 3829//6840 3832//6840
f 7783//6841 7737//6841 3801//6841
f 3801//6842 3802//6842 7783//6842
f 3829//6838 7783//6838 3802//6838
f 3802//6843 3805//6843 3829//6843
f 7739//6844 5514//6844 7562//6844
f 7562//6845 7784//6845 7739//6845
f 3812//6846 7739//6846 7784//6846
f 7784//6847 3813//6847 3812//6847
f 7784//6848 7562//6848 3838//6848
f 3838//6849 3837//6849 7784//6849
f 3813//6845 7784//6845 3837//6845
f 3837//6850 3814//6850 3813//6850
f 7482//6851 6902//6851 7227//6851
f 7227//6852 7785//6852 7482//6852
f 7465//6853 7482//6853 7785//6853
f 7785//6854 7580//6854 7465//6854
f 7785//6855 7227//6855 4825//6855
f 4825//6856 4839//6856 7785//6856
f 7580//6852 7785//6852 4839//6852
f 4839//6857 4841//6857 7580//6857
f 7230//6858 6907//6858 7484//6858
f 7484//6859 7786//6859 7230//6859
f 4829//6860 7230//6860 7786//6860
f 7786//6861 4843//6861 4829//6861
f 7786//6862 7484//6862 7470//6862
f 7470//6863 7582//6863 7786//6863
f 4843//6859 7786//6859 7582//6859
f 7582//6864 4845//6864 4843//6864
f 7233//6865 6912//6865 7486//6865
f 7486//6866 7787//6866 7233//6866
f 4833//6867 7233//6867 7787//6867
f 7787//6868 4847//6868 4833//6868
f 7787//6869 7486//6869 7475//6869
f 7475//6870 7584//6870 7787//6870
f 4847//6866 7787//6866 7584//6866
f 7584//6871 4849//6871 4847//6871
f 7488//6872 6917//6872 7236//6872
f 7236//6873 7788//6873 7488//6873
f 7480//6874 7488//6874 7788//6874
f 7788//6875 7586//6875 7480//6875
f 7788//6876 7236//6876 4837//6876
f 4837//6877 4851//6877 7788//6877
f 7586//6873 7788//6873 4851//6873
f 4851//6878 4853//6878 7586//6878
f 7463//6879 7465//6879 7579//6879
f 7579//6880 7789//6880 7463//6880
f 7211//6881 7463//6881 7789//6881
f 7789//6882 7575//6882 7211//6882
f 7789//6883 7579//6883 4857//6883
f 4857//6884 4871//6884 7789//6884
f 7575//6880 7789//6880 4871//6880
f 4871//6885 4873//6885 7575//6885
f 7581//6886 7470//6886 7469//6886
f 7469//6887 7790//6887 7581//6887
f 4861//6888 7581//6888 7790//6888
f 7790//6889 4875//6889 4861//6889
f 7790//6890 7469//6890 7215//6890
f 7215//6891 7576//6891 7790//6891
f 4875//6887 7790//6887 7576//6887
f 7576//6892 4877//6892 4875//6892
f 7583//6893 7475//6893 7474//6893
f 7474//6894 7791//6894 7583//6894
f 4865//6895 7583//6895 7791//6895
f 7791//6896 4879//6896 4865//6896
f 7791//6897 7474//6897 7219//6897
f 7219//6898 7577//6898 7791//6898
f 4879//6894 7791//6894 7577//6894
f 7577//6899 4881//6899 4879//6899
f 7478//6900 7480//6900 7585//6900
f 7585//6901 7792//6901 7478//6901
f 7223//6902 7478//6902 7792//6902
f 7792//6903 7578//6903 7223//6903
f 7792//6904 7585//6904 4869//6904
f 4869//6905 4883//6905 7792//6905
f 7578//6901 7792//6901 4883//6901
f 4883//6906 4885//6906 7578//6906
f 7436//6907 7189//6907 7190//6907
f 7190//6908 7793//6908 7436//6908
f 7418//6909 7436//6909 7793//6909
f 7793//6910 7568//6910 7418//6910
f 7793//6911 7190//6911 4921//6911
f 4921//6912 4935//6912 7793//6912
f 7568//6908 7793//6908 4935//6908
f 4935//6913 4937//6913 7568//6913
f 7196//6914 7195//6914 7440//6914
f 7440//6915 7794//6915 7196//6915
f 4925//6916 7196//6916 7794//6916
f 7794//6917 4939//6917 4925//6917
f 7794//6918 7440//6918 7422//6918
f 7422//6919 7569//6919 7794//6919
f 4939//6915 7794//6915 7569//6915
f 7569//6920 4941//6920 4939//6920
f 7202//6921 7201//6921 7444//6921
f 7444//6922 7795//6922 7202//6922
f 4929//6923 7202//6923 7795//6923
f 7795//6924 4943//6924 4929//6924
f 7795//6925 7444//6925 7426//6925
f 7426//6926 7571//6926 7795//6926
f 4943//6922 7795//6922 7571//6922
f 7571//6927 4945//6927 4943//6927
f 7448//6928 7207//6928 7208//6928
f 7208//6929 7796//6929 7448//6929
f 7430//6930 7448//6930 7796//6930
f 7796//6931 7574//6931 7430//6931
f 7796//6932 7208//6932 4933//6932
f 4933//6933 4947//6933 7796//6933
f 7574//6929 7796//6929 4947//6929
f 4947//6934 4949//6934 7574//6934
f 7419//6935 7418//6935 7567//6935
f 7567//6936 7797//6936 7419//6936
f 7401//6937 7419//6937 7797//6937
f 7797//6938 7563//6938 7401//6938
f 7797//6939 7567//6939 4953//6939
f 4953//6940 4967//6940 7797//6940
f 7563//6936 7797//6936 4967//6936
f 4967//6941 4969//6941 7563//6941
f 7570//6942 7422//6942 7421//6942
f 7421//6943 7798//6943 7570//6943
f 4957//6944 7570//6944 7798//6944
f 7798//6945 4971//6945 4957//6945
f 7798//6946 7421//6946 7406//6946
f 7406//6947 7564//6947 7798//6947
f 4971//6943 7798//6943 7564//6943
f 7564//6948 4973//6948 4971//6948
f 7572//6949 7426//6949 7425//6949
f 7425//6950 7799//6950 7572//6950
f 4961//6951 7572//6951 7799//6951
f 7799//6952 4975//6952 4961//6952
f 7799//6953 7425//6953 7411//6953
f 7411//6954 7565//6954 7799//6954
f 4975//6950 7799//6950 7565//6950
f 7565//6955 4977//6955 4975//6955
f 7431//6956 7430//6956 7573//6956
f 7573//6957 7800//6957 7431//6957
f 7416//6958 7431//6958 7800//6958
f 7800//6959 7566//6959 7416//6959
f 7800//6960 7573//6960 4965//6960
f 4965//6961 4979//6961 7800//6961
f 7566//6957 7800//6957 4979//6957
f 4979//6962 4981//6962 7566//6962
f 2775//6963 2774//6963 7389//6963
f 7389//6964 7801//6964 2775//6964
f 2779//6965 2775//6965 7801//6965
f 7801//6966 7802//6966 2779//6966
f 7801//6967 7389//6967 2740//6967
f 2740//6968 5567//6968 7801//6968
f 7802//6964 7801//6964 5567//6964
f 5567//6969 5568//6969 7802//6969
f 7391//6970 2783//6970 2782//6970
f 2782//6971 7803//6971 7391//6971
f 2745//6972 7391//6972 7803//6972
f 7803//6973 5569//6973 2745//6973
f 7803//6974 2782//6974 2786//6974
f 2786//6975 7804//6975 7803//6975
f 5569//6971 7803//6971 7804//6971
f 7804//6976 5571//6976 5569//6976
f 7393//6977 2792//6977 2791//6977
f 2791//6978 7805//6978 7393//6978
f 2751//6979 7393//6979 7805//6979
f 7805//6980 5572//6980 2751//6980
f 7805//6981 2791//6981 2795//6981
f 2795//6982 7806//6982 7805//6982
f 5572//6978 7805//6978 7806//6978
f 7806//6983 5574//6983 5572//6983
f 2802//6984 2801//6984 7395//6984
f 7395//6985 7807//6985 2802//6985
f 2806//6986 2802//6986 7807//6986
f 7807//6987 7808//6987 2806//6987
f 7807//6988 7395//6988 2758//6988
f 2758//6989 5576//6989 7807//6989
f 7808//6985 7807//6985 5576//6985
f 5576//6990 5577//6990 7808//6990
f 2280//6991 1956//6991 1953//6991
f 1953//6992 7809//6992 2280//6992
f 2284//6993 2280//6993 7809//6993
f 7809//6994 7810//6994 2284//6994
f 7809//6995 1953//6995 1952//6995
f 1952//6996 7397//6996 7809//6996
f 7810//6992 7809//6992 7397//6992
f 7397//6997 5568//6997 7810//6997
f 1960//6998 1962//6998 2287//6998
f 2287//6999 7811//6999 1960//6999
f 1961//7000 1960//7000 7811//7000
f 7811//7001 7402//7001 1961//7001
f 7811//7002 2287//7002 2290//7002
f 2290//7003 7812//7003 7811//7003
f 7402//6999 7811//6999 7812//6999
f 7812//7004 5571//7004 7402//7004
f 1966//7005 1968//7005 2295//7005
f 2295//7006 7813//7006 1966//7006
f 1967//7007 1966//7007 7813//7007
f 7813//7008 7407//7008 1967//7008
f 7813//7009 2295//7009 2298//7009
f 2298//7010 7814//7010 7813//7010
f 7407//7006 7813//7006 7814//7006
f 7814//7011 5574//7011 7407//7011
f 2304//7012 1974//7012 1971//7012
f 1971//7013 7815//7013 2304//7013
f 2308//7014 2304//7014 7815//7014
f 7815//7015 7816//7015 2308//7015
f 7815//7016 1971//7016 1970//7016
f 1970//7017 7412//7017 7815//7017
f 7816//7013 7815//7013 7412//7013
f 7412//7018 5577//7018 7816//7018
f 2713//7019 2313//7019 2311//7019
f 2311//7020 7817//7020 2713//7020
f 2716//7021 2713//7021 7817//7021
f 7817//7022 5566//7022 2716//7022
f 7817//7023 2311//7023 2284//7023
f 2284//7024 7810//7024 7817//7024
f 5566//7020 7817//7020 7810//7020
f 7810//7025 5568//7025 5566//7025
f 2315//7026 2316//7026 2719//7026
f 2719//7027 7818//7027 2315//7027
f 2290//7028 2315//7028 7818//7028
f 7818//7029 7812//7029 2290//7029
f 7818//7030 2719//7030 2721//7030
f 2721//7031 5570//7031 7818//7031
f 7812//7027 7818//7027 5570//7027
f 5570//7032 5571//7032 7812//7032
f 2318//7033 2319//7033 2725//7033
f 2725//7034 7819//7034 2318//7034
f 2298//7035 2318//7035 7819//7035
f 7819//7036 7814//7036 2298//7036
f 7819//7037 2725//7037 2727//7037
f 2727//7038 5573//7038 7819//7038
f 7814//7034 7819//7034 5573//7034
f 5573//7039 5574//7039 7814//7039
f 2731//7040 2322//7040 2320//7040
f 2320//7041 7820//7041 2731//7041
f 2734//7042 2731//7042 7820//7042
f 7820//7043 5575//7043 2734//7043
f 7820//7044 2320//7044 2308//7044
f 2308//7045 7816//7045 7820//7045
f 5575//7041 7820//7041 7816//7041
f 7816//7046 5577//7046 5575//7046
f 2857//7047 2824//7047 2821//7047
f 2821//7048 7821//7048 2857//7048
f 2860//7049 2857//7049 7821//7049
f 7821//7050 7822//7050 2860//7050
f 7821//7051 2821//7051 2779//7051
f 2779//7052 7802//7052 7821//7052
f 7822//7048 7821//7048 7802//7048
f 7802//7053 5568//7053 7822//7053
f 2827//7054 2829//7054 2863//7054
f 2863//7055 7823//7055 2827//7055
f 2786//7056 2827//7056 7823//7056
f 7823//7057 7804//7057 2786//7057
f 7823//7058 2863//7058 2865//7058
f 2865//7059 7824//7059 7823//7059
f 7804//7055 7823//7055 7824//7055
f 7824//7060 5571//7060 7804//7060
f 2833//7061 2835//7061 2869//7061
f 2869//7062 7825//7062 2833//7062
f 2795//7063 2833//7063 7825//7063
f 7825//7064 7806//7064 2795//7064
f 7825//7065 2869//7065 2871//7065
f 2871//7066 7826//7066 7825//7066
f 7806//7062 7825//7062 7826//7062
f 7826//7067 5574//7067 7806//7067
f 2875//7068 2842//7068 2839//7068
f 2839//7069 7827//7069 2875//7069
f 2878//7070 2875//7070 7827//7070
f 7827//7071 7828//7071 2878//7071
f 7827//7072 2839//7072 2806//7072
f 2806//7073 7808//7073 7827//7073
f 7828//7069 7827//7069 7808//7069
f 7808//7074 5577//7074 7828//7074
f 2929//7075 2908//7075 2905//7075
f 2905//7076 7829//7076 2929//7076
f 2932//7077 2929//7077 7829//7077
f 7829//7078 7830//7078 2932//7078
f 7829//7079 2905//7079 2860//7079
f 2860//7080 7822//7080 7829//7080
f 7830//7076 7829//7076 7822//7076
f 7822//7076 5568//7076 7830//7076
f 2911//7081 2913//7081 2935//7081
f 2935//7082 7831//7082 2911//7082
f 2865//7083 2911//7083 7831//7083
f 7831//7084 7824//7084 2865//7084
f 7831//7085 2935//7085 2937//7085
f 2937//7086 7832//7086 7831//7086
f 7824//7082 7831//7082 7832//7082
f 7832//7082 5571//7082 7824//7082
f 2917//7087 2919//7087 2941//7087
f 2941//7088 7833//7088 2917//7088
f 2871//7089 2917//7089 7833//7089
f 7833//7090 7826//7090 2871//7090
f 7833//7091 2941//7091 2943//7091
f 2943//7092 7834//7092 7833//7092
f 7826//7088 7833//7088 7834//7088
f 7834//7088 5574//7088 7826//7088
f 2947//7093 2926//7093 2923//7093
f 2923//7094 7835//7094 2947//7094
f 2950//7095 2947//7095 7835//7095
f 7835//7096 7836//7096 2950//7096
f 7835//7097 2923//7097 2878//7097
f 2878//7098 7828//7098 7835//7098
f 7836//7094 7835//7094 7828//7094
f 7828//7094 5577//7094 7836//7094
f 2977//7099 2956//7099 2953//7099
f 2953//7100 7837//7100 2977//7100
f 2324//7101 2977//7101 7837//7101
f 7837//7102 7838//7102 2324//7102
f 7837//7103 2953//7103 2932//7103
f 2932//7104 7830//7104 7837//7104
f 7838//7100 7837//7100 7830//7100
f 7830//7105 5568//7105 7838//7105
f 2959//7106 2961//7106 2982//7106
f 2982//7107 7839//7107 2959//7107
f 2937//7108 2959//7108 7839//7108
f 7839//7109 7832//7109 2937//7109
f 7839//7110 2982//7110 2333//7110
f 2333//7111 7840//7111 7839//7111
f 7832//7107 7839//7107 7840//7107
f 7840//7112 5571//7112 7832//7112
f 2965//7113 2967//7113 2987//7113
f 2987//7114 7841//7114 2965//7114
f 2943//7115 2965//7115 7841//7115
f 7841//7116 7834//7116 2943//7116
f 7841//7117 2987//7117 2339//7117
f 2339//7118 7842//7118 7841//7118
f 7834//7114 7841//7114 7842//7114
f 7842//7119 5574//7119 7834//7119
f 2992//7120 2974//7120 2971//7120
f 2971//7121 7843//7121 2992//7121
f 2342//7122 2992//7122 7843//7122
f 7843//7123 7844//7123 2342//7123
f 7843//7124 2971//7124 2950//7124
f 2950//7125 7836//7125 7843//7125
f 7844//7121 7843//7121 7836//7121
f 7836//7126 5577//7126 7844//7126
f 7838//7127 5568//7127 7845//7127
f 7845//7128 7846//7128 7838//7128
f 2324//7129 7838//7129 7846//7129
f 7846//7130 2325//7130 2324//7130
f 7846//7131 7845//7131 2350//7131
f 2350//7132 2347//7132 7846//7132
f 2325//7128 7846//7128 2347//7128
f 2347//7133 2328//7133 2325//7133
f 7847//7134 5571//7134 7840//7134
f 7840//7135 7848//7135 7847//7135
f 2355//7136 7847//7136 7848//7136
f 7848//7137 2353//7137 2355//7137
f 7848//7138 7840//7138 2333//7138
f 2333//7139 2332//7139 7848//7139
f 2353//7135 7848//7135 2332//7135
f 2332//7140 2334//7140 2353//7140
f 7849//7141 5574//7141 7842//7141
f 7842//7142 7850//7142 7849//7142
f 2361//7143 7849//7143 7850//7143
f 7850//7144 2359//7144 2361//7144
f 7850//7145 7842//7145 2339//7145
f 2339//7146 2338//7146 7850//7146
f 2359//7142 7850//7142 2338//7142
f 2338//7147 2340//7147 2359//7147
f 7844//7148 5577//7148 7851//7148
f 7851//7149 7852//7149 7844//7149
f 2342//7150 7844//7150 7852//7150
f 7852//7151 2343//7151 2342//7151
f 7852//7152 7851//7152 2368//7152
f 2368//7153 2365//7153 7852//7153
f 2343//7149 7852//7149 2365//7149
f 2365//7154 2346//7154 2343//7154
f 7845//7155 5568//7155 7853//7155
f 7853//7156 7854//7156 7845//7156
f 2350//7157 7845//7157 7854//7157
f 7854//7158 7855//7158 2350//7158
f 7854//7159 7853//7159 1980//7159
f 1980//7160 1977//7160 7854//7160
f 7855//7156 7854//7156 1977//7156
f 1977//7161 1976//7161 7855//7161
f 7856//7162 5571//7162 7847//7162
f 7847//7163 7857//7163 7856//7163
f 1986//7164 7856//7164 7857//7164
f 7857//7165 1984//7165 1986//7165
f 7857//7166 7847//7166 2355//7166
f 2355//7167 7858//7167 7857//7167
f 1984//7163 7857//7163 7858//7163
f 7858//7168 1985//7168 1984//7168
f 7859//7169 5574//7169 7849//7169
f 7849//7170 7860//7170 7859//7170
f 1992//7171 7859//7171 7860//7171
f 7860//7172 1990//7172 1992//7172
f 7860//7173 7849//7173 2361//7173
f 2361//7174 7861//7174 7860//7174
f 1990//7170 7860//7170 7861//7170
f 7861//7175 1991//7175 1990//7175
f 7851//7176 5577//7176 7862//7176
f 7862//7177 7863//7177 7851//7177
f 2368//7178 7851//7178 7863//7178
f 7863//7179 7864//7179 2368//7179
f 7863//7180 7862//7180 1998//7180
f 1998//7181 1995//7181 7863//7181
f 7864//7177 7863//7177 1995//7177
f 1995//7182 1994//7182 7864//7182
f 7865//7183 7866//7183 7867//7183
f 7867//7184 7868//7184 7865//7184
f 7516//7185 7865//7185 7868//7185
f 7868//7186 7513//7186 7516//7186
f 7868//7187 7867//7187 1980//7187
f 1980//7188 7853//7188 7868//7188
f 7513//7184 7868//7184 7853//7184
f 7853//7189 5568//7189 7513//7189
f 7869//7190 7870//7190 7871//7190
f 7871//7191 7872//7191 7869//7191
f 1986//7192 7869//7192 7872//7192
f 7872//7193 7856//7193 1986//7193
f 7872//7194 7871//7194 7519//7194
f 7519//7195 7518//7195 7872//7195
f 7856//7191 7872//7191 7518//7191
f 7518//7196 5571//7196 7856//7196
f 7873//7197 7874//7197 7875//7197
f 7875//7198 7876//7198 7873//7198
f 1992//7199 7873//7199 7876//7199
f 7876//7200 7859//7200 1992//7200
f 7876//7201 7875//7201 7516//7201
f 7516//7202 7523//7202 7876//7202
f 7859//7198 7876//7198 7523//7198
f 7523//7203 5574//7203 7859//7203
f 7877//7204 7878//7204 7879//7204
f 7879//7205 7880//7205 7877//7205
f 7519//7206 7877//7206 7880//7206
f 7880//7207 7525//7207 7519//7207
f 7880//7208 7879//7208 1998//7208
f 1998//7209 7862//7209 7880//7209
f 7525//7205 7880//7205 7862//7205
f 7862//7210 5577//7210 7525//7210
f 1978//7211 1980//7211 7867//7211
f 7867//7212 7881//7212 1978//7212
f 1979//7213 1978//7213 7881//7213
f 7881//7214 2377//7214 1979//7214
f 7881//7215 7867//7215 7866//7215
f 7866//7216 7882//7216 7881//7216
f 2377//7212 7881//7212 7882//7212
f 7882//7217 2378//7217 2377//7217
f 7869//7218 1986//7218 1983//7218
f 1983//7219 7883//7219 7869//7219
f 7870//7220 7869//7220 7883//7220
f 7883//7221 7884//7221 7870//7221
f 7883//7222 1983//7222 1982//7222
f 1982//7223 2383//7223 7883//7223
f 7884//7219 7883//7219 2383//7219
f 2383//7224 2386//7224 7884//7224
f 7873//7225 1992//7225 1989//7225
f 1989//7226 7885//7226 7873//7226
f 7874//7227 7873//7227 7885//7227
f 7885//7228 7886//7228 7874//7228
f 7885//7229 1989//7229 1988//7229
f 1988//7230 2391//7230 7885//7230
f 7886//7226 7885//7226 2391//7226
f 2391//7231 2378//7231 7886//7231
f 1996//7232 1998//7232 7879//7232
f 7879//7233 7887//7233 1996//7233
f 1997//7234 1996//7234 7887//7234
f 7887//7235 2396//7235 1997//7235
f 7887//7236 7879//7236 7878//7236
f 7878//7237 7888//7237 7887//7237
f 2396//7233 7887//7233 7888//7233
f 7888//7238 2386//7238 2396//7238
f 7882//7239 7866//7239 7889//7239
f 7889//7239 7886//7239 7882//7239
f 2378//7239 7882//7239 7886//7239
f 7886//7239 7889//7239 7874//7239
f 7884//7240 2386//7240 7888//7240
f 7888//7240 7890//7240 7884//7240
f 7870//7240 7884//7240 7890//7240
f 7890//7240 7888//7240 7878//7240
f 7865//7241 7516//7241 7875//7241
f 7875//7241 7889//7241 7865//7241
f 7866//7241 7865//7241 7889//7241
f 7889//7241 7875//7241 7874//7241
f 7871//7242 7870//7242 7890//7242
f 7890//7242 7877//7242 7871//7242
f 7519//7242 7871//7242 7877//7242
f 7877//7242 7890//7242 7878//7242
f 2279//7243 2282//7243 2665//7243
f 2262//7243 1955//7243 1954//7243
f 2668//7244 2292//7244 2288//7244
f 1959//7244 1958//7244 2268//7244
f 2673//7245 2300//7245 2296//7245
f 1965//7245 1964//7245 2273//7245
f 2303//7246 2306//7246 2680//7246
f 2277//7246 1973//7246 1972//7246
f 1938//7247 1677//7247 6839//7247
f 1951//7247 1955//7247 2263//7247
f 6844//7248 1681//7248 1942//7248
f 2266//7248 1958//7248 1957//7248
f 6849//7249 1685//7249 1946//7249
f 2271//7249 1964//7249 1963//7249
f 1950//7250 1689//7250 6854//7250
f 1969//7250 1973//7250 2278//7250
f 3033//7251 2352//7251 2351//7251
f 7855//7251 1976//7251 1975//7251
f 2356//7252 2358//7252 3036//7252
f 1981//7252 1985//7252 7858//7252
f 2362//7253 2364//7253 3041//7253
f 1987//7253 1991//7253 7861//7253
f 3046//7254 2370//7254 2369//7254
f 7864//7254 1994//7254 1993//7254
f 1956//7243 2279//7243 2665//7243
f 2665//7243 2261//7243 1956//7243
f 2261//7243 2262//7243 1954//7243
f 1954//7243 1956//7243 2261//7243
f 2267//7244 2668//7244 2288//7244
f 2288//7244 1962//7244 2267//7244
f 1962//7244 1959//7244 2268//7244
f 2268//7244 2267//7244 1962//7244
f 2272//7245 2673//7245 2296//7245
f 2296//7245 1968//7245 2272//7245
f 1968//7245 1965//7245 2273//7245
f 2273//7245 2272//7245 1968//7245
f 1974//7246 2303//7246 2680//7246
f 2680//7246 2276//7246 1974//7246
f 2276//7246 2277//7246 1972//7246
f 1972//7246 1974//7246 2276//7246
f 1937//7247 1938//7247 6839//7247
f 6839//7247 1952//7247 1937//7247
f 1952//7247 1951//7247 2263//7247
f 2263//7247 1937//7247 1952//7247
f 1961//7248 6844//7248 1942//7248
f 1942//7248 1941//7248 1961//7248
f 1941//7248 2266//7248 1957//7248
f 1957//7248 1961//7248 1941//7248
f 1967//7249 6849//7249 1946//7249
f 1946//7249 1945//7249 1967//7249
f 1945//7249 2271//7249 1963//7249
f 1963//7249 1967//7249 1945//7249
f 1949//7250 1950//7250 6854//7250
f 6854//7250 1970//7250 1949//7250
f 1970//7250 1969//7250 2278//7250
f 2278//7250 1949//7250 1970//7250
f 2372//7251 3033//7251 2351//7251
f 2351//7251 2350//7251 2372//7251
f 1979//7251 2373//7251 2350//7251
f 2373//7251 2372//7251 2350//7251
f 2350//7255 7855//7255 1975//7255
f 1975//7251 1979//7251 2350//7251
f 2355//7252 2356//7252 3036//7252
f 3036//7252 2380//7252 2355//7252
f 2380//7252 2379//7252 2355//7252
f 2379//7252 1982//7252 2355//7252
f 1982//7256 1981//7256 7858//7256
f 7858//7252 2355//7252 1982//7252
f 2361//7253 2362//7253 3041//7253
f 3041//7253 2388//7253 2361//7253
f 2388//7253 2387//7253 2361//7253
f 2387//7253 1988//7253 2361//7253
f 1988//7257 1987//7257 7861//7257
f 7861//7253 2361//7253 1988//7253
f 2393//7254 3046//7254 2369//7254
f 2369//7254 2368//7254 2393//7254
f 1997//7254 2394//7254 2368//7254
f 2394//7254 2393//7254 2368//7254
f 2368//7258 7864//7258 1993//7258
f 1993//7254 1997//7254 2368//7254
